[0m14:23:35.329784 [debug] [MainThread]: Sending event: {'category': 'dbt', 'action': 'invocation', 'label': 'start', 'context': [<snowplow_tracker.self_describing_json.SelfDescribingJson object at 0x000001EDB8CC3350>, <snowplow_tracker.self_describing_json.SelfDescribingJson object at 0x000001EDBB5EE570>, <snowplow_tracker.self_describing_json.SelfDescribingJson object at 0x000001EDBB683B60>]}


============================== 14:23:35.361124 | 87bd7c62-d8f4-4272-8f1a-931d9378810f ==============================
[0m14:23:35.361124 [info ] [MainThread]: Running with dbt=1.9.0
[0m14:23:35.370164 [debug] [MainThread]: running dbt with arguments {'printer_width': '80', 'indirect_selection': 'eager', 'write_json': 'True', 'log_cache_events': 'False', 'partial_parse': 'True', 'cache_selected_only': 'False', 'profiles_dir': 'C:\\Users\\kashv\\.dbt', 'debug': 'False', 'version_check': 'True', 'log_path': 'C:\\Users\\kashv\\dbt_workspace\\dbt_pg_tutorial\\logs', 'warn_error': 'None', 'fail_fast': 'False', 'use_colors': 'True', 'use_experimental_parser': 'False', 'no_print': 'None', 'quiet': 'False', 'empty': 'False', 'warn_error_options': 'WarnErrorOptions(include=[], exclude=[])', 'invocation_command': 'dbt run -m marts', 'static_parser': 'True', 'introspect': 'True', 'target_path': 'None', 'log_format': 'default', 'send_anonymous_usage_stats': 'True'}
[0m14:23:36.945962 [debug] [MainThread]: Sending event: {'category': 'dbt', 'action': 'project_id', 'label': '87bd7c62-d8f4-4272-8f1a-931d9378810f', 'context': [<snowplow_tracker.self_describing_json.SelfDescribingJson object at 0x000001EDBBC8F4D0>]}
[0m14:23:37.378889 [debug] [MainThread]: Sending event: {'category': 'dbt', 'action': 'adapter_info', 'label': '87bd7c62-d8f4-4272-8f1a-931d9378810f', 'context': [<snowplow_tracker.self_describing_json.SelfDescribingJson object at 0x000001EDBB250080>]}
[0m14:23:37.394852 [info ] [MainThread]: Registered adapter: postgres=1.9.1
[0m14:23:40.197678 [debug] [MainThread]: checksum: c99e828bba267739642b5a3ce85f17518764ea526e0e6c4fdc649171c1a66bff, vars: {}, profile: , target: , version: 1.9.0
[0m14:23:41.744123 [debug] [MainThread]: Partial parsing enabled: 0 files deleted, 0 files added, 0 files changed.
[0m14:23:41.761388 [debug] [MainThread]: Partial parsing enabled, no changes found, skipping parsing
[0m14:23:42.064989 [debug] [MainThread]: Sending event: {'category': 'dbt', 'action': 'load_project', 'label': '87bd7c62-d8f4-4272-8f1a-931d9378810f', 'context': [<snowplow_tracker.self_describing_json.SelfDescribingJson object at 0x000001EDBCEE97C0>]}
[0m14:23:42.774156 [debug] [MainThread]: Wrote artifact WritableManifest to C:\Users\kashv\dbt_workspace\dbt_pg_tutorial\target\manifest.json
[0m14:23:42.914470 [debug] [MainThread]: Wrote artifact SemanticManifest to C:\Users\kashv\dbt_workspace\dbt_pg_tutorial\target\semantic_manifest.json
[0m14:23:43.235438 [debug] [MainThread]: Sending event: {'category': 'dbt', 'action': 'resource_counts', 'label': '87bd7c62-d8f4-4272-8f1a-931d9378810f', 'context': [<snowplow_tracker.self_describing_json.SelfDescribingJson object at 0x000001EDBD1FA4E0>]}
[0m14:23:43.240520 [info ] [MainThread]: Found 6 models, 2 data tests, 3 sources, 434 macros
[0m14:23:43.247380 [debug] [MainThread]: Sending event: {'category': 'dbt', 'action': 'runnable_timing', 'label': '87bd7c62-d8f4-4272-8f1a-931d9378810f', 'context': [<snowplow_tracker.self_describing_json.SelfDescribingJson object at 0x000001EDBCEEBF20>]}
[0m14:23:43.262813 [info ] [MainThread]: 
[0m14:23:43.270749 [info ] [MainThread]: Concurrency: 4 threads (target='dev')
[0m14:23:43.277841 [info ] [MainThread]: 
[0m14:23:43.285813 [debug] [MainThread]: Acquiring new postgres connection 'master'
[0m14:23:43.329350 [debug] [ThreadPool]: Acquiring new postgres connection 'list_dbt_tutorial'
[0m14:23:44.359534 [debug] [ThreadPool]: Using postgres connection "list_dbt_tutorial"
[0m14:23:44.359534 [debug] [ThreadPool]: On list_dbt_tutorial: /* {"app": "dbt", "dbt_version": "1.9.0", "profile_name": "dbt_pg_tutorial", "target_name": "dev", "connection_name": "list_dbt_tutorial"} */

    select distinct nspname from pg_namespace
  
[0m14:23:44.379475 [debug] [ThreadPool]: Opening a new connection, currently in state init
[0m14:23:45.010610 [debug] [ThreadPool]: SQL status: SELECT 12 in 0.631 seconds
[0m14:23:45.021605 [debug] [ThreadPool]: On list_dbt_tutorial: Close
[0m14:23:45.038116 [debug] [ThreadPool]: Acquiring new postgres connection 'list_dbt_tutorial_raw_staging'
[0m14:23:45.046084 [debug] [ThreadPool]: Acquiring new postgres connection 'list_dbt_tutorial_raw_intermediate'
[0m14:23:45.084739 [debug] [ThreadPool]: Acquiring new postgres connection 'list_dbt_tutorial_raw_marts'
[0m14:23:45.097354 [debug] [ThreadPool]: Using postgres connection "list_dbt_tutorial_raw_staging"
[0m14:23:45.110964 [debug] [ThreadPool]: Using postgres connection "list_dbt_tutorial_raw_intermediate"
[0m14:23:45.127572 [debug] [ThreadPool]: Using postgres connection "list_dbt_tutorial_raw_marts"
[0m14:23:45.132600 [debug] [ThreadPool]: On list_dbt_tutorial_raw_staging: BEGIN
[0m14:23:45.137564 [debug] [ThreadPool]: On list_dbt_tutorial_raw_intermediate: BEGIN
[0m14:23:45.142575 [debug] [ThreadPool]: On list_dbt_tutorial_raw_marts: BEGIN
[0m14:23:45.147095 [debug] [ThreadPool]: Opening a new connection, currently in state init
[0m14:23:45.152147 [debug] [ThreadPool]: Opening a new connection, currently in state init
[0m14:23:45.156141 [debug] [ThreadPool]: Opening a new connection, currently in state init
[0m14:23:45.720109 [debug] [ThreadPool]: SQL status: BEGIN in 0.572 seconds
[0m14:23:45.727117 [debug] [ThreadPool]: Using postgres connection "list_dbt_tutorial_raw_staging"
[0m14:23:45.735108 [debug] [ThreadPool]: On list_dbt_tutorial_raw_staging: /* {"app": "dbt", "dbt_version": "1.9.0", "profile_name": "dbt_pg_tutorial", "target_name": "dev", "connection_name": "list_dbt_tutorial_raw_staging"} */
select
      'dbt_tutorial' as database,
      tablename as name,
      schemaname as schema,
      'table' as type
    from pg_tables
    where schemaname ilike 'raw_staging'
    union all
    select
      'dbt_tutorial' as database,
      viewname as name,
      schemaname as schema,
      'view' as type
    from pg_views
    where schemaname ilike 'raw_staging'
    union all
    select
      'dbt_tutorial' as database,
      matviewname as name,
      schemaname as schema,
      'materialized_view' as type
    from pg_matviews
    where schemaname ilike 'raw_staging'
  
[0m14:23:45.767568 [debug] [ThreadPool]: SQL status: SELECT 3 in 0.025 seconds
[0m14:23:45.778257 [debug] [ThreadPool]: On list_dbt_tutorial_raw_staging: ROLLBACK
[0m14:23:45.784310 [debug] [ThreadPool]: On list_dbt_tutorial_raw_staging: Close
[0m14:23:45.826516 [debug] [ThreadPool]: SQL status: BEGIN in 0.674 seconds
[0m14:23:45.832965 [debug] [ThreadPool]: Using postgres connection "list_dbt_tutorial_raw_intermediate"
[0m14:23:45.839020 [debug] [ThreadPool]: On list_dbt_tutorial_raw_intermediate: /* {"app": "dbt", "dbt_version": "1.9.0", "profile_name": "dbt_pg_tutorial", "target_name": "dev", "connection_name": "list_dbt_tutorial_raw_intermediate"} */
select
      'dbt_tutorial' as database,
      tablename as name,
      schemaname as schema,
      'table' as type
    from pg_tables
    where schemaname ilike 'raw_intermediate'
    union all
    select
      'dbt_tutorial' as database,
      viewname as name,
      schemaname as schema,
      'view' as type
    from pg_views
    where schemaname ilike 'raw_intermediate'
    union all
    select
      'dbt_tutorial' as database,
      matviewname as name,
      schemaname as schema,
      'materialized_view' as type
    from pg_matviews
    where schemaname ilike 'raw_intermediate'
  
[0m14:23:45.870444 [debug] [ThreadPool]: SQL status: SELECT 1 in 0.027 seconds
[0m14:23:45.887544 [debug] [ThreadPool]: On list_dbt_tutorial_raw_intermediate: ROLLBACK
[0m14:23:45.894245 [debug] [ThreadPool]: On list_dbt_tutorial_raw_intermediate: Close
[0m14:23:45.896821 [debug] [ThreadPool]: SQL status: BEGIN in 0.740 seconds
[0m14:23:45.907393 [debug] [ThreadPool]: Using postgres connection "list_dbt_tutorial_raw_marts"
[0m14:23:45.912395 [debug] [ThreadPool]: On list_dbt_tutorial_raw_marts: /* {"app": "dbt", "dbt_version": "1.9.0", "profile_name": "dbt_pg_tutorial", "target_name": "dev", "connection_name": "list_dbt_tutorial_raw_marts"} */
select
      'dbt_tutorial' as database,
      tablename as name,
      schemaname as schema,
      'table' as type
    from pg_tables
    where schemaname ilike 'raw_marts'
    union all
    select
      'dbt_tutorial' as database,
      viewname as name,
      schemaname as schema,
      'view' as type
    from pg_views
    where schemaname ilike 'raw_marts'
    union all
    select
      'dbt_tutorial' as database,
      matviewname as name,
      schemaname as schema,
      'materialized_view' as type
    from pg_matviews
    where schemaname ilike 'raw_marts'
  
[0m14:23:45.944014 [debug] [ThreadPool]: SQL status: SELECT 0 in 0.027 seconds
[0m14:23:45.955014 [debug] [ThreadPool]: On list_dbt_tutorial_raw_marts: ROLLBACK
[0m14:23:45.966168 [debug] [ThreadPool]: On list_dbt_tutorial_raw_marts: Close
[0m14:23:46.001266 [debug] [MainThread]: Using postgres connection "master"
[0m14:23:46.009687 [debug] [MainThread]: On master: BEGIN
[0m14:23:46.013718 [debug] [MainThread]: Opening a new connection, currently in state init
[0m14:23:46.527313 [debug] [MainThread]: SQL status: BEGIN in 0.513 seconds
[0m14:23:46.532319 [debug] [MainThread]: Using postgres connection "master"
[0m14:23:46.538320 [debug] [MainThread]: On master: /* {"app": "dbt", "dbt_version": "1.9.0", "profile_name": "dbt_pg_tutorial", "target_name": "dev", "connection_name": "master"} */
select distinct
        dependent_namespace.nspname as dependent_schema,
        dependent_class.relname as dependent_name,
        referenced_namespace.nspname as referenced_schema,
        referenced_class.relname as referenced_name

    -- Query for views: views are entries in pg_class with an entry in pg_rewrite, but we avoid
    -- a seq scan on pg_rewrite by leveraging the fact there is an "internal" row in pg_depend for
    -- the view...
    from pg_class as dependent_class
    join pg_namespace as dependent_namespace on dependent_namespace.oid = dependent_class.relnamespace
    join pg_depend as dependent_depend on dependent_depend.refobjid = dependent_class.oid
        and dependent_depend.classid = 'pg_rewrite'::regclass
        and dependent_depend.refclassid = 'pg_class'::regclass
        and dependent_depend.deptype = 'i'

    -- ... and via pg_depend (that has a row per column, hence the need for "distinct" above, and
    -- making sure to exclude the internal row to avoid a view appearing to depend on itself)...
    join pg_depend as joining_depend on joining_depend.objid = dependent_depend.objid
        and joining_depend.classid = 'pg_rewrite'::regclass
        and joining_depend.refclassid = 'pg_class'::regclass
        and joining_depend.refobjid != dependent_depend.refobjid

    -- ... we can find the tables they query from in pg_class, but excluding system tables. Note we
    -- don't need need to exclude _dependent_ system tables, because they only query from other
    -- system tables, and so are automatically excluded by excluding _referenced_ system tables
    join pg_class as referenced_class on referenced_class.oid = joining_depend.refobjid
    join pg_namespace as referenced_namespace on referenced_namespace.oid = referenced_class.relnamespace
        and referenced_namespace.nspname != 'information_schema'
        and referenced_namespace.nspname not like 'pg\_%'

    order by
        dependent_schema, dependent_name, referenced_schema, referenced_name;
[0m14:23:46.577143 [debug] [MainThread]: SQL status: SELECT 15 in 0.034 seconds
[0m14:23:46.594217 [debug] [MainThread]: Sending event: {'category': 'dbt', 'action': 'runnable_timing', 'label': '87bd7c62-d8f4-4272-8f1a-931d9378810f', 'context': [<snowplow_tracker.self_describing_json.SelfDescribingJson object at 0x000001EDBD517B00>]}
[0m14:23:46.599768 [debug] [MainThread]: On master: ROLLBACK
[0m14:23:46.605768 [debug] [MainThread]: Using postgres connection "master"
[0m14:23:46.610766 [debug] [MainThread]: On master: BEGIN
[0m14:23:46.617765 [debug] [MainThread]: SQL status: BEGIN in 0.003 seconds
[0m14:23:46.622764 [debug] [MainThread]: On master: COMMIT
[0m14:23:46.627768 [debug] [MainThread]: Using postgres connection "master"
[0m14:23:46.631770 [debug] [MainThread]: On master: COMMIT
[0m14:23:46.638762 [debug] [MainThread]: SQL status: COMMIT in 0.001 seconds
[0m14:23:46.642773 [debug] [MainThread]: On master: Close
[0m14:23:46.668770 [debug] [Thread-1 (]: Began running node model.dbt_pg_tutorial.dim_customers
[0m14:23:46.672832 [debug] [Thread-2 (]: Began running node model.dbt_pg_tutorial.fct_orders
[0m14:23:46.678767 [info ] [Thread-1 (]: 1 of 2 START sql table model raw_marts.dim_customers ........................... [RUN]
[0m14:23:46.686815 [info ] [Thread-2 (]: 2 of 2 START sql table model raw_marts.fct_orders .............................. [RUN]
[0m14:23:46.695242 [debug] [Thread-1 (]: Acquiring new postgres connection 'model.dbt_pg_tutorial.dim_customers'
[0m14:23:46.702809 [debug] [Thread-2 (]: Acquiring new postgres connection 'model.dbt_pg_tutorial.fct_orders'
[0m14:23:46.708890 [debug] [Thread-1 (]: Began compiling node model.dbt_pg_tutorial.dim_customers
[0m14:23:46.714870 [debug] [Thread-2 (]: Began compiling node model.dbt_pg_tutorial.fct_orders
[0m14:23:46.773167 [debug] [Thread-1 (]: Writing injected SQL for node "model.dbt_pg_tutorial.dim_customers"
[0m14:23:46.794198 [debug] [Thread-2 (]: Writing injected SQL for node "model.dbt_pg_tutorial.fct_orders"
[0m14:23:46.867058 [debug] [Thread-1 (]: Began executing node model.dbt_pg_tutorial.dim_customers
[0m14:23:46.872680 [debug] [Thread-2 (]: Began executing node model.dbt_pg_tutorial.fct_orders
[0m14:23:47.351542 [debug] [Thread-1 (]: Writing runtime sql for node "model.dbt_pg_tutorial.dim_customers"
[0m14:23:47.356356 [debug] [Thread-2 (]: Writing runtime sql for node "model.dbt_pg_tutorial.fct_orders"
[0m14:23:47.415299 [debug] [Thread-1 (]: Using postgres connection "model.dbt_pg_tutorial.dim_customers"
[0m14:23:47.419225 [debug] [Thread-2 (]: Using postgres connection "model.dbt_pg_tutorial.fct_orders"
[0m14:23:47.424552 [debug] [Thread-1 (]: On model.dbt_pg_tutorial.dim_customers: BEGIN
[0m14:23:47.430986 [debug] [Thread-2 (]: On model.dbt_pg_tutorial.fct_orders: BEGIN
[0m14:23:47.436867 [debug] [Thread-1 (]: Opening a new connection, currently in state init
[0m14:23:47.441347 [debug] [Thread-2 (]: Opening a new connection, currently in state init
[0m14:23:47.962466 [debug] [Thread-1 (]: SQL status: BEGIN in 0.526 seconds
[0m14:23:47.968471 [debug] [Thread-1 (]: Using postgres connection "model.dbt_pg_tutorial.dim_customers"
[0m14:23:47.973358 [debug] [Thread-1 (]: On model.dbt_pg_tutorial.dim_customers: /* {"app": "dbt", "dbt_version": "1.9.0", "profile_name": "dbt_pg_tutorial", "target_name": "dev", "node_id": "model.dbt_pg_tutorial.dim_customers"} */

  
    

  create  table "dbt_tutorial"."raw_marts"."dim_customers__dbt_tmp"
  
  
    as
  
  (
    

select
    c.customer_id,
    initcap(c.first_name) as first_name,
    initcap(c.last_name)  as last_name,
    c.email,
    c.created_at
from "dbt_tutorial"."raw_staging"."stg_customers" c
  );
  
[0m14:23:47.989494 [debug] [Thread-1 (]: Postgres adapter: Postgres error: permission denied for table customers

[0m14:23:47.994406 [debug] [Thread-1 (]: On model.dbt_pg_tutorial.dim_customers: ROLLBACK
[0m14:23:48.001040 [debug] [Thread-1 (]: On model.dbt_pg_tutorial.dim_customers: Close
[0m14:23:48.021464 [debug] [Thread-2 (]: SQL status: BEGIN in 0.580 seconds
[0m14:23:48.027561 [debug] [Thread-2 (]: Using postgres connection "model.dbt_pg_tutorial.fct_orders"
[0m14:23:48.036570 [debug] [Thread-2 (]: On model.dbt_pg_tutorial.fct_orders: /* {"app": "dbt", "dbt_version": "1.9.0", "profile_name": "dbt_pg_tutorial", "target_name": "dev", "node_id": "model.dbt_pg_tutorial.fct_orders"} */

  
    

  create  table "dbt_tutorial"."raw_marts"."fct_orders__dbt_tmp"
  
  
    as
  
  (
    

select
    i.order_id,
    i.customer_id,
    i.order_timestamp,
    i.status,
    i.total_amount,
    i.total_paid,
    i.payment_count,
    i.outstanding_amount,
    case
        when i.outstanding_amount = 0 and i.total_amount > 0 then true
        else false
    end as is_fully_paid
from "dbt_tutorial"."raw_intermediate"."int_order_payments" i
  );
  
[0m14:23:48.065465 [debug] [Thread-2 (]: Postgres adapter: Postgres error: permission denied for table orders

[0m14:23:48.070481 [debug] [Thread-2 (]: On model.dbt_pg_tutorial.fct_orders: ROLLBACK
[0m14:23:48.078959 [debug] [Thread-2 (]: On model.dbt_pg_tutorial.fct_orders: Close
[0m14:23:48.122500 [debug] [Thread-1 (]: Database Error in model dim_customers (models\marts\dim_customers.sql)
  permission denied for table customers
  compiled code at target\run\dbt_pg_tutorial\models\marts\dim_customers.sql
[0m14:23:48.133469 [debug] [Thread-2 (]: Database Error in model fct_orders (models\marts\fct_orders.sql)
  permission denied for table orders
  compiled code at target\run\dbt_pg_tutorial\models\marts\fct_orders.sql
[0m14:23:48.151469 [debug] [Thread-1 (]: Sending event: {'category': 'dbt', 'action': 'run_model', 'label': '87bd7c62-d8f4-4272-8f1a-931d9378810f', 'context': [<snowplow_tracker.self_describing_json.SelfDescribingJson object at 0x000001EDBCEC70E0>]}
[0m14:23:48.154469 [debug] [Thread-2 (]: Sending event: {'category': 'dbt', 'action': 'run_model', 'label': '87bd7c62-d8f4-4272-8f1a-931d9378810f', 'context': [<snowplow_tracker.self_describing_json.SelfDescribingJson object at 0x000001EDBD7FD9A0>]}
[0m14:23:48.160464 [error] [Thread-1 (]: 1 of 2 ERROR creating sql table model raw_marts.dim_customers .................. [[31mERROR[0m in 1.44s]
[0m14:23:48.168465 [error] [Thread-2 (]: 2 of 2 ERROR creating sql table model raw_marts.fct_orders ..................... [[31mERROR[0m in 1.45s]
[0m14:23:48.176812 [debug] [Thread-1 (]: Finished running node model.dbt_pg_tutorial.dim_customers
[0m14:23:48.183846 [debug] [Thread-2 (]: Finished running node model.dbt_pg_tutorial.fct_orders
[0m14:23:48.191851 [debug] [Thread-7 (]: Marking all children of 'model.dbt_pg_tutorial.dim_customers' to be skipped because of status 'error'.  Reason: Database Error in model dim_customers (models\marts\dim_customers.sql)
  permission denied for table customers
  compiled code at target\run\dbt_pg_tutorial\models\marts\dim_customers.sql.
[0m14:23:48.205158 [debug] [Thread-7 (]: Marking all children of 'model.dbt_pg_tutorial.fct_orders' to be skipped because of status 'error'.  Reason: Database Error in model fct_orders (models\marts\fct_orders.sql)
  permission denied for table orders
  compiled code at target\run\dbt_pg_tutorial\models\marts\fct_orders.sql.
[0m14:23:48.218153 [debug] [MainThread]: Using postgres connection "master"
[0m14:23:48.223165 [debug] [MainThread]: On master: BEGIN
[0m14:23:48.227154 [debug] [MainThread]: Opening a new connection, currently in state closed
[0m14:23:48.719468 [debug] [MainThread]: SQL status: BEGIN in 0.492 seconds
[0m14:23:48.719468 [debug] [MainThread]: On master: COMMIT
[0m14:23:48.729092 [debug] [MainThread]: Using postgres connection "master"
[0m14:23:48.731943 [debug] [MainThread]: On master: COMMIT
[0m14:23:48.738753 [debug] [MainThread]: SQL status: COMMIT in 0.001 seconds
[0m14:23:48.740801 [debug] [MainThread]: On master: Close
[0m14:23:48.747580 [debug] [MainThread]: Connection 'master' was properly closed.
[0m14:23:48.752429 [debug] [MainThread]: Connection 'list_dbt_tutorial' was properly closed.
[0m14:23:48.755741 [debug] [MainThread]: Connection 'list_dbt_tutorial_raw_staging' was properly closed.
[0m14:23:48.761389 [debug] [MainThread]: Connection 'list_dbt_tutorial_raw_intermediate' was properly closed.
[0m14:23:48.765532 [debug] [MainThread]: Connection 'list_dbt_tutorial_raw_marts' was properly closed.
[0m14:23:48.767330 [debug] [MainThread]: Connection 'model.dbt_pg_tutorial.dim_customers' was properly closed.
[0m14:23:48.767330 [debug] [MainThread]: Connection 'model.dbt_pg_tutorial.fct_orders' was properly closed.
[0m14:23:48.782298 [info ] [MainThread]: 
[0m14:23:48.788850 [info ] [MainThread]: Finished running 2 table models in 0 hours 0 minutes and 5.50 seconds (5.50s).
[0m14:23:48.800425 [debug] [MainThread]: Command end result
[0m14:23:49.056905 [debug] [MainThread]: Wrote artifact WritableManifest to C:\Users\kashv\dbt_workspace\dbt_pg_tutorial\target\manifest.json
[0m14:23:49.095002 [debug] [MainThread]: Wrote artifact SemanticManifest to C:\Users\kashv\dbt_workspace\dbt_pg_tutorial\target\semantic_manifest.json
[0m14:23:49.157231 [debug] [MainThread]: Wrote artifact RunExecutionResult to C:\Users\kashv\dbt_workspace\dbt_pg_tutorial\target\run_results.json
[0m14:23:49.161300 [info ] [MainThread]: 
[0m14:23:49.167156 [info ] [MainThread]: [31mCompleted with 2 errors, 0 partial successes, and 0 warnings:[0m
[0m14:23:49.167156 [info ] [MainThread]: 
[0m14:23:49.182884 [error] [MainThread]:   Database Error in model dim_customers (models\marts\dim_customers.sql)
  permission denied for table customers
  compiled code at target\run\dbt_pg_tutorial\models\marts\dim_customers.sql
[0m14:23:49.187724 [info ] [MainThread]: 
[0m14:23:49.198461 [error] [MainThread]:   Database Error in model fct_orders (models\marts\fct_orders.sql)
  permission denied for table orders
  compiled code at target\run\dbt_pg_tutorial\models\marts\fct_orders.sql
[0m14:23:49.204475 [info ] [MainThread]: 
[0m14:23:49.212421 [info ] [MainThread]: Done. PASS=0 WARN=0 ERROR=2 SKIP=0 TOTAL=2
[0m14:23:49.224397 [debug] [MainThread]: Command `dbt run` failed at 14:23:49.222359 after 15.10 seconds
[0m14:23:49.230170 [debug] [MainThread]: Sending event: {'category': 'dbt', 'action': 'invocation', 'label': 'end', 'context': [<snowplow_tracker.self_describing_json.SelfDescribingJson object at 0x000001EDBB943200>, <snowplow_tracker.self_describing_json.SelfDescribingJson object at 0x000001EDBBA7FC20>, <snowplow_tracker.self_describing_json.SelfDescribingJson object at 0x000001EDB8BB3FB0>]}
[0m14:23:49.234253 [debug] [MainThread]: Flushing usage events
[0m14:23:49.244230 [debug] [MainThread]: An error was encountered while trying to flush usage events
[0m14:31:25.158544 [debug] [MainThread]: Sending event: {'category': 'dbt', 'action': 'invocation', 'label': 'start', 'context': [<snowplow_tracker.self_describing_json.SelfDescribingJson object at 0x000001213E26B560>, <snowplow_tracker.self_describing_json.SelfDescribingJson object at 0x000001213E22D640>, <snowplow_tracker.self_describing_json.SelfDescribingJson object at 0x000001213E26B530>]}


============================== 14:31:25.191949 | 7f9ae40d-763f-4d2c-ac56-ef0d586b4f81 ==============================
[0m14:31:25.191949 [info ] [MainThread]: Running with dbt=1.9.0
[0m14:31:25.200929 [debug] [MainThread]: running dbt with arguments {'printer_width': '80', 'indirect_selection': 'eager', 'write_json': 'True', 'log_cache_events': 'False', 'partial_parse': 'True', 'cache_selected_only': 'False', 'warn_error': 'None', 'version_check': 'True', 'fail_fast': 'False', 'log_path': 'C:\\Users\\kashv\\dbt_workspace\\dbt_pg_tutorial\\logs', 'debug': 'False', 'profiles_dir': 'C:\\Users\\kashv\\.dbt', 'use_colors': 'True', 'use_experimental_parser': 'False', 'empty': 'False', 'quiet': 'False', 'no_print': 'None', 'warn_error_options': 'WarnErrorOptions(include=[], exclude=[])', 'introspect': 'True', 'invocation_command': 'dbt run -m marts', 'log_format': 'default', 'target_path': 'None', 'static_parser': 'True', 'send_anonymous_usage_stats': 'True'}
[0m14:31:26.934088 [debug] [MainThread]: Sending event: {'category': 'dbt', 'action': 'project_id', 'label': '7f9ae40d-763f-4d2c-ac56-ef0d586b4f81', 'context': [<snowplow_tracker.self_describing_json.SelfDescribingJson object at 0x000001213E711130>]}
[0m14:31:27.405266 [debug] [MainThread]: Sending event: {'category': 'dbt', 'action': 'adapter_info', 'label': '7f9ae40d-763f-4d2c-ac56-ef0d586b4f81', 'context': [<snowplow_tracker.self_describing_json.SelfDescribingJson object at 0x000001213E33C560>]}
[0m14:31:27.417857 [info ] [MainThread]: Registered adapter: postgres=1.9.1
[0m14:31:31.543627 [debug] [MainThread]: checksum: c99e828bba267739642b5a3ce85f17518764ea526e0e6c4fdc649171c1a66bff, vars: {}, profile: , target: , version: 1.9.0
[0m14:31:33.465463 [debug] [MainThread]: Partial parsing enabled: 0 files deleted, 0 files added, 0 files changed.
[0m14:31:33.470474 [debug] [MainThread]: Partial parsing enabled, no changes found, skipping parsing
[0m14:31:33.823129 [debug] [MainThread]: Sending event: {'category': 'dbt', 'action': 'load_project', 'label': '7f9ae40d-763f-4d2c-ac56-ef0d586b4f81', 'context': [<snowplow_tracker.self_describing_json.SelfDescribingJson object at 0x000001213E9B91F0>]}
[0m14:31:34.576090 [debug] [MainThread]: Wrote artifact WritableManifest to C:\Users\kashv\dbt_workspace\dbt_pg_tutorial\target\manifest.json
[0m14:31:34.735230 [debug] [MainThread]: Wrote artifact SemanticManifest to C:\Users\kashv\dbt_workspace\dbt_pg_tutorial\target\semantic_manifest.json
[0m14:31:35.138683 [debug] [MainThread]: Sending event: {'category': 'dbt', 'action': 'resource_counts', 'label': '7f9ae40d-763f-4d2c-ac56-ef0d586b4f81', 'context': [<snowplow_tracker.self_describing_json.SelfDescribingJson object at 0x000001213FCD2000>]}
[0m14:31:35.143322 [info ] [MainThread]: Found 6 models, 2 data tests, 3 sources, 434 macros
[0m14:31:35.158581 [debug] [MainThread]: Sending event: {'category': 'dbt', 'action': 'runnable_timing', 'label': '7f9ae40d-763f-4d2c-ac56-ef0d586b4f81', 'context': [<snowplow_tracker.self_describing_json.SelfDescribingJson object at 0x000001213E999AC0>]}
[0m14:31:35.176824 [info ] [MainThread]: 
[0m14:31:35.184959 [info ] [MainThread]: Concurrency: 4 threads (target='dev')
[0m14:31:35.192366 [info ] [MainThread]: 
[0m14:31:35.198685 [debug] [MainThread]: Acquiring new postgres connection 'master'
[0m14:31:35.234753 [debug] [ThreadPool]: Acquiring new postgres connection 'list_dbt_tutorial'
[0m14:31:36.496898 [debug] [ThreadPool]: Using postgres connection "list_dbt_tutorial"
[0m14:31:36.496898 [debug] [ThreadPool]: On list_dbt_tutorial: /* {"app": "dbt", "dbt_version": "1.9.0", "profile_name": "dbt_pg_tutorial", "target_name": "dev", "connection_name": "list_dbt_tutorial"} */

    select distinct nspname from pg_namespace
  
[0m14:31:36.513579 [debug] [ThreadPool]: Opening a new connection, currently in state init
[0m14:31:37.184061 [debug] [ThreadPool]: SQL status: SELECT 12 in 0.674 seconds
[0m14:31:37.196844 [debug] [ThreadPool]: On list_dbt_tutorial: Close
[0m14:31:37.209265 [debug] [ThreadPool]: Acquiring new postgres connection 'list_dbt_tutorial_raw_staging'
[0m14:31:37.224329 [debug] [ThreadPool]: Acquiring new postgres connection 'list_dbt_tutorial_raw_intermediate'
[0m14:31:37.226366 [debug] [ThreadPool]: Acquiring new postgres connection 'list_dbt_tutorial_raw_marts'
[0m14:31:37.275587 [debug] [ThreadPool]: Using postgres connection "list_dbt_tutorial_raw_staging"
[0m14:31:37.292707 [debug] [ThreadPool]: Using postgres connection "list_dbt_tutorial_raw_intermediate"
[0m14:31:37.312982 [debug] [ThreadPool]: Using postgres connection "list_dbt_tutorial_raw_marts"
[0m14:31:37.318009 [debug] [ThreadPool]: On list_dbt_tutorial_raw_staging: BEGIN
[0m14:31:37.323012 [debug] [ThreadPool]: On list_dbt_tutorial_raw_intermediate: BEGIN
[0m14:31:37.328002 [debug] [ThreadPool]: On list_dbt_tutorial_raw_marts: BEGIN
[0m14:31:37.334008 [debug] [ThreadPool]: Opening a new connection, currently in state init
[0m14:31:37.338003 [debug] [ThreadPool]: Opening a new connection, currently in state init
[0m14:31:37.343003 [debug] [ThreadPool]: Opening a new connection, currently in state init
[0m14:31:37.937158 [debug] [ThreadPool]: SQL status: BEGIN in 0.604 seconds
[0m14:31:37.942162 [debug] [ThreadPool]: Using postgres connection "list_dbt_tutorial_raw_staging"
[0m14:31:37.948163 [debug] [ThreadPool]: On list_dbt_tutorial_raw_staging: /* {"app": "dbt", "dbt_version": "1.9.0", "profile_name": "dbt_pg_tutorial", "target_name": "dev", "connection_name": "list_dbt_tutorial_raw_staging"} */
select
      'dbt_tutorial' as database,
      tablename as name,
      schemaname as schema,
      'table' as type
    from pg_tables
    where schemaname ilike 'raw_staging'
    union all
    select
      'dbt_tutorial' as database,
      viewname as name,
      schemaname as schema,
      'view' as type
    from pg_views
    where schemaname ilike 'raw_staging'
    union all
    select
      'dbt_tutorial' as database,
      matviewname as name,
      schemaname as schema,
      'materialized_view' as type
    from pg_matviews
    where schemaname ilike 'raw_staging'
  
[0m14:31:37.987211 [debug] [ThreadPool]: SQL status: SELECT 3 in 0.034 seconds
[0m14:31:38.001823 [debug] [ThreadPool]: On list_dbt_tutorial_raw_staging: ROLLBACK
[0m14:31:38.009825 [debug] [ThreadPool]: On list_dbt_tutorial_raw_staging: Close
[0m14:31:38.133500 [debug] [ThreadPool]: SQL status: BEGIN in 0.795 seconds
[0m14:31:38.140445 [debug] [ThreadPool]: Using postgres connection "list_dbt_tutorial_raw_intermediate"
[0m14:31:38.148470 [debug] [ThreadPool]: On list_dbt_tutorial_raw_intermediate: /* {"app": "dbt", "dbt_version": "1.9.0", "profile_name": "dbt_pg_tutorial", "target_name": "dev", "connection_name": "list_dbt_tutorial_raw_intermediate"} */
select
      'dbt_tutorial' as database,
      tablename as name,
      schemaname as schema,
      'table' as type
    from pg_tables
    where schemaname ilike 'raw_intermediate'
    union all
    select
      'dbt_tutorial' as database,
      viewname as name,
      schemaname as schema,
      'view' as type
    from pg_views
    where schemaname ilike 'raw_intermediate'
    union all
    select
      'dbt_tutorial' as database,
      matviewname as name,
      schemaname as schema,
      'materialized_view' as type
    from pg_matviews
    where schemaname ilike 'raw_intermediate'
  
[0m14:31:38.154440 [debug] [ThreadPool]: SQL status: BEGIN in 0.810 seconds
[0m14:31:38.161490 [debug] [ThreadPool]: Using postgres connection "list_dbt_tutorial_raw_marts"
[0m14:31:38.168477 [debug] [ThreadPool]: On list_dbt_tutorial_raw_marts: /* {"app": "dbt", "dbt_version": "1.9.0", "profile_name": "dbt_pg_tutorial", "target_name": "dev", "connection_name": "list_dbt_tutorial_raw_marts"} */
select
      'dbt_tutorial' as database,
      tablename as name,
      schemaname as schema,
      'table' as type
    from pg_tables
    where schemaname ilike 'raw_marts'
    union all
    select
      'dbt_tutorial' as database,
      viewname as name,
      schemaname as schema,
      'view' as type
    from pg_views
    where schemaname ilike 'raw_marts'
    union all
    select
      'dbt_tutorial' as database,
      matviewname as name,
      schemaname as schema,
      'materialized_view' as type
    from pg_matviews
    where schemaname ilike 'raw_marts'
  
[0m14:31:38.192914 [debug] [ThreadPool]: SQL status: SELECT 1 in 0.035 seconds
[0m14:31:38.205489 [debug] [ThreadPool]: On list_dbt_tutorial_raw_intermediate: ROLLBACK
[0m14:31:38.213489 [debug] [ThreadPool]: On list_dbt_tutorial_raw_intermediate: Close
[0m14:31:38.218543 [debug] [ThreadPool]: SQL status: SELECT 0 in 0.044 seconds
[0m14:31:38.235545 [debug] [ThreadPool]: On list_dbt_tutorial_raw_marts: ROLLBACK
[0m14:31:38.245155 [debug] [ThreadPool]: On list_dbt_tutorial_raw_marts: Close
[0m14:31:38.284289 [debug] [MainThread]: Using postgres connection "master"
[0m14:31:38.289281 [debug] [MainThread]: On master: BEGIN
[0m14:31:38.294282 [debug] [MainThread]: Opening a new connection, currently in state init
[0m14:31:38.860771 [debug] [MainThread]: SQL status: BEGIN in 0.567 seconds
[0m14:31:38.865770 [debug] [MainThread]: Using postgres connection "master"
[0m14:31:38.871769 [debug] [MainThread]: On master: /* {"app": "dbt", "dbt_version": "1.9.0", "profile_name": "dbt_pg_tutorial", "target_name": "dev", "connection_name": "master"} */
select distinct
        dependent_namespace.nspname as dependent_schema,
        dependent_class.relname as dependent_name,
        referenced_namespace.nspname as referenced_schema,
        referenced_class.relname as referenced_name

    -- Query for views: views are entries in pg_class with an entry in pg_rewrite, but we avoid
    -- a seq scan on pg_rewrite by leveraging the fact there is an "internal" row in pg_depend for
    -- the view...
    from pg_class as dependent_class
    join pg_namespace as dependent_namespace on dependent_namespace.oid = dependent_class.relnamespace
    join pg_depend as dependent_depend on dependent_depend.refobjid = dependent_class.oid
        and dependent_depend.classid = 'pg_rewrite'::regclass
        and dependent_depend.refclassid = 'pg_class'::regclass
        and dependent_depend.deptype = 'i'

    -- ... and via pg_depend (that has a row per column, hence the need for "distinct" above, and
    -- making sure to exclude the internal row to avoid a view appearing to depend on itself)...
    join pg_depend as joining_depend on joining_depend.objid = dependent_depend.objid
        and joining_depend.classid = 'pg_rewrite'::regclass
        and joining_depend.refclassid = 'pg_class'::regclass
        and joining_depend.refobjid != dependent_depend.refobjid

    -- ... we can find the tables they query from in pg_class, but excluding system tables. Note we
    -- don't need need to exclude _dependent_ system tables, because they only query from other
    -- system tables, and so are automatically excluded by excluding _referenced_ system tables
    join pg_class as referenced_class on referenced_class.oid = joining_depend.refobjid
    join pg_namespace as referenced_namespace on referenced_namespace.oid = referenced_class.relnamespace
        and referenced_namespace.nspname != 'information_schema'
        and referenced_namespace.nspname not like 'pg\_%'

    order by
        dependent_schema, dependent_name, referenced_schema, referenced_name;
[0m14:31:38.907045 [debug] [MainThread]: SQL status: SELECT 15 in 0.030 seconds
[0m14:31:38.922030 [debug] [MainThread]: Sending event: {'category': 'dbt', 'action': 'runnable_timing', 'label': '7f9ae40d-763f-4d2c-ac56-ef0d586b4f81', 'context': [<snowplow_tracker.self_describing_json.SelfDescribingJson object at 0x000001213B8BA150>]}
[0m14:31:38.928620 [debug] [MainThread]: On master: ROLLBACK
[0m14:31:38.934618 [debug] [MainThread]: Using postgres connection "master"
[0m14:31:38.939620 [debug] [MainThread]: On master: BEGIN
[0m14:31:38.946618 [debug] [MainThread]: SQL status: BEGIN in 0.003 seconds
[0m14:31:38.951619 [debug] [MainThread]: On master: COMMIT
[0m14:31:38.956619 [debug] [MainThread]: Using postgres connection "master"
[0m14:31:38.961627 [debug] [MainThread]: On master: COMMIT
[0m14:31:38.968614 [debug] [MainThread]: SQL status: COMMIT in 0.002 seconds
[0m14:31:38.972618 [debug] [MainThread]: On master: Close
[0m14:31:39.001855 [debug] [Thread-1 (]: Began running node model.dbt_pg_tutorial.dim_customers
[0m14:31:39.005858 [debug] [Thread-2 (]: Began running node model.dbt_pg_tutorial.fct_orders
[0m14:31:39.012451 [info ] [Thread-1 (]: 1 of 2 START sql table model raw_marts.dim_customers ........................... [RUN]
[0m14:31:39.021107 [info ] [Thread-2 (]: 2 of 2 START sql table model raw_marts.fct_orders .............................. [RUN]
[0m14:31:39.029161 [debug] [Thread-1 (]: Acquiring new postgres connection 'model.dbt_pg_tutorial.dim_customers'
[0m14:31:39.036733 [debug] [Thread-2 (]: Acquiring new postgres connection 'model.dbt_pg_tutorial.fct_orders'
[0m14:31:39.044763 [debug] [Thread-1 (]: Began compiling node model.dbt_pg_tutorial.dim_customers
[0m14:31:39.050928 [debug] [Thread-2 (]: Began compiling node model.dbt_pg_tutorial.fct_orders
[0m14:31:39.125410 [debug] [Thread-1 (]: Writing injected SQL for node "model.dbt_pg_tutorial.dim_customers"
[0m14:31:39.155394 [debug] [Thread-2 (]: Writing injected SQL for node "model.dbt_pg_tutorial.fct_orders"
[0m14:31:39.241041 [debug] [Thread-1 (]: Began executing node model.dbt_pg_tutorial.dim_customers
[0m14:31:39.263027 [debug] [Thread-2 (]: Began executing node model.dbt_pg_tutorial.fct_orders
[0m14:31:39.800886 [debug] [Thread-1 (]: Writing runtime sql for node "model.dbt_pg_tutorial.dim_customers"
[0m14:31:39.805116 [debug] [Thread-2 (]: Writing runtime sql for node "model.dbt_pg_tutorial.fct_orders"
[0m14:31:39.869503 [debug] [Thread-1 (]: Using postgres connection "model.dbt_pg_tutorial.dim_customers"
[0m14:31:39.873501 [debug] [Thread-2 (]: Using postgres connection "model.dbt_pg_tutorial.fct_orders"
[0m14:31:39.877502 [debug] [Thread-1 (]: On model.dbt_pg_tutorial.dim_customers: BEGIN
[0m14:31:39.882505 [debug] [Thread-2 (]: On model.dbt_pg_tutorial.fct_orders: BEGIN
[0m14:31:39.888568 [debug] [Thread-1 (]: Opening a new connection, currently in state init
[0m14:31:39.894559 [debug] [Thread-2 (]: Opening a new connection, currently in state init
[0m14:31:40.508098 [debug] [Thread-1 (]: SQL status: BEGIN in 0.620 seconds
[0m14:31:40.515083 [debug] [Thread-1 (]: Using postgres connection "model.dbt_pg_tutorial.dim_customers"
[0m14:31:40.520100 [debug] [Thread-1 (]: On model.dbt_pg_tutorial.dim_customers: /* {"app": "dbt", "dbt_version": "1.9.0", "profile_name": "dbt_pg_tutorial", "target_name": "dev", "node_id": "model.dbt_pg_tutorial.dim_customers"} */

  
    

  create  table "dbt_tutorial"."raw_marts"."dim_customers__dbt_tmp"
  
  
    as
  
  (
    

select
    c.customer_id,
    initcap(c.first_name) as first_name,
    initcap(c.last_name)  as last_name,
    c.email,
    c.created_at
from "dbt_tutorial"."raw_staging"."stg_customers" c
  );
  
[0m14:31:40.538097 [debug] [Thread-1 (]: Postgres adapter: Postgres error: permission denied for table customers

[0m14:31:40.547096 [debug] [Thread-1 (]: On model.dbt_pg_tutorial.dim_customers: ROLLBACK
[0m14:31:40.557122 [debug] [Thread-1 (]: On model.dbt_pg_tutorial.dim_customers: Close
[0m14:31:40.611620 [debug] [Thread-2 (]: SQL status: BEGIN in 0.717 seconds
[0m14:31:40.620623 [debug] [Thread-2 (]: Using postgres connection "model.dbt_pg_tutorial.fct_orders"
[0m14:31:40.629630 [debug] [Thread-2 (]: On model.dbt_pg_tutorial.fct_orders: /* {"app": "dbt", "dbt_version": "1.9.0", "profile_name": "dbt_pg_tutorial", "target_name": "dev", "node_id": "model.dbt_pg_tutorial.fct_orders"} */

  
    

  create  table "dbt_tutorial"."raw_marts"."fct_orders__dbt_tmp"
  
  
    as
  
  (
    

select
    i.order_id,
    i.customer_id,
    i.order_timestamp,
    i.status,
    i.total_amount,
    i.total_paid,
    i.payment_count,
    i.outstanding_amount,
    case
        when i.outstanding_amount = 0 and i.total_amount > 0 then true
        else false
    end as is_fully_paid
from "dbt_tutorial"."raw_intermediate"."int_order_payments" i
  );
  
[0m14:31:40.666640 [debug] [Thread-2 (]: Postgres adapter: Postgres error: permission denied for table orders

[0m14:31:40.675636 [debug] [Thread-2 (]: On model.dbt_pg_tutorial.fct_orders: ROLLBACK
[0m14:31:40.689629 [debug] [Thread-1 (]: Database Error in model dim_customers (models\marts\dim_customers.sql)
  permission denied for table customers
  compiled code at target\run\dbt_pg_tutorial\models\marts\dim_customers.sql
[0m14:31:40.699676 [debug] [Thread-2 (]: On model.dbt_pg_tutorial.fct_orders: Close
[0m14:31:40.731627 [debug] [Thread-1 (]: Sending event: {'category': 'dbt', 'action': 'run_model', 'label': '7f9ae40d-763f-4d2c-ac56-ef0d586b4f81', 'context': [<snowplow_tracker.self_describing_json.SelfDescribingJson object at 0x0000012140294920>]}
[0m14:31:40.742663 [error] [Thread-1 (]: 1 of 2 ERROR creating sql table model raw_marts.dim_customers .................. [[31mERROR[0m in 1.68s]
[0m14:31:40.753669 [debug] [Thread-1 (]: Finished running node model.dbt_pg_tutorial.dim_customers
[0m14:31:40.765703 [debug] [Thread-2 (]: Database Error in model fct_orders (models\marts\fct_orders.sql)
  permission denied for table orders
  compiled code at target\run\dbt_pg_tutorial\models\marts\fct_orders.sql
[0m14:31:40.773702 [debug] [Thread-7 (]: Marking all children of 'model.dbt_pg_tutorial.dim_customers' to be skipped because of status 'error'.  Reason: Database Error in model dim_customers (models\marts\dim_customers.sql)
  permission denied for table customers
  compiled code at target\run\dbt_pg_tutorial\models\marts\dim_customers.sql.
[0m14:31:40.783318 [debug] [Thread-2 (]: Sending event: {'category': 'dbt', 'action': 'run_model', 'label': '7f9ae40d-763f-4d2c-ac56-ef0d586b4f81', 'context': [<snowplow_tracker.self_describing_json.SelfDescribingJson object at 0x00000121402A0EC0>]}
[0m14:31:40.803919 [error] [Thread-2 (]: 2 of 2 ERROR creating sql table model raw_marts.fct_orders ..................... [[31mERROR[0m in 1.75s]
[0m14:31:40.816488 [debug] [Thread-2 (]: Finished running node model.dbt_pg_tutorial.fct_orders
[0m14:31:40.823495 [debug] [Thread-7 (]: Marking all children of 'model.dbt_pg_tutorial.fct_orders' to be skipped because of status 'error'.  Reason: Database Error in model fct_orders (models\marts\fct_orders.sql)
  permission denied for table orders
  compiled code at target\run\dbt_pg_tutorial\models\marts\fct_orders.sql.
[0m14:31:40.841075 [debug] [MainThread]: Using postgres connection "master"
[0m14:31:40.848398 [debug] [MainThread]: On master: BEGIN
[0m14:31:40.854525 [debug] [MainThread]: Opening a new connection, currently in state closed
[0m14:31:41.443219 [debug] [MainThread]: SQL status: BEGIN in 0.596 seconds
[0m14:31:41.443219 [debug] [MainThread]: On master: COMMIT
[0m14:31:41.459918 [debug] [MainThread]: Using postgres connection "master"
[0m14:31:41.459918 [debug] [MainThread]: On master: COMMIT
[0m14:31:41.459918 [debug] [MainThread]: SQL status: COMMIT in 0.001 seconds
[0m14:31:41.476714 [debug] [MainThread]: On master: Close
[0m14:31:41.484883 [debug] [MainThread]: Connection 'master' was properly closed.
[0m14:31:41.489963 [debug] [MainThread]: Connection 'list_dbt_tutorial' was properly closed.
[0m14:31:41.496061 [debug] [MainThread]: Connection 'list_dbt_tutorial_raw_staging' was properly closed.
[0m14:31:41.502148 [debug] [MainThread]: Connection 'list_dbt_tutorial_raw_intermediate' was properly closed.
[0m14:31:41.508827 [debug] [MainThread]: Connection 'list_dbt_tutorial_raw_marts' was properly closed.
[0m14:31:41.508827 [debug] [MainThread]: Connection 'model.dbt_pg_tutorial.dim_customers' was properly closed.
[0m14:31:41.514835 [debug] [MainThread]: Connection 'model.dbt_pg_tutorial.fct_orders' was properly closed.
[0m14:31:41.525537 [info ] [MainThread]: 
[0m14:31:41.534889 [info ] [MainThread]: Finished running 2 table models in 0 hours 0 minutes and 6.32 seconds (6.32s).
[0m14:31:41.547230 [debug] [MainThread]: Command end result
[0m14:31:41.853156 [debug] [MainThread]: Wrote artifact WritableManifest to C:\Users\kashv\dbt_workspace\dbt_pg_tutorial\target\manifest.json
[0m14:31:41.893918 [debug] [MainThread]: Wrote artifact SemanticManifest to C:\Users\kashv\dbt_workspace\dbt_pg_tutorial\target\semantic_manifest.json
[0m14:31:41.956300 [debug] [MainThread]: Wrote artifact RunExecutionResult to C:\Users\kashv\dbt_workspace\dbt_pg_tutorial\target\run_results.json
[0m14:31:41.972460 [info ] [MainThread]: 
[0m14:31:41.979133 [info ] [MainThread]: [31mCompleted with 2 errors, 0 partial successes, and 0 warnings:[0m
[0m14:31:41.986410 [info ] [MainThread]: 
[0m14:31:41.996104 [error] [MainThread]:   Database Error in model dim_customers (models\marts\dim_customers.sql)
  permission denied for table customers
  compiled code at target\run\dbt_pg_tutorial\models\marts\dim_customers.sql
[0m14:31:42.001232 [info ] [MainThread]: 
[0m14:31:42.008516 [error] [MainThread]:   Database Error in model fct_orders (models\marts\fct_orders.sql)
  permission denied for table orders
  compiled code at target\run\dbt_pg_tutorial\models\marts\fct_orders.sql
[0m14:31:42.008516 [info ] [MainThread]: 
[0m14:31:42.019970 [info ] [MainThread]: Done. PASS=0 WARN=0 ERROR=2 SKIP=0 TOTAL=2
[0m14:31:42.036071 [debug] [MainThread]: Command `dbt run` failed at 14:31:42.019970 after 18.01 seconds
[0m14:31:42.036071 [debug] [MainThread]: Sending event: {'category': 'dbt', 'action': 'invocation', 'label': 'end', 'context': [<snowplow_tracker.self_describing_json.SelfDescribingJson object at 0x000001213E6C9520>, <snowplow_tracker.self_describing_json.SelfDescribingJson object at 0x000001213FCC8530>, <snowplow_tracker.self_describing_json.SelfDescribingJson object at 0x000001213FCCBFE0>]}
[0m14:31:42.051779 [debug] [MainThread]: Flushing usage events
[0m14:31:42.067984 [debug] [MainThread]: An error was encountered while trying to flush usage events
[0m14:40:34.563517 [debug] [MainThread]: Sending event: {'category': 'dbt', 'action': 'invocation', 'label': 'start', 'context': [<snowplow_tracker.self_describing_json.SelfDescribingJson object at 0x0000025A186378C0>, <snowplow_tracker.self_describing_json.SelfDescribingJson object at 0x0000025A1AAF0D70>, <snowplow_tracker.self_describing_json.SelfDescribingJson object at 0x0000025A1AAF2A50>]}


============================== 14:40:34.602720 | 264db72c-a2a0-45a3-aa26-ab51200be1d4 ==============================
[0m14:40:34.602720 [info ] [MainThread]: Running with dbt=1.9.0
[0m14:40:34.610662 [debug] [MainThread]: running dbt with arguments {'printer_width': '80', 'indirect_selection': 'eager', 'log_cache_events': 'False', 'write_json': 'True', 'partial_parse': 'True', 'cache_selected_only': 'False', 'profiles_dir': 'C:\\Users\\kashv\\.dbt', 'version_check': 'True', 'fail_fast': 'False', 'log_path': 'C:\\Users\\kashv\\dbt_workspace\\dbt_pg_tutorial\\logs', 'debug': 'False', 'warn_error': 'None', 'use_colors': 'True', 'use_experimental_parser': 'False', 'no_print': 'None', 'quiet': 'False', 'empty': 'False', 'warn_error_options': 'WarnErrorOptions(include=[], exclude=[])', 'invocation_command': 'dbt run -m staging', 'static_parser': 'True', 'introspect': 'True', 'target_path': 'None', 'log_format': 'default', 'send_anonymous_usage_stats': 'True'}
[0m14:40:36.206518 [debug] [MainThread]: Sending event: {'category': 'dbt', 'action': 'project_id', 'label': '264db72c-a2a0-45a3-aa26-ab51200be1d4', 'context': [<snowplow_tracker.self_describing_json.SelfDescribingJson object at 0x0000025A1B6E9970>]}
[0m14:40:36.662984 [debug] [MainThread]: Sending event: {'category': 'dbt', 'action': 'adapter_info', 'label': '264db72c-a2a0-45a3-aa26-ab51200be1d4', 'context': [<snowplow_tracker.self_describing_json.SelfDescribingJson object at 0x0000025A1B733050>]}
[0m14:40:36.675019 [info ] [MainThread]: Registered adapter: postgres=1.9.1
[0m14:40:39.558688 [debug] [MainThread]: checksum: c99e828bba267739642b5a3ce85f17518764ea526e0e6c4fdc649171c1a66bff, vars: {}, profile: , target: , version: 1.9.0
[0m14:40:40.237461 [info ] [MainThread]: Unable to do partial parsing because profile has changed
[0m14:40:40.244279 [debug] [MainThread]: Sending event: {'category': 'dbt', 'action': 'partial_parser', 'label': '264db72c-a2a0-45a3-aa26-ab51200be1d4', 'context': [<snowplow_tracker.self_describing_json.SelfDescribingJson object at 0x0000025A188A2A80>]}
[0m14:40:49.753304 [debug] [MainThread]: Sending event: {'category': 'dbt', 'action': 'load_project', 'label': '264db72c-a2a0-45a3-aa26-ab51200be1d4', 'context': [<snowplow_tracker.self_describing_json.SelfDescribingJson object at 0x0000025A1CD55D30>]}
[0m14:40:50.434318 [debug] [MainThread]: Wrote artifact WritableManifest to C:\Users\kashv\dbt_workspace\dbt_pg_tutorial\target\manifest.json
[0m14:40:50.563440 [debug] [MainThread]: Wrote artifact SemanticManifest to C:\Users\kashv\dbt_workspace\dbt_pg_tutorial\target\semantic_manifest.json
[0m14:40:50.888690 [debug] [MainThread]: Sending event: {'category': 'dbt', 'action': 'resource_counts', 'label': '264db72c-a2a0-45a3-aa26-ab51200be1d4', 'context': [<snowplow_tracker.self_describing_json.SelfDescribingJson object at 0x0000025A1CB46D80>]}
[0m14:40:50.893691 [info ] [MainThread]: Found 6 models, 2 data tests, 3 sources, 434 macros
[0m14:40:50.900686 [debug] [MainThread]: Sending event: {'category': 'dbt', 'action': 'runnable_timing', 'label': '264db72c-a2a0-45a3-aa26-ab51200be1d4', 'context': [<snowplow_tracker.self_describing_json.SelfDescribingJson object at 0x0000025A1CBFE300>]}
[0m14:40:50.917835 [info ] [MainThread]: 
[0m14:40:50.924415 [info ] [MainThread]: Concurrency: 4 threads (target='dev')
[0m14:40:50.931288 [info ] [MainThread]: 
[0m14:40:50.938404 [debug] [MainThread]: Acquiring new postgres connection 'master'
[0m14:40:50.977159 [debug] [ThreadPool]: Acquiring new postgres connection 'list_dbt_tutorial'
[0m14:40:51.985118 [debug] [ThreadPool]: Using postgres connection "list_dbt_tutorial"
[0m14:40:51.990115 [debug] [ThreadPool]: On list_dbt_tutorial: /* {"app": "dbt", "dbt_version": "1.9.0", "profile_name": "dbt_pg_tutorial", "target_name": "dev", "connection_name": "list_dbt_tutorial"} */

    select distinct nspname from pg_namespace
  
[0m14:40:51.995104 [debug] [ThreadPool]: Opening a new connection, currently in state init
[0m14:40:52.604840 [debug] [ThreadPool]: SQL status: SELECT 12 in 0.610 seconds
[0m14:40:52.615869 [debug] [ThreadPool]: On list_dbt_tutorial: Close
[0m14:40:52.632425 [debug] [ThreadPool]: Acquiring new postgres connection 'list_dbt_tutorial_analytics_intermediate'
[0m14:40:52.639427 [debug] [ThreadPool]: Acquiring new postgres connection 'list_dbt_tutorial_analytics_staging'
[0m14:40:52.683426 [debug] [ThreadPool]: Using postgres connection "list_dbt_tutorial_analytics_intermediate"
[0m14:40:52.687424 [debug] [ThreadPool]: Acquiring new postgres connection 'list_dbt_tutorial_analytics_marts'
[0m14:40:52.701427 [debug] [ThreadPool]: Using postgres connection "list_dbt_tutorial_analytics_staging"
[0m14:40:52.706456 [debug] [ThreadPool]: On list_dbt_tutorial_analytics_intermediate: BEGIN
[0m14:40:52.722533 [debug] [ThreadPool]: Using postgres connection "list_dbt_tutorial_analytics_marts"
[0m14:40:52.728160 [debug] [ThreadPool]: On list_dbt_tutorial_analytics_staging: BEGIN
[0m14:40:52.731732 [debug] [ThreadPool]: Opening a new connection, currently in state init
[0m14:40:52.736732 [debug] [ThreadPool]: On list_dbt_tutorial_analytics_marts: BEGIN
[0m14:40:52.742737 [debug] [ThreadPool]: Opening a new connection, currently in state init
[0m14:40:52.751731 [debug] [ThreadPool]: Opening a new connection, currently in state init
[0m14:40:53.336008 [debug] [ThreadPool]: SQL status: BEGIN in 0.603 seconds
[0m14:40:53.341846 [debug] [ThreadPool]: Using postgres connection "list_dbt_tutorial_analytics_intermediate"
[0m14:40:53.348428 [debug] [ThreadPool]: On list_dbt_tutorial_analytics_intermediate: /* {"app": "dbt", "dbt_version": "1.9.0", "profile_name": "dbt_pg_tutorial", "target_name": "dev", "connection_name": "list_dbt_tutorial_analytics_intermediate"} */
select
      'dbt_tutorial' as database,
      tablename as name,
      schemaname as schema,
      'table' as type
    from pg_tables
    where schemaname ilike 'analytics_intermediate'
    union all
    select
      'dbt_tutorial' as database,
      viewname as name,
      schemaname as schema,
      'view' as type
    from pg_views
    where schemaname ilike 'analytics_intermediate'
    union all
    select
      'dbt_tutorial' as database,
      matviewname as name,
      schemaname as schema,
      'materialized_view' as type
    from pg_matviews
    where schemaname ilike 'analytics_intermediate'
  
[0m14:40:53.384816 [debug] [ThreadPool]: SQL status: SELECT 1 in 0.032 seconds
[0m14:40:53.396523 [debug] [ThreadPool]: On list_dbt_tutorial_analytics_intermediate: ROLLBACK
[0m14:40:53.403524 [debug] [ThreadPool]: On list_dbt_tutorial_analytics_intermediate: Close
[0m14:40:53.446160 [debug] [ThreadPool]: SQL status: BEGIN in 0.703 seconds
[0m14:40:53.452162 [debug] [ThreadPool]: Using postgres connection "list_dbt_tutorial_analytics_staging"
[0m14:40:53.459159 [debug] [ThreadPool]: On list_dbt_tutorial_analytics_staging: /* {"app": "dbt", "dbt_version": "1.9.0", "profile_name": "dbt_pg_tutorial", "target_name": "dev", "connection_name": "list_dbt_tutorial_analytics_staging"} */
select
      'dbt_tutorial' as database,
      tablename as name,
      schemaname as schema,
      'table' as type
    from pg_tables
    where schemaname ilike 'analytics_staging'
    union all
    select
      'dbt_tutorial' as database,
      viewname as name,
      schemaname as schema,
      'view' as type
    from pg_views
    where schemaname ilike 'analytics_staging'
    union all
    select
      'dbt_tutorial' as database,
      matviewname as name,
      schemaname as schema,
      'materialized_view' as type
    from pg_matviews
    where schemaname ilike 'analytics_staging'
  
[0m14:40:53.494206 [debug] [ThreadPool]: SQL status: SELECT 3 in 0.028 seconds
[0m14:40:53.505206 [debug] [ThreadPool]: On list_dbt_tutorial_analytics_staging: ROLLBACK
[0m14:40:53.513245 [debug] [ThreadPool]: On list_dbt_tutorial_analytics_staging: Close
[0m14:40:53.525337 [debug] [ThreadPool]: SQL status: BEGIN in 0.773 seconds
[0m14:40:53.531892 [debug] [ThreadPool]: Using postgres connection "list_dbt_tutorial_analytics_marts"
[0m14:40:53.537893 [debug] [ThreadPool]: On list_dbt_tutorial_analytics_marts: /* {"app": "dbt", "dbt_version": "1.9.0", "profile_name": "dbt_pg_tutorial", "target_name": "dev", "connection_name": "list_dbt_tutorial_analytics_marts"} */
select
      'dbt_tutorial' as database,
      tablename as name,
      schemaname as schema,
      'table' as type
    from pg_tables
    where schemaname ilike 'analytics_marts'
    union all
    select
      'dbt_tutorial' as database,
      viewname as name,
      schemaname as schema,
      'view' as type
    from pg_views
    where schemaname ilike 'analytics_marts'
    union all
    select
      'dbt_tutorial' as database,
      matviewname as name,
      schemaname as schema,
      'materialized_view' as type
    from pg_matviews
    where schemaname ilike 'analytics_marts'
  
[0m14:40:53.568899 [debug] [ThreadPool]: SQL status: SELECT 0 in 0.026 seconds
[0m14:40:53.579895 [debug] [ThreadPool]: On list_dbt_tutorial_analytics_marts: ROLLBACK
[0m14:40:53.585896 [debug] [ThreadPool]: On list_dbt_tutorial_analytics_marts: Close
[0m14:40:53.620448 [debug] [MainThread]: Using postgres connection "master"
[0m14:40:53.626450 [debug] [MainThread]: On master: BEGIN
[0m14:40:53.633521 [debug] [MainThread]: Opening a new connection, currently in state init
[0m14:40:54.166452 [debug] [MainThread]: SQL status: BEGIN in 0.533 seconds
[0m14:40:54.171450 [debug] [MainThread]: Using postgres connection "master"
[0m14:40:54.176447 [debug] [MainThread]: On master: /* {"app": "dbt", "dbt_version": "1.9.0", "profile_name": "dbt_pg_tutorial", "target_name": "dev", "connection_name": "master"} */
select distinct
        dependent_namespace.nspname as dependent_schema,
        dependent_class.relname as dependent_name,
        referenced_namespace.nspname as referenced_schema,
        referenced_class.relname as referenced_name

    -- Query for views: views are entries in pg_class with an entry in pg_rewrite, but we avoid
    -- a seq scan on pg_rewrite by leveraging the fact there is an "internal" row in pg_depend for
    -- the view...
    from pg_class as dependent_class
    join pg_namespace as dependent_namespace on dependent_namespace.oid = dependent_class.relnamespace
    join pg_depend as dependent_depend on dependent_depend.refobjid = dependent_class.oid
        and dependent_depend.classid = 'pg_rewrite'::regclass
        and dependent_depend.refclassid = 'pg_class'::regclass
        and dependent_depend.deptype = 'i'

    -- ... and via pg_depend (that has a row per column, hence the need for "distinct" above, and
    -- making sure to exclude the internal row to avoid a view appearing to depend on itself)...
    join pg_depend as joining_depend on joining_depend.objid = dependent_depend.objid
        and joining_depend.classid = 'pg_rewrite'::regclass
        and joining_depend.refclassid = 'pg_class'::regclass
        and joining_depend.refobjid != dependent_depend.refobjid

    -- ... we can find the tables they query from in pg_class, but excluding system tables. Note we
    -- don't need need to exclude _dependent_ system tables, because they only query from other
    -- system tables, and so are automatically excluded by excluding _referenced_ system tables
    join pg_class as referenced_class on referenced_class.oid = joining_depend.refobjid
    join pg_namespace as referenced_namespace on referenced_namespace.oid = referenced_class.relnamespace
        and referenced_namespace.nspname != 'information_schema'
        and referenced_namespace.nspname not like 'pg\_%'

    order by
        dependent_schema, dependent_name, referenced_schema, referenced_name;
[0m14:40:54.211444 [debug] [MainThread]: SQL status: SELECT 15 in 0.030 seconds
[0m14:40:54.227483 [debug] [MainThread]: Sending event: {'category': 'dbt', 'action': 'runnable_timing', 'label': '264db72c-a2a0-45a3-aa26-ab51200be1d4', 'context': [<snowplow_tracker.self_describing_json.SelfDescribingJson object at 0x0000025A18812510>]}
[0m14:40:54.232638 [debug] [MainThread]: On master: ROLLBACK
[0m14:40:54.239655 [debug] [MainThread]: Using postgres connection "master"
[0m14:40:54.244214 [debug] [MainThread]: On master: BEGIN
[0m14:40:54.250734 [debug] [MainThread]: SQL status: BEGIN in 0.003 seconds
[0m14:40:54.255847 [debug] [MainThread]: On master: COMMIT
[0m14:40:54.259875 [debug] [MainThread]: Using postgres connection "master"
[0m14:40:54.263875 [debug] [MainThread]: On master: COMMIT
[0m14:40:54.269438 [debug] [MainThread]: SQL status: COMMIT in 0.001 seconds
[0m14:40:54.274441 [debug] [MainThread]: On master: Close
[0m14:40:54.299432 [debug] [Thread-1 (]: Began running node model.dbt_pg_tutorial.stg_customers
[0m14:40:54.303433 [debug] [Thread-2 (]: Began running node model.dbt_pg_tutorial.stg_orders
[0m14:40:54.307435 [debug] [Thread-3 (]: Began running node model.dbt_pg_tutorial.stg_payments
[0m14:40:54.314701 [info ] [Thread-1 (]: 1 of 3 START sql view model analytics_staging.stg_customers .................... [RUN]
[0m14:40:54.323844 [info ] [Thread-2 (]: 2 of 3 START sql view model analytics_staging.stg_orders ....................... [RUN]
[0m14:40:54.330949 [info ] [Thread-3 (]: 3 of 3 START sql view model analytics_staging.stg_payments ..................... [RUN]
[0m14:40:54.340582 [debug] [Thread-1 (]: Acquiring new postgres connection 'model.dbt_pg_tutorial.stg_customers'
[0m14:40:54.347101 [debug] [Thread-2 (]: Acquiring new postgres connection 'model.dbt_pg_tutorial.stg_orders'
[0m14:40:54.354666 [debug] [Thread-3 (]: Acquiring new postgres connection 'model.dbt_pg_tutorial.stg_payments'
[0m14:40:54.360198 [debug] [Thread-1 (]: Began compiling node model.dbt_pg_tutorial.stg_customers
[0m14:40:54.366270 [debug] [Thread-2 (]: Began compiling node model.dbt_pg_tutorial.stg_orders
[0m14:40:54.372843 [debug] [Thread-3 (]: Began compiling node model.dbt_pg_tutorial.stg_payments
[0m14:40:54.428594 [debug] [Thread-1 (]: Writing injected SQL for node "model.dbt_pg_tutorial.stg_customers"
[0m14:40:54.450938 [debug] [Thread-2 (]: Writing injected SQL for node "model.dbt_pg_tutorial.stg_orders"
[0m14:40:54.478398 [debug] [Thread-3 (]: Writing injected SQL for node "model.dbt_pg_tutorial.stg_payments"
[0m14:40:54.572744 [debug] [Thread-1 (]: Began executing node model.dbt_pg_tutorial.stg_customers
[0m14:40:54.576766 [debug] [Thread-3 (]: Began executing node model.dbt_pg_tutorial.stg_payments
[0m14:40:54.579750 [debug] [Thread-2 (]: Began executing node model.dbt_pg_tutorial.stg_orders
[0m14:40:55.042132 [debug] [Thread-1 (]: Writing runtime sql for node "model.dbt_pg_tutorial.stg_customers"
[0m14:40:55.065129 [debug] [Thread-3 (]: Writing runtime sql for node "model.dbt_pg_tutorial.stg_payments"
[0m14:40:55.054125 [debug] [Thread-2 (]: Writing runtime sql for node "model.dbt_pg_tutorial.stg_orders"
[0m14:40:55.155060 [debug] [Thread-1 (]: Using postgres connection "model.dbt_pg_tutorial.stg_customers"
[0m14:40:55.158060 [debug] [Thread-3 (]: Using postgres connection "model.dbt_pg_tutorial.stg_payments"
[0m14:40:55.162059 [debug] [Thread-2 (]: Using postgres connection "model.dbt_pg_tutorial.stg_orders"
[0m14:40:55.168039 [debug] [Thread-1 (]: On model.dbt_pg_tutorial.stg_customers: BEGIN
[0m14:40:55.174059 [debug] [Thread-3 (]: On model.dbt_pg_tutorial.stg_payments: BEGIN
[0m14:40:55.180042 [debug] [Thread-2 (]: On model.dbt_pg_tutorial.stg_orders: BEGIN
[0m14:40:55.186058 [debug] [Thread-1 (]: Opening a new connection, currently in state init
[0m14:40:55.191159 [debug] [Thread-3 (]: Opening a new connection, currently in state init
[0m14:40:55.196044 [debug] [Thread-2 (]: Opening a new connection, currently in state init
[0m14:40:55.897787 [debug] [Thread-1 (]: SQL status: BEGIN in 0.711 seconds
[0m14:40:55.901351 [debug] [Thread-2 (]: SQL status: BEGIN in 0.705 seconds
[0m14:40:55.907351 [debug] [Thread-1 (]: Using postgres connection "model.dbt_pg_tutorial.stg_customers"
[0m14:40:55.913351 [debug] [Thread-2 (]: Using postgres connection "model.dbt_pg_tutorial.stg_orders"
[0m14:40:55.919958 [debug] [Thread-1 (]: On model.dbt_pg_tutorial.stg_customers: /* {"app": "dbt", "dbt_version": "1.9.0", "profile_name": "dbt_pg_tutorial", "target_name": "dev", "node_id": "model.dbt_pg_tutorial.stg_customers"} */

  create view "dbt_tutorial"."analytics_staging"."stg_customers__dbt_tmp"
    
    
  as (
    

with source as (
    select * from "dbt_tutorial"."raw"."customers"
),
renamed as (
    select
        id                as customer_id,
        lower(trim(first_name)) as first_name,
        lower(trim(last_name))  as last_name,
        lower(trim(email))      as email,
        created_at
    from source
)
select * from renamed
  );
[0m14:40:55.928962 [debug] [Thread-2 (]: On model.dbt_pg_tutorial.stg_orders: /* {"app": "dbt", "dbt_version": "1.9.0", "profile_name": "dbt_pg_tutorial", "target_name": "dev", "node_id": "model.dbt_pg_tutorial.stg_orders"} */

  create view "dbt_tutorial"."analytics_staging"."stg_orders__dbt_tmp"
    
    
  as (
    

with source as (
    select * from "dbt_tutorial"."raw"."orders"
),
casted as (
    select
        id           as order_id,
        user_id      as customer_id,
        order_date::timestamp as order_timestamp,
        lower(status) as status,
        total_amount::numeric(10,2) as total_amount
    from source
)
select * from casted
  );
[0m14:40:55.961605 [debug] [Thread-1 (]: SQL status: CREATE VIEW in 0.026 seconds
[0m14:40:55.965601 [debug] [Thread-2 (]: SQL status: CREATE VIEW in 0.028 seconds
[0m14:40:56.014806 [debug] [Thread-1 (]: Using postgres connection "model.dbt_pg_tutorial.stg_customers"
[0m14:40:56.018816 [debug] [Thread-3 (]: SQL status: BEGIN in 0.828 seconds
[0m14:40:56.041394 [debug] [Thread-2 (]: Using postgres connection "model.dbt_pg_tutorial.stg_orders"
[0m14:40:56.046436 [debug] [Thread-1 (]: On model.dbt_pg_tutorial.stg_customers: /* {"app": "dbt", "dbt_version": "1.9.0", "profile_name": "dbt_pg_tutorial", "target_name": "dev", "node_id": "model.dbt_pg_tutorial.stg_customers"} */
alter table "dbt_tutorial"."analytics_staging"."stg_customers" rename to "stg_customers__dbt_backup"
[0m14:40:56.051435 [debug] [Thread-3 (]: Using postgres connection "model.dbt_pg_tutorial.stg_payments"
[0m14:40:56.057396 [debug] [Thread-2 (]: On model.dbt_pg_tutorial.stg_orders: /* {"app": "dbt", "dbt_version": "1.9.0", "profile_name": "dbt_pg_tutorial", "target_name": "dev", "node_id": "model.dbt_pg_tutorial.stg_orders"} */
alter table "dbt_tutorial"."analytics_staging"."stg_orders" rename to "stg_orders__dbt_backup"
[0m14:40:56.065399 [debug] [Thread-3 (]: On model.dbt_pg_tutorial.stg_payments: /* {"app": "dbt", "dbt_version": "1.9.0", "profile_name": "dbt_pg_tutorial", "target_name": "dev", "node_id": "model.dbt_pg_tutorial.stg_payments"} */

  create view "dbt_tutorial"."analytics_staging"."stg_payments__dbt_tmp"
    
    
  as (
    

with source as (
    select * from "dbt_tutorial"."raw"."payments"
),
casted as (
    select
        id           as payment_id,
        order_id,
        lower(payment_method) as payment_method,
        amount::numeric(10,2) as amount,
        paid_at::timestamp    as paid_at
    from source
)
select * from casted
  );
[0m14:40:56.068395 [debug] [Thread-1 (]: SQL status: ALTER TABLE in 0.006 seconds
[0m14:40:56.076398 [debug] [Thread-2 (]: SQL status: ALTER TABLE in 0.003 seconds
[0m14:40:56.097391 [debug] [Thread-3 (]: SQL status: CREATE VIEW in 0.021 seconds
[0m14:40:56.102396 [debug] [Thread-1 (]: Using postgres connection "model.dbt_pg_tutorial.stg_customers"
[0m14:40:56.125422 [debug] [Thread-2 (]: Using postgres connection "model.dbt_pg_tutorial.stg_orders"
[0m14:40:56.149992 [debug] [Thread-3 (]: Using postgres connection "model.dbt_pg_tutorial.stg_payments"
[0m14:40:56.153995 [debug] [Thread-1 (]: On model.dbt_pg_tutorial.stg_customers: /* {"app": "dbt", "dbt_version": "1.9.0", "profile_name": "dbt_pg_tutorial", "target_name": "dev", "node_id": "model.dbt_pg_tutorial.stg_customers"} */
alter table "dbt_tutorial"."analytics_staging"."stg_customers__dbt_tmp" rename to "stg_customers"
[0m14:40:56.159994 [debug] [Thread-2 (]: On model.dbt_pg_tutorial.stg_orders: /* {"app": "dbt", "dbt_version": "1.9.0", "profile_name": "dbt_pg_tutorial", "target_name": "dev", "node_id": "model.dbt_pg_tutorial.stg_orders"} */
alter table "dbt_tutorial"."analytics_staging"."stg_orders__dbt_tmp" rename to "stg_orders"
[0m14:40:56.164986 [debug] [Thread-3 (]: On model.dbt_pg_tutorial.stg_payments: /* {"app": "dbt", "dbt_version": "1.9.0", "profile_name": "dbt_pg_tutorial", "target_name": "dev", "node_id": "model.dbt_pg_tutorial.stg_payments"} */
alter table "dbt_tutorial"."analytics_staging"."stg_payments" rename to "stg_payments__dbt_backup"
[0m14:40:56.172989 [debug] [Thread-1 (]: SQL status: ALTER TABLE in 0.003 seconds
[0m14:40:56.176993 [debug] [Thread-2 (]: SQL status: ALTER TABLE in 0.004 seconds
[0m14:40:56.191991 [debug] [Thread-3 (]: SQL status: ALTER TABLE in 0.012 seconds
[0m14:40:56.340556 [debug] [Thread-2 (]: On model.dbt_pg_tutorial.stg_orders: COMMIT
[0m14:40:56.374364 [debug] [Thread-1 (]: On model.dbt_pg_tutorial.stg_customers: COMMIT
[0m14:40:56.382502 [debug] [Thread-3 (]: Using postgres connection "model.dbt_pg_tutorial.stg_payments"
[0m14:40:56.386503 [debug] [Thread-2 (]: Using postgres connection "model.dbt_pg_tutorial.stg_orders"
[0m14:40:56.393064 [debug] [Thread-1 (]: Using postgres connection "model.dbt_pg_tutorial.stg_customers"
[0m14:40:56.397712 [debug] [Thread-3 (]: On model.dbt_pg_tutorial.stg_payments: /* {"app": "dbt", "dbt_version": "1.9.0", "profile_name": "dbt_pg_tutorial", "target_name": "dev", "node_id": "model.dbt_pg_tutorial.stg_payments"} */
alter table "dbt_tutorial"."analytics_staging"."stg_payments__dbt_tmp" rename to "stg_payments"
[0m14:40:56.403705 [debug] [Thread-2 (]: On model.dbt_pg_tutorial.stg_orders: COMMIT
[0m14:40:56.408264 [debug] [Thread-1 (]: On model.dbt_pg_tutorial.stg_customers: COMMIT
[0m14:40:56.416267 [debug] [Thread-3 (]: SQL status: ALTER TABLE in 0.003 seconds
[0m14:40:56.423572 [debug] [Thread-2 (]: SQL status: COMMIT in 0.007 seconds
[0m14:40:56.427157 [debug] [Thread-1 (]: SQL status: COMMIT in 0.006 seconds
[0m14:40:56.439004 [debug] [Thread-3 (]: On model.dbt_pg_tutorial.stg_payments: COMMIT
[0m14:40:56.489492 [debug] [Thread-2 (]: Applying DROP to: "dbt_tutorial"."analytics_staging"."stg_orders__dbt_backup"
[0m14:40:56.507489 [debug] [Thread-1 (]: Applying DROP to: "dbt_tutorial"."analytics_staging"."stg_customers__dbt_backup"
[0m14:40:56.511489 [debug] [Thread-3 (]: Using postgres connection "model.dbt_pg_tutorial.stg_payments"
[0m14:40:56.552073 [debug] [Thread-2 (]: Using postgres connection "model.dbt_pg_tutorial.stg_orders"
[0m14:40:56.559072 [debug] [Thread-1 (]: Using postgres connection "model.dbt_pg_tutorial.stg_customers"
[0m14:40:56.565074 [debug] [Thread-3 (]: On model.dbt_pg_tutorial.stg_payments: COMMIT
[0m14:40:56.570074 [debug] [Thread-2 (]: On model.dbt_pg_tutorial.stg_orders: /* {"app": "dbt", "dbt_version": "1.9.0", "profile_name": "dbt_pg_tutorial", "target_name": "dev", "node_id": "model.dbt_pg_tutorial.stg_orders"} */
drop view if exists "dbt_tutorial"."analytics_staging"."stg_orders__dbt_backup" cascade
[0m14:40:56.574075 [debug] [Thread-1 (]: On model.dbt_pg_tutorial.stg_customers: /* {"app": "dbt", "dbt_version": "1.9.0", "profile_name": "dbt_pg_tutorial", "target_name": "dev", "node_id": "model.dbt_pg_tutorial.stg_customers"} */
drop view if exists "dbt_tutorial"."analytics_staging"."stg_customers__dbt_backup" cascade
[0m14:40:56.585075 [debug] [Thread-3 (]: SQL status: COMMIT in 0.005 seconds
[0m14:40:56.603072 [debug] [Thread-3 (]: Applying DROP to: "dbt_tutorial"."analytics_staging"."stg_payments__dbt_backup"
[0m14:40:56.607122 [debug] [Thread-1 (]: SQL status: DROP VIEW in 0.023 seconds
[0m14:40:56.610074 [debug] [Thread-2 (]: SQL status: DROP VIEW in 0.028 seconds
[0m14:40:56.617079 [debug] [Thread-3 (]: Using postgres connection "model.dbt_pg_tutorial.stg_payments"
[0m14:40:56.637674 [debug] [Thread-1 (]: On model.dbt_pg_tutorial.stg_customers: Close
[0m14:40:56.648671 [debug] [Thread-2 (]: On model.dbt_pg_tutorial.stg_orders: Close
[0m14:40:56.652674 [debug] [Thread-3 (]: On model.dbt_pg_tutorial.stg_payments: /* {"app": "dbt", "dbt_version": "1.9.0", "profile_name": "dbt_pg_tutorial", "target_name": "dev", "node_id": "model.dbt_pg_tutorial.stg_payments"} */
drop view if exists "dbt_tutorial"."analytics_staging"."stg_payments__dbt_backup" cascade
[0m14:40:56.675707 [debug] [Thread-1 (]: Sending event: {'category': 'dbt', 'action': 'run_model', 'label': '264db72c-a2a0-45a3-aa26-ab51200be1d4', 'context': [<snowplow_tracker.self_describing_json.SelfDescribingJson object at 0x0000025A1C8D8D70>]}
[0m14:40:56.680291 [debug] [Thread-2 (]: Sending event: {'category': 'dbt', 'action': 'run_model', 'label': '264db72c-a2a0-45a3-aa26-ab51200be1d4', 'context': [<snowplow_tracker.self_describing_json.SelfDescribingJson object at 0x0000025A1D3D0DA0>]}
[0m14:40:56.684344 [debug] [Thread-3 (]: SQL status: DROP VIEW in 0.011 seconds
[0m14:40:56.692330 [info ] [Thread-1 (]: 1 of 3 OK created sql view model analytics_staging.stg_customers ............... [[32mCREATE VIEW[0m in 2.32s]
[0m14:40:56.702329 [info ] [Thread-2 (]: 2 of 3 OK created sql view model analytics_staging.stg_orders .................. [[32mCREATE VIEW[0m in 2.32s]
[0m14:40:56.716909 [debug] [Thread-3 (]: On model.dbt_pg_tutorial.stg_payments: Close
[0m14:40:56.724938 [debug] [Thread-1 (]: Finished running node model.dbt_pg_tutorial.stg_customers
[0m14:40:56.730938 [debug] [Thread-2 (]: Finished running node model.dbt_pg_tutorial.stg_orders
[0m14:40:56.738092 [debug] [Thread-3 (]: Sending event: {'category': 'dbt', 'action': 'run_model', 'label': '264db72c-a2a0-45a3-aa26-ab51200be1d4', 'context': [<snowplow_tracker.self_describing_json.SelfDescribingJson object at 0x0000025A1D3D58B0>]}
[0m14:40:56.751086 [info ] [Thread-3 (]: 3 of 3 OK created sql view model analytics_staging.stg_payments ................ [[32mCREATE VIEW[0m in 2.38s]
[0m14:40:56.761692 [debug] [Thread-3 (]: Finished running node model.dbt_pg_tutorial.stg_payments
[0m14:40:56.776694 [debug] [MainThread]: Using postgres connection "master"
[0m14:40:56.782687 [debug] [MainThread]: On master: BEGIN
[0m14:40:56.786683 [debug] [MainThread]: Opening a new connection, currently in state closed
[0m14:40:57.309717 [debug] [MainThread]: SQL status: BEGIN in 0.523 seconds
[0m14:40:57.315747 [debug] [MainThread]: On master: COMMIT
[0m14:40:57.320753 [debug] [MainThread]: Using postgres connection "master"
[0m14:40:57.324747 [debug] [MainThread]: On master: COMMIT
[0m14:40:57.331316 [debug] [MainThread]: SQL status: COMMIT in 0.001 seconds
[0m14:40:57.335319 [debug] [MainThread]: On master: Close
[0m14:40:57.340875 [debug] [MainThread]: Connection 'master' was properly closed.
[0m14:40:57.344868 [debug] [MainThread]: Connection 'list_dbt_tutorial' was properly closed.
[0m14:40:57.348870 [debug] [MainThread]: Connection 'list_dbt_tutorial_analytics_intermediate' was properly closed.
[0m14:40:57.354002 [debug] [MainThread]: Connection 'list_dbt_tutorial_analytics_staging' was properly closed.
[0m14:40:57.359040 [debug] [MainThread]: Connection 'list_dbt_tutorial_analytics_marts' was properly closed.
[0m14:40:57.362032 [debug] [MainThread]: Connection 'model.dbt_pg_tutorial.stg_customers' was properly closed.
[0m14:40:57.366033 [debug] [MainThread]: Connection 'model.dbt_pg_tutorial.stg_orders' was properly closed.
[0m14:40:57.370556 [debug] [MainThread]: Connection 'model.dbt_pg_tutorial.stg_payments' was properly closed.
[0m14:40:57.375595 [info ] [MainThread]: 
[0m14:40:57.381590 [info ] [MainThread]: Finished running 3 view models in 0 hours 0 minutes and 6.44 seconds (6.44s).
[0m14:40:57.392145 [debug] [MainThread]: Command end result
[0m14:40:57.647800 [debug] [MainThread]: Wrote artifact WritableManifest to C:\Users\kashv\dbt_workspace\dbt_pg_tutorial\target\manifest.json
[0m14:40:57.685801 [debug] [MainThread]: Wrote artifact SemanticManifest to C:\Users\kashv\dbt_workspace\dbt_pg_tutorial\target\semantic_manifest.json
[0m14:40:57.752662 [debug] [MainThread]: Wrote artifact RunExecutionResult to C:\Users\kashv\dbt_workspace\dbt_pg_tutorial\target\run_results.json
[0m14:40:57.757662 [info ] [MainThread]: 
[0m14:40:57.763664 [info ] [MainThread]: [32mCompleted successfully[0m
[0m14:40:57.769661 [info ] [MainThread]: 
[0m14:40:57.777666 [info ] [MainThread]: Done. PASS=3 WARN=0 ERROR=0 SKIP=0 TOTAL=3
[0m14:40:57.790661 [debug] [MainThread]: Command `dbt run` succeeded at 14:40:57.788662 after 24.44 seconds
[0m14:40:57.796664 [debug] [MainThread]: Sending event: {'category': 'dbt', 'action': 'invocation', 'label': 'end', 'context': [<snowplow_tracker.self_describing_json.SelfDescribingJson object at 0x0000025A186378C0>, <snowplow_tracker.self_describing_json.SelfDescribingJson object at 0x0000025A1B4ED970>, <snowplow_tracker.self_describing_json.SelfDescribingJson object at 0x0000025A1AB1AC60>]}
[0m14:40:57.802784 [debug] [MainThread]: Flushing usage events
[0m14:40:57.821833 [debug] [MainThread]: An error was encountered while trying to flush usage events
[0m14:41:47.208519 [debug] [MainThread]: Sending event: {'category': 'dbt', 'action': 'invocation', 'label': 'start', 'context': [<snowplow_tracker.self_describing_json.SelfDescribingJson object at 0x0000024DA40098B0>, <snowplow_tracker.self_describing_json.SelfDescribingJson object at 0x0000024DA4008680>, <snowplow_tracker.self_describing_json.SelfDescribingJson object at 0x0000024DA4009700>]}


============================== 14:41:47.239824 | b1b57268-6488-441a-8292-816eb48044c8 ==============================
[0m14:41:47.239824 [info ] [MainThread]: Running with dbt=1.9.0
[0m14:41:47.247838 [debug] [MainThread]: running dbt with arguments {'printer_width': '80', 'indirect_selection': 'eager', 'write_json': 'True', 'log_cache_events': 'False', 'partial_parse': 'True', 'cache_selected_only': 'False', 'profiles_dir': 'C:\\Users\\kashv\\.dbt', 'version_check': 'True', 'warn_error': 'None', 'log_path': 'C:\\Users\\kashv\\dbt_workspace\\dbt_pg_tutorial\\logs', 'debug': 'False', 'fail_fast': 'False', 'use_colors': 'True', 'use_experimental_parser': 'False', 'no_print': 'None', 'quiet': 'False', 'empty': 'False', 'warn_error_options': 'WarnErrorOptions(include=[], exclude=[])', 'invocation_command': 'dbt run -m intermediate', 'log_format': 'default', 'static_parser': 'True', 'target_path': 'None', 'introspect': 'True', 'send_anonymous_usage_stats': 'True'}
[0m14:41:48.780204 [debug] [MainThread]: Sending event: {'category': 'dbt', 'action': 'project_id', 'label': 'b1b57268-6488-441a-8292-816eb48044c8', 'context': [<snowplow_tracker.self_describing_json.SelfDescribingJson object at 0x0000024DA4050E30>]}
[0m14:41:49.242385 [debug] [MainThread]: Sending event: {'category': 'dbt', 'action': 'adapter_info', 'label': 'b1b57268-6488-441a-8292-816eb48044c8', 'context': [<snowplow_tracker.self_describing_json.SelfDescribingJson object at 0x0000024DA38DE840>]}
[0m14:41:49.254383 [info ] [MainThread]: Registered adapter: postgres=1.9.1
[0m14:41:52.126592 [debug] [MainThread]: checksum: c99e828bba267739642b5a3ce85f17518764ea526e0e6c4fdc649171c1a66bff, vars: {}, profile: , target: , version: 1.9.0
[0m14:41:53.709783 [debug] [MainThread]: Partial parsing enabled: 0 files deleted, 0 files added, 0 files changed.
[0m14:41:53.715925 [debug] [MainThread]: Partial parsing enabled, no changes found, skipping parsing
[0m14:41:54.022038 [debug] [MainThread]: Sending event: {'category': 'dbt', 'action': 'load_project', 'label': 'b1b57268-6488-441a-8292-816eb48044c8', 'context': [<snowplow_tracker.self_describing_json.SelfDescribingJson object at 0x0000024DA3FEEA80>]}
[0m14:41:54.700477 [debug] [MainThread]: Wrote artifact WritableManifest to C:\Users\kashv\dbt_workspace\dbt_pg_tutorial\target\manifest.json
[0m14:41:54.837492 [debug] [MainThread]: Wrote artifact SemanticManifest to C:\Users\kashv\dbt_workspace\dbt_pg_tutorial\target\semantic_manifest.json
[0m14:41:55.142537 [debug] [MainThread]: Sending event: {'category': 'dbt', 'action': 'resource_counts', 'label': 'b1b57268-6488-441a-8292-816eb48044c8', 'context': [<snowplow_tracker.self_describing_json.SelfDescribingJson object at 0x0000024DA5647BF0>]}
[0m14:41:55.147526 [info ] [MainThread]: Found 6 models, 2 data tests, 3 sources, 434 macros
[0m14:41:55.154442 [debug] [MainThread]: Sending event: {'category': 'dbt', 'action': 'runnable_timing', 'label': 'b1b57268-6488-441a-8292-816eb48044c8', 'context': [<snowplow_tracker.self_describing_json.SelfDescribingJson object at 0x0000024DA54491C0>]}
[0m14:41:55.167534 [info ] [MainThread]: 
[0m14:41:55.175522 [info ] [MainThread]: Concurrency: 4 threads (target='dev')
[0m14:41:55.182441 [info ] [MainThread]: 
[0m14:41:55.191524 [debug] [MainThread]: Acquiring new postgres connection 'master'
[0m14:41:55.208784 [debug] [ThreadPool]: Acquiring new postgres connection 'list_dbt_tutorial'
[0m14:41:56.182672 [debug] [ThreadPool]: Using postgres connection "list_dbt_tutorial"
[0m14:41:56.187733 [debug] [ThreadPool]: On list_dbt_tutorial: /* {"app": "dbt", "dbt_version": "1.9.0", "profile_name": "dbt_pg_tutorial", "target_name": "dev", "connection_name": "list_dbt_tutorial"} */

    select distinct nspname from pg_namespace
  
[0m14:41:56.192582 [debug] [ThreadPool]: Opening a new connection, currently in state init
[0m14:41:56.777475 [debug] [ThreadPool]: SQL status: SELECT 12 in 0.584 seconds
[0m14:41:56.788537 [debug] [ThreadPool]: On list_dbt_tutorial: Close
[0m14:41:56.826789 [debug] [ThreadPool]: Acquiring new postgres connection 'list_dbt_tutorial_analytics_marts'
[0m14:41:56.834361 [debug] [ThreadPool]: Acquiring new postgres connection 'list_dbt_tutorial_analytics_staging'
[0m14:41:56.858891 [debug] [ThreadPool]: Acquiring new postgres connection 'list_dbt_tutorial_analytics_intermediate'
[0m14:41:56.881607 [debug] [ThreadPool]: Using postgres connection "list_dbt_tutorial_analytics_marts"
[0m14:41:56.895612 [debug] [ThreadPool]: Using postgres connection "list_dbt_tutorial_analytics_staging"
[0m14:41:56.910611 [debug] [ThreadPool]: Using postgres connection "list_dbt_tutorial_analytics_intermediate"
[0m14:41:56.915612 [debug] [ThreadPool]: On list_dbt_tutorial_analytics_marts: BEGIN
[0m14:41:56.920479 [debug] [ThreadPool]: On list_dbt_tutorial_analytics_staging: BEGIN
[0m14:41:56.924741 [debug] [ThreadPool]: On list_dbt_tutorial_analytics_intermediate: BEGIN
[0m14:41:56.928639 [debug] [ThreadPool]: Opening a new connection, currently in state init
[0m14:41:56.933721 [debug] [ThreadPool]: Opening a new connection, currently in state init
[0m14:41:56.938149 [debug] [ThreadPool]: Opening a new connection, currently in state init
[0m14:41:57.524984 [debug] [ThreadPool]: SQL status: BEGIN in 0.596 seconds
[0m14:41:57.532065 [debug] [ThreadPool]: Using postgres connection "list_dbt_tutorial_analytics_marts"
[0m14:41:57.536763 [debug] [ThreadPool]: On list_dbt_tutorial_analytics_marts: /* {"app": "dbt", "dbt_version": "1.9.0", "profile_name": "dbt_pg_tutorial", "target_name": "dev", "connection_name": "list_dbt_tutorial_analytics_marts"} */
select
      'dbt_tutorial' as database,
      tablename as name,
      schemaname as schema,
      'table' as type
    from pg_tables
    where schemaname ilike 'analytics_marts'
    union all
    select
      'dbt_tutorial' as database,
      viewname as name,
      schemaname as schema,
      'view' as type
    from pg_views
    where schemaname ilike 'analytics_marts'
    union all
    select
      'dbt_tutorial' as database,
      matviewname as name,
      schemaname as schema,
      'materialized_view' as type
    from pg_matviews
    where schemaname ilike 'analytics_marts'
  
[0m14:41:57.566555 [debug] [ThreadPool]: SQL status: SELECT 0 in 0.025 seconds
[0m14:41:57.580607 [debug] [ThreadPool]: On list_dbt_tutorial_analytics_marts: ROLLBACK
[0m14:41:57.587557 [debug] [ThreadPool]: On list_dbt_tutorial_analytics_marts: Close
[0m14:41:57.605552 [debug] [ThreadPool]: SQL status: BEGIN in 0.667 seconds
[0m14:41:57.608562 [debug] [ThreadPool]: SQL status: BEGIN in 0.675 seconds
[0m14:41:57.612551 [debug] [ThreadPool]: Using postgres connection "list_dbt_tutorial_analytics_intermediate"
[0m14:41:57.617459 [debug] [ThreadPool]: Using postgres connection "list_dbt_tutorial_analytics_staging"
[0m14:41:57.621637 [debug] [ThreadPool]: On list_dbt_tutorial_analytics_intermediate: /* {"app": "dbt", "dbt_version": "1.9.0", "profile_name": "dbt_pg_tutorial", "target_name": "dev", "connection_name": "list_dbt_tutorial_analytics_intermediate"} */
select
      'dbt_tutorial' as database,
      tablename as name,
      schemaname as schema,
      'table' as type
    from pg_tables
    where schemaname ilike 'analytics_intermediate'
    union all
    select
      'dbt_tutorial' as database,
      viewname as name,
      schemaname as schema,
      'view' as type
    from pg_views
    where schemaname ilike 'analytics_intermediate'
    union all
    select
      'dbt_tutorial' as database,
      matviewname as name,
      schemaname as schema,
      'materialized_view' as type
    from pg_matviews
    where schemaname ilike 'analytics_intermediate'
  
[0m14:41:57.627618 [debug] [ThreadPool]: On list_dbt_tutorial_analytics_staging: /* {"app": "dbt", "dbt_version": "1.9.0", "profile_name": "dbt_pg_tutorial", "target_name": "dev", "connection_name": "list_dbt_tutorial_analytics_staging"} */
select
      'dbt_tutorial' as database,
      tablename as name,
      schemaname as schema,
      'table' as type
    from pg_tables
    where schemaname ilike 'analytics_staging'
    union all
    select
      'dbt_tutorial' as database,
      viewname as name,
      schemaname as schema,
      'view' as type
    from pg_views
    where schemaname ilike 'analytics_staging'
    union all
    select
      'dbt_tutorial' as database,
      matviewname as name,
      schemaname as schema,
      'materialized_view' as type
    from pg_matviews
    where schemaname ilike 'analytics_staging'
  
[0m14:41:57.659495 [debug] [ThreadPool]: SQL status: SELECT 0 in 0.027 seconds
[0m14:41:57.663572 [debug] [ThreadPool]: SQL status: SELECT 3 in 0.029 seconds
[0m14:41:57.673577 [debug] [ThreadPool]: On list_dbt_tutorial_analytics_intermediate: ROLLBACK
[0m14:41:57.684569 [debug] [ThreadPool]: On list_dbt_tutorial_analytics_staging: ROLLBACK
[0m14:41:57.690497 [debug] [ThreadPool]: On list_dbt_tutorial_analytics_intermediate: Close
[0m14:41:57.694494 [debug] [ThreadPool]: On list_dbt_tutorial_analytics_staging: Close
[0m14:41:57.736705 [debug] [MainThread]: Using postgres connection "master"
[0m14:41:57.742509 [debug] [MainThread]: On master: BEGIN
[0m14:41:57.749548 [debug] [MainThread]: Opening a new connection, currently in state init
[0m14:41:58.279806 [debug] [MainThread]: SQL status: BEGIN in 0.530 seconds
[0m14:41:58.284503 [debug] [MainThread]: Using postgres connection "master"
[0m14:41:58.289650 [debug] [MainThread]: On master: /* {"app": "dbt", "dbt_version": "1.9.0", "profile_name": "dbt_pg_tutorial", "target_name": "dev", "connection_name": "master"} */
select distinct
        dependent_namespace.nspname as dependent_schema,
        dependent_class.relname as dependent_name,
        referenced_namespace.nspname as referenced_schema,
        referenced_class.relname as referenced_name

    -- Query for views: views are entries in pg_class with an entry in pg_rewrite, but we avoid
    -- a seq scan on pg_rewrite by leveraging the fact there is an "internal" row in pg_depend for
    -- the view...
    from pg_class as dependent_class
    join pg_namespace as dependent_namespace on dependent_namespace.oid = dependent_class.relnamespace
    join pg_depend as dependent_depend on dependent_depend.refobjid = dependent_class.oid
        and dependent_depend.classid = 'pg_rewrite'::regclass
        and dependent_depend.refclassid = 'pg_class'::regclass
        and dependent_depend.deptype = 'i'

    -- ... and via pg_depend (that has a row per column, hence the need for "distinct" above, and
    -- making sure to exclude the internal row to avoid a view appearing to depend on itself)...
    join pg_depend as joining_depend on joining_depend.objid = dependent_depend.objid
        and joining_depend.classid = 'pg_rewrite'::regclass
        and joining_depend.refclassid = 'pg_class'::regclass
        and joining_depend.refobjid != dependent_depend.refobjid

    -- ... we can find the tables they query from in pg_class, but excluding system tables. Note we
    -- don't need need to exclude _dependent_ system tables, because they only query from other
    -- system tables, and so are automatically excluded by excluding _referenced_ system tables
    join pg_class as referenced_class on referenced_class.oid = joining_depend.refobjid
    join pg_namespace as referenced_namespace on referenced_namespace.oid = referenced_class.relnamespace
        and referenced_namespace.nspname != 'information_schema'
        and referenced_namespace.nspname not like 'pg\_%'

    order by
        dependent_schema, dependent_name, referenced_schema, referenced_name;
[0m14:41:58.323065 [debug] [MainThread]: SQL status: SELECT 13 in 0.030 seconds
[0m14:41:58.335379 [debug] [MainThread]: Sending event: {'category': 'dbt', 'action': 'runnable_timing', 'label': 'b1b57268-6488-441a-8292-816eb48044c8', 'context': [<snowplow_tracker.self_describing_json.SelfDescribingJson object at 0x0000024DA3DDE0F0>]}
[0m14:41:58.340900 [debug] [MainThread]: On master: ROLLBACK
[0m14:41:58.346890 [debug] [MainThread]: Using postgres connection "master"
[0m14:41:58.350803 [debug] [MainThread]: On master: BEGIN
[0m14:41:58.357753 [debug] [MainThread]: SQL status: BEGIN in 0.002 seconds
[0m14:41:58.361661 [debug] [MainThread]: On master: COMMIT
[0m14:41:58.365681 [debug] [MainThread]: Using postgres connection "master"
[0m14:41:58.370684 [debug] [MainThread]: On master: COMMIT
[0m14:41:58.375677 [debug] [MainThread]: SQL status: COMMIT in 0.001 seconds
[0m14:41:58.380227 [debug] [MainThread]: On master: Close
[0m14:41:58.401406 [debug] [Thread-1 (]: Began running node model.dbt_pg_tutorial.int_order_payments
[0m14:41:58.407797 [info ] [Thread-1 (]: 1 of 1 START sql view model analytics_intermediate.int_order_payments .......... [RUN]
[0m14:41:58.416657 [debug] [Thread-1 (]: Acquiring new postgres connection 'model.dbt_pg_tutorial.int_order_payments'
[0m14:41:58.422186 [debug] [Thread-1 (]: Began compiling node model.dbt_pg_tutorial.int_order_payments
[0m14:41:58.475828 [debug] [Thread-1 (]: Writing injected SQL for node "model.dbt_pg_tutorial.int_order_payments"
[0m14:41:58.527760 [debug] [Thread-1 (]: Began executing node model.dbt_pg_tutorial.int_order_payments
[0m14:41:58.776840 [debug] [Thread-1 (]: Writing runtime sql for node "model.dbt_pg_tutorial.int_order_payments"
[0m14:41:58.831740 [debug] [Thread-1 (]: Using postgres connection "model.dbt_pg_tutorial.int_order_payments"
[0m14:41:58.836739 [debug] [Thread-1 (]: On model.dbt_pg_tutorial.int_order_payments: BEGIN
[0m14:41:58.842452 [debug] [Thread-1 (]: Opening a new connection, currently in state init
[0m14:41:59.307999 [debug] [Thread-1 (]: SQL status: BEGIN in 0.466 seconds
[0m14:41:59.313231 [debug] [Thread-1 (]: Using postgres connection "model.dbt_pg_tutorial.int_order_payments"
[0m14:41:59.319224 [debug] [Thread-1 (]: On model.dbt_pg_tutorial.int_order_payments: /* {"app": "dbt", "dbt_version": "1.9.0", "profile_name": "dbt_pg_tutorial", "target_name": "dev", "node_id": "model.dbt_pg_tutorial.int_order_payments"} */

  create view "dbt_tutorial"."analytics_intermediate"."int_order_payments__dbt_tmp"
    
    
  as (
    

with payments as (
    select
        order_id,
        sum(amount) as total_paid,
        count(*)    as payment_count
    from "dbt_tutorial"."analytics_staging"."stg_payments"
    group by 1
)

select
    o.order_id,
    o.customer_id,
    o.order_timestamp,
    o.status,
    o.total_amount,
    coalesce(p.total_paid, 0)   as total_paid,
    coalesce(p.payment_count, 0) as payment_count,
    (o.total_amount - coalesce(p.total_paid, 0)) as outstanding_amount
from "dbt_tutorial"."analytics_staging"."stg_orders" o
left join payments p on o.order_id = p.order_id
  );
[0m14:41:59.347408 [debug] [Thread-1 (]: SQL status: CREATE VIEW in 0.024 seconds
[0m14:41:59.394618 [debug] [Thread-1 (]: Using postgres connection "model.dbt_pg_tutorial.int_order_payments"
[0m14:41:59.400439 [debug] [Thread-1 (]: On model.dbt_pg_tutorial.int_order_payments: /* {"app": "dbt", "dbt_version": "1.9.0", "profile_name": "dbt_pg_tutorial", "target_name": "dev", "node_id": "model.dbt_pg_tutorial.int_order_payments"} */
alter table "dbt_tutorial"."analytics_intermediate"."int_order_payments__dbt_tmp" rename to "int_order_payments"
[0m14:41:59.409113 [debug] [Thread-1 (]: SQL status: ALTER TABLE in 0.003 seconds
[0m14:41:59.512967 [debug] [Thread-1 (]: On model.dbt_pg_tutorial.int_order_payments: COMMIT
[0m14:41:59.519112 [debug] [Thread-1 (]: Using postgres connection "model.dbt_pg_tutorial.int_order_payments"
[0m14:41:59.523868 [debug] [Thread-1 (]: On model.dbt_pg_tutorial.int_order_payments: COMMIT
[0m14:41:59.533323 [debug] [Thread-1 (]: SQL status: COMMIT in 0.007 seconds
[0m14:41:59.581328 [debug] [Thread-1 (]: Applying DROP to: "dbt_tutorial"."analytics_intermediate"."int_order_payments__dbt_backup"
[0m14:41:59.613120 [debug] [Thread-1 (]: Using postgres connection "model.dbt_pg_tutorial.int_order_payments"
[0m14:41:59.613120 [debug] [Thread-1 (]: On model.dbt_pg_tutorial.int_order_payments: /* {"app": "dbt", "dbt_version": "1.9.0", "profile_name": "dbt_pg_tutorial", "target_name": "dev", "node_id": "model.dbt_pg_tutorial.int_order_payments"} */
drop view if exists "dbt_tutorial"."analytics_intermediate"."int_order_payments__dbt_backup" cascade
[0m14:41:59.629218 [debug] [Thread-1 (]: SQL status: DROP VIEW in 0.002 seconds
[0m14:41:59.647397 [debug] [Thread-1 (]: On model.dbt_pg_tutorial.int_order_payments: Close
[0m14:41:59.661327 [debug] [Thread-1 (]: Sending event: {'category': 'dbt', 'action': 'run_model', 'label': 'b1b57268-6488-441a-8292-816eb48044c8', 'context': [<snowplow_tracker.self_describing_json.SelfDescribingJson object at 0x0000024DA34F9310>]}
[0m14:41:59.661327 [info ] [Thread-1 (]: 1 of 1 OK created sql view model analytics_intermediate.int_order_payments ..... [[32mCREATE VIEW[0m in 1.24s]
[0m14:41:59.685704 [debug] [Thread-1 (]: Finished running node model.dbt_pg_tutorial.int_order_payments
[0m14:41:59.697533 [debug] [MainThread]: Using postgres connection "master"
[0m14:41:59.709325 [debug] [MainThread]: On master: BEGIN
[0m14:41:59.711653 [debug] [MainThread]: Opening a new connection, currently in state closed
[0m14:42:00.205006 [debug] [MainThread]: SQL status: BEGIN in 0.495 seconds
[0m14:42:00.205006 [debug] [MainThread]: On master: COMMIT
[0m14:42:00.205006 [debug] [MainThread]: Using postgres connection "master"
[0m14:42:00.220880 [debug] [MainThread]: On master: COMMIT
[0m14:42:00.229211 [debug] [MainThread]: SQL status: COMMIT in 0.001 seconds
[0m14:42:00.229211 [debug] [MainThread]: On master: Close
[0m14:42:00.240641 [debug] [MainThread]: Connection 'master' was properly closed.
[0m14:42:00.242680 [debug] [MainThread]: Connection 'list_dbt_tutorial' was properly closed.
[0m14:42:00.244708 [debug] [MainThread]: Connection 'list_dbt_tutorial_analytics_marts' was properly closed.
[0m14:42:00.252868 [debug] [MainThread]: Connection 'list_dbt_tutorial_analytics_staging' was properly closed.
[0m14:42:00.256685 [debug] [MainThread]: Connection 'list_dbt_tutorial_analytics_intermediate' was properly closed.
[0m14:42:00.258966 [debug] [MainThread]: Connection 'model.dbt_pg_tutorial.int_order_payments' was properly closed.
[0m14:42:00.258966 [info ] [MainThread]: 
[0m14:42:00.268768 [info ] [MainThread]: Finished running 1 view model in 0 hours 0 minutes and 5.07 seconds (5.07s).
[0m14:42:00.268768 [debug] [MainThread]: Command end result
[0m14:42:00.540325 [debug] [MainThread]: Wrote artifact WritableManifest to C:\Users\kashv\dbt_workspace\dbt_pg_tutorial\target\manifest.json
[0m14:42:00.577291 [debug] [MainThread]: Wrote artifact SemanticManifest to C:\Users\kashv\dbt_workspace\dbt_pg_tutorial\target\semantic_manifest.json
[0m14:42:00.639289 [debug] [MainThread]: Wrote artifact RunExecutionResult to C:\Users\kashv\dbt_workspace\dbt_pg_tutorial\target\run_results.json
[0m14:42:00.643353 [info ] [MainThread]: 
[0m14:42:00.649298 [info ] [MainThread]: [32mCompleted successfully[0m
[0m14:42:00.656434 [info ] [MainThread]: 
[0m14:42:00.662383 [info ] [MainThread]: Done. PASS=1 WARN=0 ERROR=0 SKIP=0 TOTAL=1
[0m14:42:00.673563 [debug] [MainThread]: Command `dbt run` succeeded at 14:42:00.672606 after 14.57 seconds
[0m14:42:00.678605 [debug] [MainThread]: Sending event: {'category': 'dbt', 'action': 'invocation', 'label': 'end', 'context': [<snowplow_tracker.self_describing_json.SelfDescribingJson object at 0x0000024DA3D37320>, <snowplow_tracker.self_describing_json.SelfDescribingJson object at 0x0000024DA41781A0>, <snowplow_tracker.self_describing_json.SelfDescribingJson object at 0x0000024DA4009850>]}
[0m14:42:00.683571 [debug] [MainThread]: Flushing usage events
[0m14:42:00.702728 [debug] [MainThread]: An error was encountered while trying to flush usage events
[0m14:42:36.293559 [debug] [MainThread]: Sending event: {'category': 'dbt', 'action': 'invocation', 'label': 'start', 'context': [<snowplow_tracker.self_describing_json.SelfDescribingJson object at 0x000001B406D3D790>, <snowplow_tracker.self_describing_json.SelfDescribingJson object at 0x000001B406D3D7F0>, <snowplow_tracker.self_describing_json.SelfDescribingJson object at 0x000001B406D3F2F0>]}


============================== 14:42:36.329392 | 088a1bfc-a2f0-48db-ae0c-dffa1e5b8330 ==============================
[0m14:42:36.329392 [info ] [MainThread]: Running with dbt=1.9.0
[0m14:42:36.340954 [debug] [MainThread]: running dbt with arguments {'printer_width': '80', 'indirect_selection': 'eager', 'write_json': 'True', 'log_cache_events': 'False', 'partial_parse': 'True', 'cache_selected_only': 'False', 'profiles_dir': 'C:\\Users\\kashv\\.dbt', 'fail_fast': 'False', 'debug': 'False', 'log_path': 'C:\\Users\\kashv\\dbt_workspace\\dbt_pg_tutorial\\logs', 'version_check': 'True', 'warn_error': 'None', 'use_colors': 'True', 'use_experimental_parser': 'False', 'no_print': 'None', 'quiet': 'False', 'empty': 'False', 'log_format': 'default', 'introspect': 'True', 'warn_error_options': 'WarnErrorOptions(include=[], exclude=[])', 'static_parser': 'True', 'target_path': 'None', 'invocation_command': 'dbt run -m marts', 'send_anonymous_usage_stats': 'True'}
[0m14:42:37.984749 [debug] [MainThread]: Sending event: {'category': 'dbt', 'action': 'project_id', 'label': '088a1bfc-a2f0-48db-ae0c-dffa1e5b8330', 'context': [<snowplow_tracker.self_describing_json.SelfDescribingJson object at 0x000001B406934530>]}
[0m14:42:38.449839 [debug] [MainThread]: Sending event: {'category': 'dbt', 'action': 'adapter_info', 'label': '088a1bfc-a2f0-48db-ae0c-dffa1e5b8330', 'context': [<snowplow_tracker.self_describing_json.SelfDescribingJson object at 0x000001B4063FC050>]}
[0m14:42:38.462084 [info ] [MainThread]: Registered adapter: postgres=1.9.1
[0m14:42:41.354543 [debug] [MainThread]: checksum: c99e828bba267739642b5a3ce85f17518764ea526e0e6c4fdc649171c1a66bff, vars: {}, profile: , target: , version: 1.9.0
[0m14:42:42.948766 [debug] [MainThread]: Partial parsing enabled: 0 files deleted, 0 files added, 0 files changed.
[0m14:42:42.953900 [debug] [MainThread]: Partial parsing enabled, no changes found, skipping parsing
[0m14:42:43.265270 [debug] [MainThread]: Sending event: {'category': 'dbt', 'action': 'load_project', 'label': '088a1bfc-a2f0-48db-ae0c-dffa1e5b8330', 'context': [<snowplow_tracker.self_describing_json.SelfDescribingJson object at 0x000001B4070D3C80>]}
[0m14:42:43.942888 [debug] [MainThread]: Wrote artifact WritableManifest to C:\Users\kashv\dbt_workspace\dbt_pg_tutorial\target\manifest.json
[0m14:42:44.082643 [debug] [MainThread]: Wrote artifact SemanticManifest to C:\Users\kashv\dbt_workspace\dbt_pg_tutorial\target\semantic_manifest.json
[0m14:42:44.400354 [debug] [MainThread]: Sending event: {'category': 'dbt', 'action': 'resource_counts', 'label': '088a1bfc-a2f0-48db-ae0c-dffa1e5b8330', 'context': [<snowplow_tracker.self_describing_json.SelfDescribingJson object at 0x000001B40847BC20>]}
[0m14:42:44.405536 [info ] [MainThread]: Found 6 models, 2 data tests, 3 sources, 434 macros
[0m14:42:44.411775 [debug] [MainThread]: Sending event: {'category': 'dbt', 'action': 'runnable_timing', 'label': '088a1bfc-a2f0-48db-ae0c-dffa1e5b8330', 'context': [<snowplow_tracker.self_describing_json.SelfDescribingJson object at 0x000001B406B2A750>]}
[0m14:42:44.424507 [info ] [MainThread]: 
[0m14:42:44.432627 [info ] [MainThread]: Concurrency: 4 threads (target='dev')
[0m14:42:44.438768 [info ] [MainThread]: 
[0m14:42:44.446540 [debug] [MainThread]: Acquiring new postgres connection 'master'
[0m14:42:44.479109 [debug] [ThreadPool]: Acquiring new postgres connection 'list_dbt_tutorial'
[0m14:42:45.440826 [debug] [ThreadPool]: Using postgres connection "list_dbt_tutorial"
[0m14:42:45.455352 [debug] [ThreadPool]: On list_dbt_tutorial: /* {"app": "dbt", "dbt_version": "1.9.0", "profile_name": "dbt_pg_tutorial", "target_name": "dev", "connection_name": "list_dbt_tutorial"} */

    select distinct nspname from pg_namespace
  
[0m14:42:45.459416 [debug] [ThreadPool]: Opening a new connection, currently in state init
[0m14:42:46.048167 [debug] [ThreadPool]: SQL status: SELECT 12 in 0.588 seconds
[0m14:42:46.060734 [debug] [ThreadPool]: On list_dbt_tutorial: Close
[0m14:42:46.076609 [debug] [ThreadPool]: Acquiring new postgres connection 'list_dbt_tutorial_analytics_intermediate'
[0m14:42:46.083194 [debug] [ThreadPool]: Acquiring new postgres connection 'list_dbt_tutorial_analytics_marts'
[0m14:42:46.097229 [debug] [ThreadPool]: Acquiring new postgres connection 'list_dbt_tutorial_analytics_staging'
[0m14:42:46.129104 [debug] [ThreadPool]: Using postgres connection "list_dbt_tutorial_analytics_intermediate"
[0m14:42:46.143371 [debug] [ThreadPool]: Using postgres connection "list_dbt_tutorial_analytics_marts"
[0m14:42:46.158486 [debug] [ThreadPool]: Using postgres connection "list_dbt_tutorial_analytics_staging"
[0m14:42:46.161725 [debug] [ThreadPool]: On list_dbt_tutorial_analytics_intermediate: BEGIN
[0m14:42:46.167623 [debug] [ThreadPool]: On list_dbt_tutorial_analytics_marts: BEGIN
[0m14:42:46.171724 [debug] [ThreadPool]: On list_dbt_tutorial_analytics_staging: BEGIN
[0m14:42:46.176188 [debug] [ThreadPool]: Opening a new connection, currently in state init
[0m14:42:46.180336 [debug] [ThreadPool]: Opening a new connection, currently in state init
[0m14:42:46.185344 [debug] [ThreadPool]: Opening a new connection, currently in state init
[0m14:42:46.702542 [debug] [ThreadPool]: SQL status: BEGIN in 0.526 seconds
[0m14:42:46.708631 [debug] [ThreadPool]: Using postgres connection "list_dbt_tutorial_analytics_intermediate"
[0m14:42:46.713565 [debug] [ThreadPool]: On list_dbt_tutorial_analytics_intermediate: /* {"app": "dbt", "dbt_version": "1.9.0", "profile_name": "dbt_pg_tutorial", "target_name": "dev", "connection_name": "list_dbt_tutorial_analytics_intermediate"} */
select
      'dbt_tutorial' as database,
      tablename as name,
      schemaname as schema,
      'table' as type
    from pg_tables
    where schemaname ilike 'analytics_intermediate'
    union all
    select
      'dbt_tutorial' as database,
      viewname as name,
      schemaname as schema,
      'view' as type
    from pg_views
    where schemaname ilike 'analytics_intermediate'
    union all
    select
      'dbt_tutorial' as database,
      matviewname as name,
      schemaname as schema,
      'materialized_view' as type
    from pg_matviews
    where schemaname ilike 'analytics_intermediate'
  
[0m14:42:46.747699 [debug] [ThreadPool]: SQL status: SELECT 1 in 0.030 seconds
[0m14:42:46.759544 [debug] [ThreadPool]: On list_dbt_tutorial_analytics_intermediate: ROLLBACK
[0m14:42:46.766572 [debug] [ThreadPool]: On list_dbt_tutorial_analytics_intermediate: Close
[0m14:42:46.787546 [debug] [ThreadPool]: SQL status: BEGIN in 0.607 seconds
[0m14:42:46.793415 [debug] [ThreadPool]: Using postgres connection "list_dbt_tutorial_analytics_marts"
[0m14:42:46.799716 [debug] [ThreadPool]: On list_dbt_tutorial_analytics_marts: /* {"app": "dbt", "dbt_version": "1.9.0", "profile_name": "dbt_pg_tutorial", "target_name": "dev", "connection_name": "list_dbt_tutorial_analytics_marts"} */
select
      'dbt_tutorial' as database,
      tablename as name,
      schemaname as schema,
      'table' as type
    from pg_tables
    where schemaname ilike 'analytics_marts'
    union all
    select
      'dbt_tutorial' as database,
      viewname as name,
      schemaname as schema,
      'view' as type
    from pg_views
    where schemaname ilike 'analytics_marts'
    union all
    select
      'dbt_tutorial' as database,
      matviewname as name,
      schemaname as schema,
      'materialized_view' as type
    from pg_matviews
    where schemaname ilike 'analytics_marts'
  
[0m14:42:46.829844 [debug] [ThreadPool]: SQL status: SELECT 0 in 0.026 seconds
[0m14:42:46.840901 [debug] [ThreadPool]: On list_dbt_tutorial_analytics_marts: ROLLBACK
[0m14:42:46.848337 [debug] [ThreadPool]: On list_dbt_tutorial_analytics_marts: Close
[0m14:42:46.888657 [debug] [ThreadPool]: SQL status: BEGIN in 0.704 seconds
[0m14:42:46.895617 [debug] [ThreadPool]: Using postgres connection "list_dbt_tutorial_analytics_staging"
[0m14:42:46.900665 [debug] [ThreadPool]: On list_dbt_tutorial_analytics_staging: /* {"app": "dbt", "dbt_version": "1.9.0", "profile_name": "dbt_pg_tutorial", "target_name": "dev", "connection_name": "list_dbt_tutorial_analytics_staging"} */
select
      'dbt_tutorial' as database,
      tablename as name,
      schemaname as schema,
      'table' as type
    from pg_tables
    where schemaname ilike 'analytics_staging'
    union all
    select
      'dbt_tutorial' as database,
      viewname as name,
      schemaname as schema,
      'view' as type
    from pg_views
    where schemaname ilike 'analytics_staging'
    union all
    select
      'dbt_tutorial' as database,
      matviewname as name,
      schemaname as schema,
      'materialized_view' as type
    from pg_matviews
    where schemaname ilike 'analytics_staging'
  
[0m14:42:46.930907 [debug] [ThreadPool]: SQL status: SELECT 3 in 0.025 seconds
[0m14:42:46.941601 [debug] [ThreadPool]: On list_dbt_tutorial_analytics_staging: ROLLBACK
[0m14:42:46.947753 [debug] [ThreadPool]: On list_dbt_tutorial_analytics_staging: Close
[0m14:42:46.985425 [debug] [MainThread]: Using postgres connection "master"
[0m14:42:46.990401 [debug] [MainThread]: On master: BEGIN
[0m14:42:46.994401 [debug] [MainThread]: Opening a new connection, currently in state init
[0m14:42:47.493814 [debug] [MainThread]: SQL status: BEGIN in 0.499 seconds
[0m14:42:47.498869 [debug] [MainThread]: Using postgres connection "master"
[0m14:42:47.503832 [debug] [MainThread]: On master: /* {"app": "dbt", "dbt_version": "1.9.0", "profile_name": "dbt_pg_tutorial", "target_name": "dev", "connection_name": "master"} */
select distinct
        dependent_namespace.nspname as dependent_schema,
        dependent_class.relname as dependent_name,
        referenced_namespace.nspname as referenced_schema,
        referenced_class.relname as referenced_name

    -- Query for views: views are entries in pg_class with an entry in pg_rewrite, but we avoid
    -- a seq scan on pg_rewrite by leveraging the fact there is an "internal" row in pg_depend for
    -- the view...
    from pg_class as dependent_class
    join pg_namespace as dependent_namespace on dependent_namespace.oid = dependent_class.relnamespace
    join pg_depend as dependent_depend on dependent_depend.refobjid = dependent_class.oid
        and dependent_depend.classid = 'pg_rewrite'::regclass
        and dependent_depend.refclassid = 'pg_class'::regclass
        and dependent_depend.deptype = 'i'

    -- ... and via pg_depend (that has a row per column, hence the need for "distinct" above, and
    -- making sure to exclude the internal row to avoid a view appearing to depend on itself)...
    join pg_depend as joining_depend on joining_depend.objid = dependent_depend.objid
        and joining_depend.classid = 'pg_rewrite'::regclass
        and joining_depend.refclassid = 'pg_class'::regclass
        and joining_depend.refobjid != dependent_depend.refobjid

    -- ... we can find the tables they query from in pg_class, but excluding system tables. Note we
    -- don't need need to exclude _dependent_ system tables, because they only query from other
    -- system tables, and so are automatically excluded by excluding _referenced_ system tables
    join pg_class as referenced_class on referenced_class.oid = joining_depend.refobjid
    join pg_namespace as referenced_namespace on referenced_namespace.oid = referenced_class.relnamespace
        and referenced_namespace.nspname != 'information_schema'
        and referenced_namespace.nspname not like 'pg\_%'

    order by
        dependent_schema, dependent_name, referenced_schema, referenced_name;
[0m14:42:47.537863 [debug] [MainThread]: SQL status: SELECT 15 in 0.030 seconds
[0m14:42:47.553807 [debug] [MainThread]: Sending event: {'category': 'dbt', 'action': 'runnable_timing', 'label': '088a1bfc-a2f0-48db-ae0c-dffa1e5b8330', 'context': [<snowplow_tracker.self_describing_json.SelfDescribingJson object at 0x000001B407013710>]}
[0m14:42:47.558810 [debug] [MainThread]: On master: ROLLBACK
[0m14:42:47.564817 [debug] [MainThread]: Using postgres connection "master"
[0m14:42:47.569946 [debug] [MainThread]: On master: BEGIN
[0m14:42:47.576959 [debug] [MainThread]: SQL status: BEGIN in 0.002 seconds
[0m14:42:47.580599 [debug] [MainThread]: On master: COMMIT
[0m14:42:47.585744 [debug] [MainThread]: Using postgres connection "master"
[0m14:42:47.590737 [debug] [MainThread]: On master: COMMIT
[0m14:42:47.595742 [debug] [MainThread]: SQL status: COMMIT in 0.001 seconds
[0m14:42:47.600736 [debug] [MainThread]: On master: Close
[0m14:42:47.621739 [debug] [Thread-1 (]: Began running node model.dbt_pg_tutorial.dim_customers
[0m14:42:47.625877 [debug] [Thread-2 (]: Began running node model.dbt_pg_tutorial.fct_orders
[0m14:42:47.630875 [info ] [Thread-1 (]: 1 of 2 START sql table model analytics_marts.dim_customers ..................... [RUN]
[0m14:42:47.638114 [info ] [Thread-2 (]: 2 of 2 START sql table model analytics_marts.fct_orders ........................ [RUN]
[0m14:42:47.645651 [debug] [Thread-1 (]: Acquiring new postgres connection 'model.dbt_pg_tutorial.dim_customers'
[0m14:42:47.654315 [debug] [Thread-2 (]: Acquiring new postgres connection 'model.dbt_pg_tutorial.fct_orders'
[0m14:42:47.659982 [debug] [Thread-1 (]: Began compiling node model.dbt_pg_tutorial.dim_customers
[0m14:42:47.665255 [debug] [Thread-2 (]: Began compiling node model.dbt_pg_tutorial.fct_orders
[0m14:42:47.721477 [debug] [Thread-1 (]: Writing injected SQL for node "model.dbt_pg_tutorial.dim_customers"
[0m14:42:47.741438 [debug] [Thread-2 (]: Writing injected SQL for node "model.dbt_pg_tutorial.fct_orders"
[0m14:42:47.805002 [debug] [Thread-1 (]: Began executing node model.dbt_pg_tutorial.dim_customers
[0m14:42:47.809094 [debug] [Thread-2 (]: Began executing node model.dbt_pg_tutorial.fct_orders
[0m14:42:48.305559 [debug] [Thread-1 (]: Writing runtime sql for node "model.dbt_pg_tutorial.dim_customers"
[0m14:42:48.324748 [debug] [Thread-2 (]: Writing runtime sql for node "model.dbt_pg_tutorial.fct_orders"
[0m14:42:48.390079 [debug] [Thread-1 (]: Using postgres connection "model.dbt_pg_tutorial.dim_customers"
[0m14:42:48.394076 [debug] [Thread-2 (]: Using postgres connection "model.dbt_pg_tutorial.fct_orders"
[0m14:42:48.399076 [debug] [Thread-1 (]: On model.dbt_pg_tutorial.dim_customers: BEGIN
[0m14:42:48.404079 [debug] [Thread-2 (]: On model.dbt_pg_tutorial.fct_orders: BEGIN
[0m14:42:48.408110 [debug] [Thread-1 (]: Opening a new connection, currently in state init
[0m14:42:48.413108 [debug] [Thread-2 (]: Opening a new connection, currently in state init
[0m14:42:48.902537 [debug] [Thread-1 (]: SQL status: BEGIN in 0.494 seconds
[0m14:42:48.907535 [debug] [Thread-1 (]: Using postgres connection "model.dbt_pg_tutorial.dim_customers"
[0m14:42:48.912566 [debug] [Thread-1 (]: On model.dbt_pg_tutorial.dim_customers: /* {"app": "dbt", "dbt_version": "1.9.0", "profile_name": "dbt_pg_tutorial", "target_name": "dev", "node_id": "model.dbt_pg_tutorial.dim_customers"} */

  
    

  create  table "dbt_tutorial"."analytics_marts"."dim_customers__dbt_tmp"
  
  
    as
  
  (
    

select
    c.customer_id,
    initcap(c.first_name) as first_name,
    initcap(c.last_name)  as last_name,
    c.email,
    c.created_at
from "dbt_tutorial"."analytics_staging"."stg_customers" c
  );
  
[0m14:42:48.929214 [debug] [Thread-1 (]: Postgres adapter: Postgres error: permission denied for table customers

[0m14:42:48.934212 [debug] [Thread-1 (]: On model.dbt_pg_tutorial.dim_customers: ROLLBACK
[0m14:42:48.941949 [debug] [Thread-1 (]: On model.dbt_pg_tutorial.dim_customers: Close
[0m14:42:48.992218 [debug] [Thread-2 (]: SQL status: BEGIN in 0.579 seconds
[0m14:42:48.997177 [debug] [Thread-2 (]: Using postgres connection "model.dbt_pg_tutorial.fct_orders"
[0m14:42:49.002061 [debug] [Thread-2 (]: On model.dbt_pg_tutorial.fct_orders: /* {"app": "dbt", "dbt_version": "1.9.0", "profile_name": "dbt_pg_tutorial", "target_name": "dev", "node_id": "model.dbt_pg_tutorial.fct_orders"} */

  
    

  create  table "dbt_tutorial"."analytics_marts"."fct_orders__dbt_tmp"
  
  
    as
  
  (
    

select
    i.order_id,
    i.customer_id,
    i.order_timestamp,
    i.status,
    i.total_amount,
    i.total_paid,
    i.payment_count,
    i.outstanding_amount,
    case
        when i.outstanding_amount = 0 and i.total_amount > 0 then true
        else false
    end as is_fully_paid
from "dbt_tutorial"."analytics_intermediate"."int_order_payments" i
  );
  
[0m14:42:49.027220 [debug] [Thread-2 (]: Postgres adapter: Postgres error: permission denied for table orders

[0m14:42:49.032215 [debug] [Thread-2 (]: On model.dbt_pg_tutorial.fct_orders: ROLLBACK
[0m14:42:49.045633 [debug] [Thread-1 (]: Database Error in model dim_customers (models\marts\dim_customers.sql)
  permission denied for table customers
  compiled code at target\run\dbt_pg_tutorial\models\marts\dim_customers.sql
[0m14:42:49.050075 [debug] [Thread-2 (]: On model.dbt_pg_tutorial.fct_orders: Close
[0m14:42:49.074314 [debug] [Thread-1 (]: Sending event: {'category': 'dbt', 'action': 'run_model', 'label': '088a1bfc-a2f0-48db-ae0c-dffa1e5b8330', 'context': [<snowplow_tracker.self_describing_json.SelfDescribingJson object at 0x000001B406341070>]}
[0m14:42:49.083008 [error] [Thread-1 (]: 1 of 2 ERROR creating sql table model analytics_marts.dim_customers ............ [[31mERROR[0m in 1.41s]
[0m14:42:49.094638 [debug] [Thread-1 (]: Finished running node model.dbt_pg_tutorial.dim_customers
[0m14:42:49.105595 [debug] [Thread-2 (]: Database Error in model fct_orders (models\marts\fct_orders.sql)
  permission denied for table orders
  compiled code at target\run\dbt_pg_tutorial\models\marts\fct_orders.sql
[0m14:42:49.112745 [debug] [Thread-7 (]: Marking all children of 'model.dbt_pg_tutorial.dim_customers' to be skipped because of status 'error'.  Reason: Database Error in model dim_customers (models\marts\dim_customers.sql)
  permission denied for table customers
  compiled code at target\run\dbt_pg_tutorial\models\marts\dim_customers.sql.
[0m14:42:49.118597 [debug] [Thread-2 (]: Sending event: {'category': 'dbt', 'action': 'run_model', 'label': '088a1bfc-a2f0-48db-ae0c-dffa1e5b8330', 'context': [<snowplow_tracker.self_describing_json.SelfDescribingJson object at 0x000001B4089B2C30>]}
[0m14:42:49.132584 [error] [Thread-2 (]: 2 of 2 ERROR creating sql table model analytics_marts.fct_orders ............... [[31mERROR[0m in 1.47s]
[0m14:42:49.140587 [debug] [Thread-2 (]: Finished running node model.dbt_pg_tutorial.fct_orders
[0m14:42:49.148470 [debug] [Thread-7 (]: Marking all children of 'model.dbt_pg_tutorial.fct_orders' to be skipped because of status 'error'.  Reason: Database Error in model fct_orders (models\marts\fct_orders.sql)
  permission denied for table orders
  compiled code at target\run\dbt_pg_tutorial\models\marts\fct_orders.sql.
[0m14:42:49.161612 [debug] [MainThread]: Using postgres connection "master"
[0m14:42:49.167523 [debug] [MainThread]: On master: BEGIN
[0m14:42:49.171798 [debug] [MainThread]: Opening a new connection, currently in state closed
[0m14:42:49.640742 [debug] [MainThread]: SQL status: BEGIN in 0.469 seconds
[0m14:42:49.645742 [debug] [MainThread]: On master: COMMIT
[0m14:42:49.651069 [debug] [MainThread]: Using postgres connection "master"
[0m14:42:49.655339 [debug] [MainThread]: On master: COMMIT
[0m14:42:49.660388 [debug] [MainThread]: SQL status: COMMIT in 0.001 seconds
[0m14:42:49.665240 [debug] [MainThread]: On master: Close
[0m14:42:49.671393 [debug] [MainThread]: Connection 'master' was properly closed.
[0m14:42:49.675387 [debug] [MainThread]: Connection 'list_dbt_tutorial' was properly closed.
[0m14:42:49.679437 [debug] [MainThread]: Connection 'list_dbt_tutorial_analytics_intermediate' was properly closed.
[0m14:42:49.683718 [debug] [MainThread]: Connection 'list_dbt_tutorial_analytics_marts' was properly closed.
[0m14:42:49.689320 [debug] [MainThread]: Connection 'list_dbt_tutorial_analytics_staging' was properly closed.
[0m14:42:49.693320 [debug] [MainThread]: Connection 'model.dbt_pg_tutorial.dim_customers' was properly closed.
[0m14:42:49.696407 [debug] [MainThread]: Connection 'model.dbt_pg_tutorial.fct_orders' was properly closed.
[0m14:42:49.700318 [info ] [MainThread]: 
[0m14:42:49.706419 [info ] [MainThread]: Finished running 2 table models in 0 hours 0 minutes and 5.25 seconds (5.25s).
[0m14:42:49.717335 [debug] [MainThread]: Command end result
[0m14:42:49.972404 [debug] [MainThread]: Wrote artifact WritableManifest to C:\Users\kashv\dbt_workspace\dbt_pg_tutorial\target\manifest.json
[0m14:42:50.013952 [debug] [MainThread]: Wrote artifact SemanticManifest to C:\Users\kashv\dbt_workspace\dbt_pg_tutorial\target\semantic_manifest.json
[0m14:42:50.082423 [debug] [MainThread]: Wrote artifact RunExecutionResult to C:\Users\kashv\dbt_workspace\dbt_pg_tutorial\target\run_results.json
[0m14:42:50.087798 [info ] [MainThread]: 
[0m14:42:50.092862 [info ] [MainThread]: [31mCompleted with 2 errors, 0 partial successes, and 0 warnings:[0m
[0m14:42:50.099660 [info ] [MainThread]: 
[0m14:42:50.107526 [error] [MainThread]:   Database Error in model dim_customers (models\marts\dim_customers.sql)
  permission denied for table customers
  compiled code at target\run\dbt_pg_tutorial\models\marts\dim_customers.sql
[0m14:42:50.114666 [info ] [MainThread]: 
[0m14:42:50.121639 [error] [MainThread]:   Database Error in model fct_orders (models\marts\fct_orders.sql)
  permission denied for table orders
  compiled code at target\run\dbt_pg_tutorial\models\marts\fct_orders.sql
[0m14:42:50.128553 [info ] [MainThread]: 
[0m14:42:50.136508 [info ] [MainThread]: Done. PASS=0 WARN=0 ERROR=2 SKIP=0 TOTAL=2
[0m14:42:50.147019 [debug] [MainThread]: Command `dbt run` failed at 14:42:50.146021 after 14.96 seconds
[0m14:42:50.152868 [debug] [MainThread]: Sending event: {'category': 'dbt', 'action': 'invocation', 'label': 'end', 'context': [<snowplow_tracker.self_describing_json.SelfDescribingJson object at 0x000001B406E78380>, <snowplow_tracker.self_describing_json.SelfDescribingJson object at 0x000001B4086A7770>, <snowplow_tracker.self_describing_json.SelfDescribingJson object at 0x000001B4086A77D0>]}
[0m14:42:50.157981 [debug] [MainThread]: Flushing usage events
[0m14:42:50.176145 [debug] [MainThread]: An error was encountered while trying to flush usage events
[0m14:52:00.581159 [debug] [MainThread]: Sending event: {'category': 'dbt', 'action': 'invocation', 'label': 'start', 'context': [<snowplow_tracker.self_describing_json.SelfDescribingJson object at 0x00000286D4C91E20>, <snowplow_tracker.self_describing_json.SelfDescribingJson object at 0x00000286D20B02C0>, <snowplow_tracker.self_describing_json.SelfDescribingJson object at 0x00000286D45BBC20>]}


============================== 14:52:00.614697 | bdd031ba-1fa6-4665-b3a3-199217da116c ==============================
[0m14:52:00.614697 [info ] [MainThread]: Running with dbt=1.9.0
[0m14:52:00.622611 [debug] [MainThread]: running dbt with arguments {'printer_width': '80', 'indirect_selection': 'eager', 'log_cache_events': 'False', 'write_json': 'True', 'partial_parse': 'True', 'cache_selected_only': 'False', 'profiles_dir': 'C:\\Users\\kashv\\.dbt', 'version_check': 'True', 'debug': 'False', 'log_path': 'C:\\Users\\kashv\\dbt_workspace\\dbt_pg_tutorial\\logs', 'warn_error': 'None', 'fail_fast': 'False', 'use_colors': 'True', 'use_experimental_parser': 'False', 'empty': 'False', 'quiet': 'False', 'no_print': 'None', 'warn_error_options': 'WarnErrorOptions(include=[], exclude=[])', 'static_parser': 'True', 'invocation_command': 'dbt run -m marts', 'introspect': 'True', 'target_path': 'None', 'log_format': 'default', 'send_anonymous_usage_stats': 'True'}
[0m14:52:02.159730 [debug] [MainThread]: Sending event: {'category': 'dbt', 'action': 'project_id', 'label': 'bdd031ba-1fa6-4665-b3a3-199217da116c', 'context': [<snowplow_tracker.self_describing_json.SelfDescribingJson object at 0x00000286D51994F0>]}
[0m14:52:02.611334 [debug] [MainThread]: Sending event: {'category': 'dbt', 'action': 'adapter_info', 'label': 'bdd031ba-1fa6-4665-b3a3-199217da116c', 'context': [<snowplow_tracker.self_describing_json.SelfDescribingJson object at 0x00000286D5263EF0>]}
[0m14:52:02.622196 [info ] [MainThread]: Registered adapter: postgres=1.9.1
[0m14:52:05.471301 [debug] [MainThread]: checksum: c99e828bba267739642b5a3ce85f17518764ea526e0e6c4fdc649171c1a66bff, vars: {}, profile: , target: , version: 1.9.0
[0m14:52:07.067456 [debug] [MainThread]: Partial parsing enabled: 0 files deleted, 0 files added, 0 files changed.
[0m14:52:07.082211 [debug] [MainThread]: Partial parsing enabled, no changes found, skipping parsing
[0m14:52:07.387182 [debug] [MainThread]: Sending event: {'category': 'dbt', 'action': 'load_project', 'label': 'bdd031ba-1fa6-4665-b3a3-199217da116c', 'context': [<snowplow_tracker.self_describing_json.SelfDescribingJson object at 0x00000286D5234110>]}
[0m14:52:08.073042 [debug] [MainThread]: Wrote artifact WritableManifest to C:\Users\kashv\dbt_workspace\dbt_pg_tutorial\target\manifest.json
[0m14:52:08.213411 [debug] [MainThread]: Wrote artifact SemanticManifest to C:\Users\kashv\dbt_workspace\dbt_pg_tutorial\target\semantic_manifest.json
[0m14:52:08.521822 [debug] [MainThread]: Sending event: {'category': 'dbt', 'action': 'resource_counts', 'label': 'bdd031ba-1fa6-4665-b3a3-199217da116c', 'context': [<snowplow_tracker.self_describing_json.SelfDescribingJson object at 0x00000286D67FFB30>]}
[0m14:52:08.526831 [info ] [MainThread]: Found 6 models, 2 data tests, 3 sources, 434 macros
[0m14:52:08.534083 [debug] [MainThread]: Sending event: {'category': 'dbt', 'action': 'runnable_timing', 'label': 'bdd031ba-1fa6-4665-b3a3-199217da116c', 'context': [<snowplow_tracker.self_describing_json.SelfDescribingJson object at 0x00000286D510ECC0>]}
[0m14:52:08.547086 [info ] [MainThread]: 
[0m14:52:08.554030 [info ] [MainThread]: Concurrency: 4 threads (target='dev')
[0m14:52:08.559459 [info ] [MainThread]: 
[0m14:52:08.568295 [debug] [MainThread]: Acquiring new postgres connection 'master'
[0m14:52:08.611510 [debug] [ThreadPool]: Acquiring new postgres connection 'list_dbt_tutorial'
[0m14:52:09.610222 [debug] [ThreadPool]: Using postgres connection "list_dbt_tutorial"
[0m14:52:09.615221 [debug] [ThreadPool]: On list_dbt_tutorial: /* {"app": "dbt", "dbt_version": "1.9.0", "profile_name": "dbt_pg_tutorial", "target_name": "dev", "connection_name": "list_dbt_tutorial"} */

    select distinct nspname from pg_namespace
  
[0m14:52:09.620222 [debug] [ThreadPool]: Opening a new connection, currently in state init
[0m14:52:10.182110 [debug] [ThreadPool]: SQL status: SELECT 12 in 0.562 seconds
[0m14:52:10.193091 [debug] [ThreadPool]: On list_dbt_tutorial: Close
[0m14:52:10.210090 [debug] [ThreadPool]: Acquiring new postgres connection 'list_dbt_tutorial_analytics_marts'
[0m14:52:10.216105 [debug] [ThreadPool]: Acquiring new postgres connection 'list_dbt_tutorial_analytics_intermediate'
[0m14:52:10.241088 [debug] [ThreadPool]: Acquiring new postgres connection 'list_dbt_tutorial_analytics_staging'
[0m14:52:10.262831 [debug] [ThreadPool]: Using postgres connection "list_dbt_tutorial_analytics_marts"
[0m14:52:10.276615 [debug] [ThreadPool]: Using postgres connection "list_dbt_tutorial_analytics_intermediate"
[0m14:52:10.292169 [debug] [ThreadPool]: Using postgres connection "list_dbt_tutorial_analytics_staging"
[0m14:52:10.298174 [debug] [ThreadPool]: On list_dbt_tutorial_analytics_marts: BEGIN
[0m14:52:10.305171 [debug] [ThreadPool]: On list_dbt_tutorial_analytics_intermediate: BEGIN
[0m14:52:10.311175 [debug] [ThreadPool]: On list_dbt_tutorial_analytics_staging: BEGIN
[0m14:52:10.315171 [debug] [ThreadPool]: Opening a new connection, currently in state init
[0m14:52:10.321174 [debug] [ThreadPool]: Opening a new connection, currently in state init
[0m14:52:10.325173 [debug] [ThreadPool]: Opening a new connection, currently in state init
[0m14:52:10.851611 [debug] [ThreadPool]: SQL status: BEGIN in 0.536 seconds
[0m14:52:10.856613 [debug] [ThreadPool]: Using postgres connection "list_dbt_tutorial_analytics_marts"
[0m14:52:10.861646 [debug] [ThreadPool]: On list_dbt_tutorial_analytics_marts: /* {"app": "dbt", "dbt_version": "1.9.0", "profile_name": "dbt_pg_tutorial", "target_name": "dev", "connection_name": "list_dbt_tutorial_analytics_marts"} */
select
      'dbt_tutorial' as database,
      tablename as name,
      schemaname as schema,
      'table' as type
    from pg_tables
    where schemaname ilike 'analytics_marts'
    union all
    select
      'dbt_tutorial' as database,
      viewname as name,
      schemaname as schema,
      'view' as type
    from pg_views
    where schemaname ilike 'analytics_marts'
    union all
    select
      'dbt_tutorial' as database,
      matviewname as name,
      schemaname as schema,
      'materialized_view' as type
    from pg_matviews
    where schemaname ilike 'analytics_marts'
  
[0m14:52:10.894200 [debug] [ThreadPool]: SQL status: SELECT 0 in 0.028 seconds
[0m14:52:10.905225 [debug] [ThreadPool]: On list_dbt_tutorial_analytics_marts: ROLLBACK
[0m14:52:10.911226 [debug] [ThreadPool]: On list_dbt_tutorial_analytics_marts: Close
[0m14:52:10.940611 [debug] [ThreadPool]: SQL status: BEGIN in 0.620 seconds
[0m14:52:10.948622 [debug] [ThreadPool]: Using postgres connection "list_dbt_tutorial_analytics_intermediate"
[0m14:52:10.954186 [debug] [ThreadPool]: On list_dbt_tutorial_analytics_intermediate: /* {"app": "dbt", "dbt_version": "1.9.0", "profile_name": "dbt_pg_tutorial", "target_name": "dev", "connection_name": "list_dbt_tutorial_analytics_intermediate"} */
select
      'dbt_tutorial' as database,
      tablename as name,
      schemaname as schema,
      'table' as type
    from pg_tables
    where schemaname ilike 'analytics_intermediate'
    union all
    select
      'dbt_tutorial' as database,
      viewname as name,
      schemaname as schema,
      'view' as type
    from pg_views
    where schemaname ilike 'analytics_intermediate'
    union all
    select
      'dbt_tutorial' as database,
      matviewname as name,
      schemaname as schema,
      'materialized_view' as type
    from pg_matviews
    where schemaname ilike 'analytics_intermediate'
  
[0m14:52:10.985745 [debug] [ThreadPool]: SQL status: SELECT 1 in 0.027 seconds
[0m14:52:10.999779 [debug] [ThreadPool]: On list_dbt_tutorial_analytics_intermediate: ROLLBACK
[0m14:52:11.007680 [debug] [ThreadPool]: On list_dbt_tutorial_analytics_intermediate: Close
[0m14:52:11.041490 [debug] [ThreadPool]: SQL status: BEGIN in 0.716 seconds
[0m14:52:11.045489 [debug] [ThreadPool]: Using postgres connection "list_dbt_tutorial_analytics_staging"
[0m14:52:11.050488 [debug] [ThreadPool]: On list_dbt_tutorial_analytics_staging: /* {"app": "dbt", "dbt_version": "1.9.0", "profile_name": "dbt_pg_tutorial", "target_name": "dev", "connection_name": "list_dbt_tutorial_analytics_staging"} */
select
      'dbt_tutorial' as database,
      tablename as name,
      schemaname as schema,
      'table' as type
    from pg_tables
    where schemaname ilike 'analytics_staging'
    union all
    select
      'dbt_tutorial' as database,
      viewname as name,
      schemaname as schema,
      'view' as type
    from pg_views
    where schemaname ilike 'analytics_staging'
    union all
    select
      'dbt_tutorial' as database,
      matviewname as name,
      schemaname as schema,
      'materialized_view' as type
    from pg_matviews
    where schemaname ilike 'analytics_staging'
  
[0m14:52:11.081081 [debug] [ThreadPool]: SQL status: SELECT 3 in 0.026 seconds
[0m14:52:11.092081 [debug] [ThreadPool]: On list_dbt_tutorial_analytics_staging: ROLLBACK
[0m14:52:11.098081 [debug] [ThreadPool]: On list_dbt_tutorial_analytics_staging: Close
[0m14:52:11.138080 [debug] [MainThread]: Using postgres connection "master"
[0m14:52:11.143078 [debug] [MainThread]: On master: BEGIN
[0m14:52:11.147078 [debug] [MainThread]: Opening a new connection, currently in state init
[0m14:52:11.623519 [debug] [MainThread]: SQL status: BEGIN in 0.477 seconds
[0m14:52:11.629490 [debug] [MainThread]: Using postgres connection "master"
[0m14:52:11.634486 [debug] [MainThread]: On master: /* {"app": "dbt", "dbt_version": "1.9.0", "profile_name": "dbt_pg_tutorial", "target_name": "dev", "connection_name": "master"} */
select distinct
        dependent_namespace.nspname as dependent_schema,
        dependent_class.relname as dependent_name,
        referenced_namespace.nspname as referenced_schema,
        referenced_class.relname as referenced_name

    -- Query for views: views are entries in pg_class with an entry in pg_rewrite, but we avoid
    -- a seq scan on pg_rewrite by leveraging the fact there is an "internal" row in pg_depend for
    -- the view...
    from pg_class as dependent_class
    join pg_namespace as dependent_namespace on dependent_namespace.oid = dependent_class.relnamespace
    join pg_depend as dependent_depend on dependent_depend.refobjid = dependent_class.oid
        and dependent_depend.classid = 'pg_rewrite'::regclass
        and dependent_depend.refclassid = 'pg_class'::regclass
        and dependent_depend.deptype = 'i'

    -- ... and via pg_depend (that has a row per column, hence the need for "distinct" above, and
    -- making sure to exclude the internal row to avoid a view appearing to depend on itself)...
    join pg_depend as joining_depend on joining_depend.objid = dependent_depend.objid
        and joining_depend.classid = 'pg_rewrite'::regclass
        and joining_depend.refclassid = 'pg_class'::regclass
        and joining_depend.refobjid != dependent_depend.refobjid

    -- ... we can find the tables they query from in pg_class, but excluding system tables. Note we
    -- don't need need to exclude _dependent_ system tables, because they only query from other
    -- system tables, and so are automatically excluded by excluding _referenced_ system tables
    join pg_class as referenced_class on referenced_class.oid = joining_depend.refobjid
    join pg_namespace as referenced_namespace on referenced_namespace.oid = referenced_class.relnamespace
        and referenced_namespace.nspname != 'information_schema'
        and referenced_namespace.nspname not like 'pg\_%'

    order by
        dependent_schema, dependent_name, referenced_schema, referenced_name;
[0m14:52:11.660249 [debug] [MainThread]: SQL status: SELECT 15 in 0.032 seconds
[0m14:52:11.687845 [debug] [MainThread]: Sending event: {'category': 'dbt', 'action': 'runnable_timing', 'label': 'bdd031ba-1fa6-4665-b3a3-199217da116c', 'context': [<snowplow_tracker.self_describing_json.SelfDescribingJson object at 0x00000286D6381940>]}
[0m14:52:11.691908 [debug] [MainThread]: On master: ROLLBACK
[0m14:52:11.691908 [debug] [MainThread]: Using postgres connection "master"
[0m14:52:11.691908 [debug] [MainThread]: On master: BEGIN
[0m14:52:11.707548 [debug] [MainThread]: SQL status: BEGIN in 0.002 seconds
[0m14:52:11.716320 [debug] [MainThread]: On master: COMMIT
[0m14:52:11.718360 [debug] [MainThread]: Using postgres connection "master"
[0m14:52:11.723024 [debug] [MainThread]: On master: COMMIT
[0m14:52:11.727102 [debug] [MainThread]: SQL status: COMMIT in 0.001 seconds
[0m14:52:11.731949 [debug] [MainThread]: On master: Close
[0m14:52:11.756894 [debug] [Thread-1 (]: Began running node model.dbt_pg_tutorial.dim_customers
[0m14:52:11.765341 [debug] [Thread-2 (]: Began running node model.dbt_pg_tutorial.fct_orders
[0m14:52:11.770906 [info ] [Thread-1 (]: 1 of 2 START sql table model analytics_marts.dim_customers ..................... [RUN]
[0m14:52:11.777908 [info ] [Thread-2 (]: 2 of 2 START sql table model analytics_marts.fct_orders ........................ [RUN]
[0m14:52:11.788796 [debug] [Thread-1 (]: Acquiring new postgres connection 'model.dbt_pg_tutorial.dim_customers'
[0m14:52:11.794907 [debug] [Thread-2 (]: Acquiring new postgres connection 'model.dbt_pg_tutorial.fct_orders'
[0m14:52:11.797027 [debug] [Thread-1 (]: Began compiling node model.dbt_pg_tutorial.dim_customers
[0m14:52:11.804582 [debug] [Thread-2 (]: Began compiling node model.dbt_pg_tutorial.fct_orders
[0m14:52:11.851228 [debug] [Thread-1 (]: Writing injected SQL for node "model.dbt_pg_tutorial.dim_customers"
[0m14:52:11.878321 [debug] [Thread-2 (]: Writing injected SQL for node "model.dbt_pg_tutorial.fct_orders"
[0m14:52:11.946191 [debug] [Thread-1 (]: Began executing node model.dbt_pg_tutorial.dim_customers
[0m14:52:11.950819 [debug] [Thread-2 (]: Began executing node model.dbt_pg_tutorial.fct_orders
[0m14:52:12.457637 [debug] [Thread-2 (]: Writing runtime sql for node "model.dbt_pg_tutorial.fct_orders"
[0m14:52:12.459669 [debug] [Thread-1 (]: Writing runtime sql for node "model.dbt_pg_tutorial.dim_customers"
[0m14:52:12.540520 [debug] [Thread-2 (]: Using postgres connection "model.dbt_pg_tutorial.fct_orders"
[0m14:52:12.540520 [debug] [Thread-1 (]: Using postgres connection "model.dbt_pg_tutorial.dim_customers"
[0m14:52:12.549712 [debug] [Thread-2 (]: On model.dbt_pg_tutorial.fct_orders: BEGIN
[0m14:52:12.554810 [debug] [Thread-1 (]: On model.dbt_pg_tutorial.dim_customers: BEGIN
[0m14:52:12.558875 [debug] [Thread-2 (]: Opening a new connection, currently in state init
[0m14:52:12.562942 [debug] [Thread-1 (]: Opening a new connection, currently in state init
[0m14:52:13.053612 [debug] [Thread-2 (]: SQL status: BEGIN in 0.494 seconds
[0m14:52:13.061036 [debug] [Thread-2 (]: Using postgres connection "model.dbt_pg_tutorial.fct_orders"
[0m14:52:13.066024 [debug] [Thread-2 (]: On model.dbt_pg_tutorial.fct_orders: /* {"app": "dbt", "dbt_version": "1.9.0", "profile_name": "dbt_pg_tutorial", "target_name": "dev", "node_id": "model.dbt_pg_tutorial.fct_orders"} */

  
    

  create  table "dbt_tutorial"."analytics_marts"."fct_orders__dbt_tmp"
  
  
    as
  
  (
    

select
    i.order_id,
    i.customer_id,
    i.order_timestamp,
    i.status,
    i.total_amount,
    i.total_paid,
    i.payment_count,
    i.outstanding_amount,
    case
        when i.outstanding_amount = 0 and i.total_amount > 0 then true
        else false
    end as is_fully_paid
from "dbt_tutorial"."analytics_intermediate"."int_order_payments" i
  );
  
[0m14:52:13.092075 [debug] [Thread-2 (]: Postgres adapter: Postgres error: permission denied for table orders

[0m14:52:13.098078 [debug] [Thread-2 (]: On model.dbt_pg_tutorial.fct_orders: ROLLBACK
[0m14:52:13.105119 [debug] [Thread-2 (]: On model.dbt_pg_tutorial.fct_orders: Close
[0m14:52:13.144681 [debug] [Thread-1 (]: SQL status: BEGIN in 0.581 seconds
[0m14:52:13.152686 [debug] [Thread-1 (]: Using postgres connection "model.dbt_pg_tutorial.dim_customers"
[0m14:52:13.159681 [debug] [Thread-1 (]: On model.dbt_pg_tutorial.dim_customers: /* {"app": "dbt", "dbt_version": "1.9.0", "profile_name": "dbt_pg_tutorial", "target_name": "dev", "node_id": "model.dbt_pg_tutorial.dim_customers"} */

  
    

  create  table "dbt_tutorial"."analytics_marts"."dim_customers__dbt_tmp"
  
  
    as
  
  (
    

select
    c.customer_id,
    initcap(c.first_name) as first_name,
    initcap(c.last_name)  as last_name,
    c.email,
    c.created_at
from "dbt_tutorial"."analytics_staging"."stg_customers" c
  );
  
[0m14:52:13.176712 [debug] [Thread-1 (]: Postgres adapter: Postgres error: permission denied for table customers

[0m14:52:13.184265 [debug] [Thread-1 (]: On model.dbt_pg_tutorial.dim_customers: ROLLBACK
[0m14:52:13.192262 [debug] [Thread-1 (]: On model.dbt_pg_tutorial.dim_customers: Close
[0m14:52:13.220263 [debug] [Thread-2 (]: Database Error in model fct_orders (models\marts\fct_orders.sql)
  permission denied for table orders
  compiled code at target\run\dbt_pg_tutorial\models\marts\fct_orders.sql
[0m14:52:13.242267 [debug] [Thread-1 (]: Database Error in model dim_customers (models\marts\dim_customers.sql)
  permission denied for table customers
  compiled code at target\run\dbt_pg_tutorial\models\marts\dim_customers.sql
[0m14:52:13.249264 [debug] [Thread-2 (]: Sending event: {'category': 'dbt', 'action': 'run_model', 'label': 'bdd031ba-1fa6-4665-b3a3-199217da116c', 'context': [<snowplow_tracker.self_describing_json.SelfDescribingJson object at 0x00000286D510F350>]}
[0m14:52:13.252265 [debug] [Thread-1 (]: Sending event: {'category': 'dbt', 'action': 'run_model', 'label': 'bdd031ba-1fa6-4665-b3a3-199217da116c', 'context': [<snowplow_tracker.self_describing_json.SelfDescribingJson object at 0x00000286D4611010>]}
[0m14:52:13.258267 [error] [Thread-2 (]: 2 of 2 ERROR creating sql table model analytics_marts.fct_orders ............... [[31mERROR[0m in 1.43s]
[0m14:52:13.266269 [error] [Thread-1 (]: 1 of 2 ERROR creating sql table model analytics_marts.dim_customers ............ [[31mERROR[0m in 1.46s]
[0m14:52:13.273301 [debug] [Thread-2 (]: Finished running node model.dbt_pg_tutorial.fct_orders
[0m14:52:13.280298 [debug] [Thread-1 (]: Finished running node model.dbt_pg_tutorial.dim_customers
[0m14:52:13.285865 [debug] [Thread-7 (]: Marking all children of 'model.dbt_pg_tutorial.fct_orders' to be skipped because of status 'error'.  Reason: Database Error in model fct_orders (models\marts\fct_orders.sql)
  permission denied for table orders
  compiled code at target\run\dbt_pg_tutorial\models\marts\fct_orders.sql.
[0m14:52:13.300866 [debug] [Thread-7 (]: Marking all children of 'model.dbt_pg_tutorial.dim_customers' to be skipped because of status 'error'.  Reason: Database Error in model dim_customers (models\marts\dim_customers.sql)
  permission denied for table customers
  compiled code at target\run\dbt_pg_tutorial\models\marts\dim_customers.sql.
[0m14:52:13.312896 [debug] [MainThread]: Using postgres connection "master"
[0m14:52:13.317895 [debug] [MainThread]: On master: BEGIN
[0m14:52:13.322458 [debug] [MainThread]: Opening a new connection, currently in state closed
[0m14:52:13.809402 [debug] [MainThread]: SQL status: BEGIN in 0.486 seconds
[0m14:52:13.814955 [debug] [MainThread]: On master: COMMIT
[0m14:52:13.819955 [debug] [MainThread]: Using postgres connection "master"
[0m14:52:13.822950 [debug] [MainThread]: On master: COMMIT
[0m14:52:13.830653 [debug] [MainThread]: SQL status: COMMIT in 0.002 seconds
[0m14:52:13.835661 [debug] [MainThread]: On master: Close
[0m14:52:13.840694 [debug] [MainThread]: Connection 'master' was properly closed.
[0m14:52:13.846714 [debug] [MainThread]: Connection 'list_dbt_tutorial' was properly closed.
[0m14:52:13.850710 [debug] [MainThread]: Connection 'list_dbt_tutorial_analytics_marts' was properly closed.
[0m14:52:13.855309 [debug] [MainThread]: Connection 'list_dbt_tutorial_analytics_intermediate' was properly closed.
[0m14:52:13.861316 [debug] [MainThread]: Connection 'list_dbt_tutorial_analytics_staging' was properly closed.
[0m14:52:13.866316 [debug] [MainThread]: Connection 'model.dbt_pg_tutorial.dim_customers' was properly closed.
[0m14:52:13.870345 [debug] [MainThread]: Connection 'model.dbt_pg_tutorial.fct_orders' was properly closed.
[0m14:52:13.877355 [info ] [MainThread]: 
[0m14:52:13.883934 [info ] [MainThread]: Finished running 2 table models in 0 hours 0 minutes and 5.31 seconds (5.31s).
[0m14:52:13.894927 [debug] [MainThread]: Command end result
[0m14:52:14.147134 [debug] [MainThread]: Wrote artifact WritableManifest to C:\Users\kashv\dbt_workspace\dbt_pg_tutorial\target\manifest.json
[0m14:52:14.182957 [debug] [MainThread]: Wrote artifact SemanticManifest to C:\Users\kashv\dbt_workspace\dbt_pg_tutorial\target\semantic_manifest.json
[0m14:52:14.248517 [debug] [MainThread]: Wrote artifact RunExecutionResult to C:\Users\kashv\dbt_workspace\dbt_pg_tutorial\target\run_results.json
[0m14:52:14.253515 [info ] [MainThread]: 
[0m14:52:14.260517 [info ] [MainThread]: [31mCompleted with 2 errors, 0 partial successes, and 0 warnings:[0m
[0m14:52:14.266511 [info ] [MainThread]: 
[0m14:52:14.274547 [error] [MainThread]:   Database Error in model fct_orders (models\marts\fct_orders.sql)
  permission denied for table orders
  compiled code at target\run\dbt_pg_tutorial\models\marts\fct_orders.sql
[0m14:52:14.280554 [info ] [MainThread]: 
[0m14:52:14.287142 [error] [MainThread]:   Database Error in model dim_customers (models\marts\dim_customers.sql)
  permission denied for table customers
  compiled code at target\run\dbt_pg_tutorial\models\marts\dim_customers.sql
[0m14:52:14.295137 [info ] [MainThread]: 
[0m14:52:14.303692 [info ] [MainThread]: Done. PASS=0 WARN=0 ERROR=2 SKIP=0 TOTAL=2
[0m14:52:14.317100 [debug] [MainThread]: Command `dbt run` failed at 14:52:14.314690 after 14.93 seconds
[0m14:52:14.322134 [debug] [MainThread]: Sending event: {'category': 'dbt', 'action': 'invocation', 'label': 'end', 'context': [<snowplow_tracker.self_describing_json.SelfDescribingJson object at 0x00000286D2AD4560>, <snowplow_tracker.self_describing_json.SelfDescribingJson object at 0x00000286D65F7E30>, <snowplow_tracker.self_describing_json.SelfDescribingJson object at 0x00000286D5199610>]}
[0m14:52:14.326134 [debug] [MainThread]: Flushing usage events
[0m14:52:14.345845 [debug] [MainThread]: An error was encountered while trying to flush usage events
[0m16:52:46.318648 [debug] [MainThread]: Sending event: {'category': 'dbt', 'action': 'invocation', 'label': 'start', 'context': [<snowplow_tracker.self_describing_json.SelfDescribingJson object at 0x000001B9269CA030>, <snowplow_tracker.self_describing_json.SelfDescribingJson object at 0x000001B926AC7DA0>, <snowplow_tracker.self_describing_json.SelfDescribingJson object at 0x000001B9269CAF00>]}


============================== 16:52:46.367434 | 1a983570-c773-4959-be48-9e40ce9c46f9 ==============================
[0m16:52:46.367434 [info ] [MainThread]: Running with dbt=1.9.0
[0m16:52:46.376954 [debug] [MainThread]: running dbt with arguments {'printer_width': '80', 'indirect_selection': 'eager', 'write_json': 'True', 'log_cache_events': 'False', 'partial_parse': 'True', 'cache_selected_only': 'False', 'warn_error': 'None', 'fail_fast': 'False', 'version_check': 'True', 'log_path': 'C:\\Users\\kashv\\dbt_workspace\\dbt_pg_tutorial\\logs', 'debug': 'False', 'profiles_dir': 'C:\\Users\\kashv\\.dbt', 'use_colors': 'True', 'use_experimental_parser': 'False', 'empty': 'False', 'quiet': 'False', 'no_print': 'None', 'warn_error_options': 'WarnErrorOptions(include=[], exclude=[])', 'invocation_command': 'dbt run -m marts', 'introspect': 'True', 'static_parser': 'True', 'target_path': 'None', 'log_format': 'default', 'send_anonymous_usage_stats': 'True'}
[0m16:52:48.579952 [debug] [MainThread]: Sending event: {'category': 'dbt', 'action': 'project_id', 'label': '1a983570-c773-4959-be48-9e40ce9c46f9', 'context': [<snowplow_tracker.self_describing_json.SelfDescribingJson object at 0x000001B926E736E0>]}
[0m16:52:49.075019 [debug] [MainThread]: Sending event: {'category': 'dbt', 'action': 'adapter_info', 'label': '1a983570-c773-4959-be48-9e40ce9c46f9', 'context': [<snowplow_tracker.self_describing_json.SelfDescribingJson object at 0x000001B926798200>]}
[0m16:52:49.089022 [info ] [MainThread]: Registered adapter: postgres=1.9.1
[0m16:52:52.227288 [debug] [MainThread]: checksum: c99e828bba267739642b5a3ce85f17518764ea526e0e6c4fdc649171c1a66bff, vars: {}, profile: , target: , version: 1.9.0
[0m16:52:54.240153 [debug] [MainThread]: Partial parsing enabled: 0 files deleted, 0 files added, 0 files changed.
[0m16:52:54.249952 [debug] [MainThread]: Partial parsing enabled, no changes found, skipping parsing
[0m16:52:54.592936 [debug] [MainThread]: Sending event: {'category': 'dbt', 'action': 'load_project', 'label': '1a983570-c773-4959-be48-9e40ce9c46f9', 'context': [<snowplow_tracker.self_describing_json.SelfDescribingJson object at 0x000001B926FF2330>]}
[0m16:52:55.313444 [debug] [MainThread]: Wrote artifact WritableManifest to C:\Users\kashv\dbt_workspace\dbt_pg_tutorial\target\manifest.json
[0m16:52:55.504370 [debug] [MainThread]: Wrote artifact SemanticManifest to C:\Users\kashv\dbt_workspace\dbt_pg_tutorial\target\semantic_manifest.json
[0m16:52:55.945453 [debug] [MainThread]: Sending event: {'category': 'dbt', 'action': 'resource_counts', 'label': '1a983570-c773-4959-be48-9e40ce9c46f9', 'context': [<snowplow_tracker.self_describing_json.SelfDescribingJson object at 0x000001B92827AF00>]}
[0m16:52:55.952009 [info ] [MainThread]: Found 6 models, 2 data tests, 3 sources, 434 macros
[0m16:52:55.958027 [debug] [MainThread]: Sending event: {'category': 'dbt', 'action': 'runnable_timing', 'label': '1a983570-c773-4959-be48-9e40ce9c46f9', 'context': [<snowplow_tracker.self_describing_json.SelfDescribingJson object at 0x000001B926FF0EC0>]}
[0m16:52:55.973138 [info ] [MainThread]: 
[0m16:52:55.982014 [info ] [MainThread]: Concurrency: 4 threads (target='dev')
[0m16:52:55.990026 [info ] [MainThread]: 
[0m16:52:56.000015 [debug] [MainThread]: Acquiring new postgres connection 'master'
[0m16:52:56.050621 [debug] [ThreadPool]: Acquiring new postgres connection 'list_dbt_tutorial'
[0m16:52:57.469004 [debug] [ThreadPool]: Using postgres connection "list_dbt_tutorial"
[0m16:52:57.474996 [debug] [ThreadPool]: On list_dbt_tutorial: /* {"app": "dbt", "dbt_version": "1.9.0", "profile_name": "dbt_pg_tutorial", "target_name": "dev", "connection_name": "list_dbt_tutorial"} */

    select distinct nspname from pg_namespace
  
[0m16:52:57.479957 [debug] [ThreadPool]: Opening a new connection, currently in state init
[0m16:52:58.262953 [debug] [ThreadPool]: SQL status: SELECT 12 in 0.782 seconds
[0m16:52:58.274047 [debug] [ThreadPool]: On list_dbt_tutorial: Close
[0m16:52:58.290047 [debug] [ThreadPool]: Acquiring new postgres connection 'list_dbt_tutorial_analytics_intermediate'
[0m16:52:58.297957 [debug] [ThreadPool]: Acquiring new postgres connection 'list_dbt_tutorial_analytics_marts'
[0m16:52:58.311061 [debug] [ThreadPool]: Acquiring new postgres connection 'list_dbt_tutorial_analytics_staging'
[0m16:52:58.350301 [debug] [ThreadPool]: Using postgres connection "list_dbt_tutorial_analytics_intermediate"
[0m16:52:58.364200 [debug] [ThreadPool]: Using postgres connection "list_dbt_tutorial_analytics_marts"
[0m16:52:58.381408 [debug] [ThreadPool]: Using postgres connection "list_dbt_tutorial_analytics_staging"
[0m16:52:58.386312 [debug] [ThreadPool]: On list_dbt_tutorial_analytics_intermediate: BEGIN
[0m16:52:58.392967 [debug] [ThreadPool]: On list_dbt_tutorial_analytics_marts: BEGIN
[0m16:52:58.396983 [debug] [ThreadPool]: On list_dbt_tutorial_analytics_staging: BEGIN
[0m16:52:58.402123 [debug] [ThreadPool]: Opening a new connection, currently in state init
[0m16:52:58.406148 [debug] [ThreadPool]: Opening a new connection, currently in state init
[0m16:52:58.410499 [debug] [ThreadPool]: Opening a new connection, currently in state init
[0m16:52:59.000447 [debug] [ThreadPool]: SQL status: BEGIN in 0.595 seconds
[0m16:52:59.005462 [debug] [ThreadPool]: Using postgres connection "list_dbt_tutorial_analytics_marts"
[0m16:52:59.011457 [debug] [ThreadPool]: On list_dbt_tutorial_analytics_marts: /* {"app": "dbt", "dbt_version": "1.9.0", "profile_name": "dbt_pg_tutorial", "target_name": "dev", "connection_name": "list_dbt_tutorial_analytics_marts"} */
select
      'dbt_tutorial' as database,
      tablename as name,
      schemaname as schema,
      'table' as type
    from pg_tables
    where schemaname ilike 'analytics_marts'
    union all
    select
      'dbt_tutorial' as database,
      viewname as name,
      schemaname as schema,
      'view' as type
    from pg_views
    where schemaname ilike 'analytics_marts'
    union all
    select
      'dbt_tutorial' as database,
      matviewname as name,
      schemaname as schema,
      'materialized_view' as type
    from pg_matviews
    where schemaname ilike 'analytics_marts'
  
[0m16:52:59.055687 [debug] [ThreadPool]: SQL status: SELECT 0 in 0.040 seconds
[0m16:52:59.067773 [debug] [ThreadPool]: On list_dbt_tutorial_analytics_marts: ROLLBACK
[0m16:52:59.074674 [debug] [ThreadPool]: On list_dbt_tutorial_analytics_marts: Close
[0m16:52:59.121574 [debug] [ThreadPool]: SQL status: BEGIN in 0.719 seconds
[0m16:52:59.128707 [debug] [ThreadPool]: Using postgres connection "list_dbt_tutorial_analytics_intermediate"
[0m16:52:59.134810 [debug] [ThreadPool]: On list_dbt_tutorial_analytics_intermediate: /* {"app": "dbt", "dbt_version": "1.9.0", "profile_name": "dbt_pg_tutorial", "target_name": "dev", "connection_name": "list_dbt_tutorial_analytics_intermediate"} */
select
      'dbt_tutorial' as database,
      tablename as name,
      schemaname as schema,
      'table' as type
    from pg_tables
    where schemaname ilike 'analytics_intermediate'
    union all
    select
      'dbt_tutorial' as database,
      viewname as name,
      schemaname as schema,
      'view' as type
    from pg_views
    where schemaname ilike 'analytics_intermediate'
    union all
    select
      'dbt_tutorial' as database,
      matviewname as name,
      schemaname as schema,
      'materialized_view' as type
    from pg_matviews
    where schemaname ilike 'analytics_intermediate'
  
[0m16:52:59.171165 [debug] [ThreadPool]: SQL status: SELECT 1 in 0.028 seconds
[0m16:52:59.184223 [debug] [ThreadPool]: On list_dbt_tutorial_analytics_intermediate: ROLLBACK
[0m16:52:59.190178 [debug] [ThreadPool]: On list_dbt_tutorial_analytics_intermediate: Close
[0m16:52:59.193224 [debug] [ThreadPool]: SQL status: BEGIN in 0.783 seconds
[0m16:52:59.204063 [debug] [ThreadPool]: Using postgres connection "list_dbt_tutorial_analytics_staging"
[0m16:52:59.210084 [debug] [ThreadPool]: On list_dbt_tutorial_analytics_staging: /* {"app": "dbt", "dbt_version": "1.9.0", "profile_name": "dbt_pg_tutorial", "target_name": "dev", "connection_name": "list_dbt_tutorial_analytics_staging"} */
select
      'dbt_tutorial' as database,
      tablename as name,
      schemaname as schema,
      'table' as type
    from pg_tables
    where schemaname ilike 'analytics_staging'
    union all
    select
      'dbt_tutorial' as database,
      viewname as name,
      schemaname as schema,
      'view' as type
    from pg_views
    where schemaname ilike 'analytics_staging'
    union all
    select
      'dbt_tutorial' as database,
      matviewname as name,
      schemaname as schema,
      'materialized_view' as type
    from pg_matviews
    where schemaname ilike 'analytics_staging'
  
[0m16:52:59.244265 [debug] [ThreadPool]: SQL status: SELECT 3 in 0.028 seconds
[0m16:52:59.256302 [debug] [ThreadPool]: On list_dbt_tutorial_analytics_staging: ROLLBACK
[0m16:52:59.263261 [debug] [ThreadPool]: On list_dbt_tutorial_analytics_staging: Close
[0m16:52:59.304302 [debug] [MainThread]: Using postgres connection "master"
[0m16:52:59.311151 [debug] [MainThread]: On master: BEGIN
[0m16:52:59.315302 [debug] [MainThread]: Opening a new connection, currently in state init
[0m16:52:59.812973 [debug] [MainThread]: SQL status: BEGIN in 0.497 seconds
[0m16:52:59.816928 [debug] [MainThread]: Using postgres connection "master"
[0m16:52:59.822675 [debug] [MainThread]: On master: /* {"app": "dbt", "dbt_version": "1.9.0", "profile_name": "dbt_pg_tutorial", "target_name": "dev", "connection_name": "master"} */
select distinct
        dependent_namespace.nspname as dependent_schema,
        dependent_class.relname as dependent_name,
        referenced_namespace.nspname as referenced_schema,
        referenced_class.relname as referenced_name

    -- Query for views: views are entries in pg_class with an entry in pg_rewrite, but we avoid
    -- a seq scan on pg_rewrite by leveraging the fact there is an "internal" row in pg_depend for
    -- the view...
    from pg_class as dependent_class
    join pg_namespace as dependent_namespace on dependent_namespace.oid = dependent_class.relnamespace
    join pg_depend as dependent_depend on dependent_depend.refobjid = dependent_class.oid
        and dependent_depend.classid = 'pg_rewrite'::regclass
        and dependent_depend.refclassid = 'pg_class'::regclass
        and dependent_depend.deptype = 'i'

    -- ... and via pg_depend (that has a row per column, hence the need for "distinct" above, and
    -- making sure to exclude the internal row to avoid a view appearing to depend on itself)...
    join pg_depend as joining_depend on joining_depend.objid = dependent_depend.objid
        and joining_depend.classid = 'pg_rewrite'::regclass
        and joining_depend.refclassid = 'pg_class'::regclass
        and joining_depend.refobjid != dependent_depend.refobjid

    -- ... we can find the tables they query from in pg_class, but excluding system tables. Note we
    -- don't need need to exclude _dependent_ system tables, because they only query from other
    -- system tables, and so are automatically excluded by excluding _referenced_ system tables
    join pg_class as referenced_class on referenced_class.oid = joining_depend.refobjid
    join pg_namespace as referenced_namespace on referenced_namespace.oid = referenced_class.relnamespace
        and referenced_namespace.nspname != 'information_schema'
        and referenced_namespace.nspname not like 'pg\_%'

    order by
        dependent_schema, dependent_name, referenced_schema, referenced_name;
[0m16:52:59.869680 [debug] [MainThread]: SQL status: SELECT 15 in 0.038 seconds
[0m16:52:59.887650 [debug] [MainThread]: Sending event: {'category': 'dbt', 'action': 'runnable_timing', 'label': '1a983570-c773-4959-be48-9e40ce9c46f9', 'context': [<snowplow_tracker.self_describing_json.SelfDescribingJson object at 0x000001B92403A0F0>]}
[0m16:52:59.894288 [debug] [MainThread]: On master: ROLLBACK
[0m16:52:59.900281 [debug] [MainThread]: Using postgres connection "master"
[0m16:52:59.906171 [debug] [MainThread]: On master: BEGIN
[0m16:52:59.914653 [debug] [MainThread]: SQL status: BEGIN in 0.004 seconds
[0m16:52:59.918560 [debug] [MainThread]: On master: COMMIT
[0m16:52:59.923536 [debug] [MainThread]: Using postgres connection "master"
[0m16:52:59.928327 [debug] [MainThread]: On master: COMMIT
[0m16:52:59.933604 [debug] [MainThread]: SQL status: COMMIT in 0.001 seconds
[0m16:52:59.938375 [debug] [MainThread]: On master: Close
[0m16:52:59.965527 [debug] [Thread-1 (]: Began running node model.dbt_pg_tutorial.dim_customers
[0m16:52:59.969580 [debug] [Thread-2 (]: Began running node model.dbt_pg_tutorial.fct_orders
[0m16:52:59.976597 [info ] [Thread-1 (]: 1 of 2 START sql table model analytics_marts.dim_customers ..................... [RUN]
[0m16:52:59.984728 [info ] [Thread-2 (]: 2 of 2 START sql table model analytics_marts.fct_orders ........................ [RUN]
[0m16:52:59.992791 [debug] [Thread-1 (]: Acquiring new postgres connection 'model.dbt_pg_tutorial.dim_customers'
[0m16:52:59.999379 [debug] [Thread-2 (]: Acquiring new postgres connection 'model.dbt_pg_tutorial.fct_orders'
[0m16:53:00.005364 [debug] [Thread-1 (]: Began compiling node model.dbt_pg_tutorial.dim_customers
[0m16:53:00.011366 [debug] [Thread-2 (]: Began compiling node model.dbt_pg_tutorial.fct_orders
[0m16:53:00.071862 [debug] [Thread-1 (]: Writing injected SQL for node "model.dbt_pg_tutorial.dim_customers"
[0m16:53:00.094343 [debug] [Thread-2 (]: Writing injected SQL for node "model.dbt_pg_tutorial.fct_orders"
[0m16:53:00.168645 [debug] [Thread-1 (]: Began executing node model.dbt_pg_tutorial.dim_customers
[0m16:53:00.171674 [debug] [Thread-2 (]: Began executing node model.dbt_pg_tutorial.fct_orders
[0m16:53:00.738954 [debug] [Thread-2 (]: Writing runtime sql for node "model.dbt_pg_tutorial.fct_orders"
[0m16:53:00.744154 [debug] [Thread-1 (]: Writing runtime sql for node "model.dbt_pg_tutorial.dim_customers"
[0m16:53:00.811902 [debug] [Thread-2 (]: Using postgres connection "model.dbt_pg_tutorial.fct_orders"
[0m16:53:00.815924 [debug] [Thread-1 (]: Using postgres connection "model.dbt_pg_tutorial.dim_customers"
[0m16:53:00.819562 [debug] [Thread-2 (]: On model.dbt_pg_tutorial.fct_orders: BEGIN
[0m16:53:00.826068 [debug] [Thread-1 (]: On model.dbt_pg_tutorial.dim_customers: BEGIN
[0m16:53:00.830762 [debug] [Thread-2 (]: Opening a new connection, currently in state init
[0m16:53:00.836668 [debug] [Thread-1 (]: Opening a new connection, currently in state init
[0m16:53:01.502483 [debug] [Thread-2 (]: SQL status: BEGIN in 0.671 seconds
[0m16:53:01.508807 [debug] [Thread-2 (]: Using postgres connection "model.dbt_pg_tutorial.fct_orders"
[0m16:53:01.515784 [debug] [Thread-2 (]: On model.dbt_pg_tutorial.fct_orders: /* {"app": "dbt", "dbt_version": "1.9.0", "profile_name": "dbt_pg_tutorial", "target_name": "dev", "node_id": "model.dbt_pg_tutorial.fct_orders"} */

  
    

  create  table "dbt_tutorial"."analytics_marts"."fct_orders__dbt_tmp"
  
  
    as
  
  (
    

select
    i.order_id,
    i.customer_id,
    i.order_timestamp,
    i.status,
    i.total_amount,
    i.total_paid,
    i.payment_count,
    i.outstanding_amount,
    case
        when i.outstanding_amount = 0 and i.total_amount > 0 then true
        else false
    end as is_fully_paid
from "dbt_tutorial"."analytics_intermediate"."int_order_payments" i
  );
  
[0m16:53:01.599447 [debug] [Thread-2 (]: SQL status: SELECT 5 in 0.075 seconds
[0m16:53:01.605780 [debug] [Thread-1 (]: SQL status: BEGIN in 0.769 seconds
[0m16:53:01.692379 [debug] [Thread-2 (]: Using postgres connection "model.dbt_pg_tutorial.fct_orders"
[0m16:53:01.695379 [debug] [Thread-1 (]: Using postgres connection "model.dbt_pg_tutorial.dim_customers"
[0m16:53:01.702406 [debug] [Thread-2 (]: On model.dbt_pg_tutorial.fct_orders: /* {"app": "dbt", "dbt_version": "1.9.0", "profile_name": "dbt_pg_tutorial", "target_name": "dev", "node_id": "model.dbt_pg_tutorial.fct_orders"} */
alter table "dbt_tutorial"."analytics_marts"."fct_orders__dbt_tmp" rename to "fct_orders"
[0m16:53:01.708420 [debug] [Thread-1 (]: On model.dbt_pg_tutorial.dim_customers: /* {"app": "dbt", "dbt_version": "1.9.0", "profile_name": "dbt_pg_tutorial", "target_name": "dev", "node_id": "model.dbt_pg_tutorial.dim_customers"} */

  
    

  create  table "dbt_tutorial"."analytics_marts"."dim_customers__dbt_tmp"
  
  
    as
  
  (
    

select
    c.customer_id,
    initcap(c.first_name) as first_name,
    initcap(c.last_name)  as last_name,
    c.email,
    c.created_at
from "dbt_tutorial"."analytics_staging"."stg_customers" c
  );
  
[0m16:53:01.723199 [debug] [Thread-2 (]: SQL status: ALTER TABLE in 0.008 seconds
[0m16:53:01.772495 [debug] [Thread-1 (]: SQL status: SELECT 5 in 0.055 seconds
[0m16:53:01.876549 [debug] [Thread-1 (]: Using postgres connection "model.dbt_pg_tutorial.dim_customers"
[0m16:53:01.891543 [debug] [Thread-2 (]: On model.dbt_pg_tutorial.fct_orders: COMMIT
[0m16:53:01.897545 [debug] [Thread-1 (]: On model.dbt_pg_tutorial.dim_customers: /* {"app": "dbt", "dbt_version": "1.9.0", "profile_name": "dbt_pg_tutorial", "target_name": "dev", "node_id": "model.dbt_pg_tutorial.dim_customers"} */
alter table "dbt_tutorial"."analytics_marts"."dim_customers__dbt_tmp" rename to "dim_customers"
[0m16:53:01.904548 [debug] [Thread-2 (]: Using postgres connection "model.dbt_pg_tutorial.fct_orders"
[0m16:53:01.916991 [debug] [Thread-1 (]: SQL status: ALTER TABLE in 0.004 seconds
[0m16:53:01.921000 [debug] [Thread-2 (]: On model.dbt_pg_tutorial.fct_orders: COMMIT
[0m16:53:01.934614 [debug] [Thread-1 (]: On model.dbt_pg_tutorial.dim_customers: COMMIT
[0m16:53:01.946604 [debug] [Thread-2 (]: SQL status: COMMIT in 0.004 seconds
[0m16:53:01.950662 [debug] [Thread-1 (]: Using postgres connection "model.dbt_pg_tutorial.dim_customers"
[0m16:53:02.014719 [debug] [Thread-2 (]: Applying DROP to: "dbt_tutorial"."analytics_marts"."fct_orders__dbt_backup"
[0m16:53:02.017716 [debug] [Thread-1 (]: On model.dbt_pg_tutorial.dim_customers: COMMIT
[0m16:53:02.065845 [debug] [Thread-2 (]: Using postgres connection "model.dbt_pg_tutorial.fct_orders"
[0m16:53:02.074830 [debug] [Thread-2 (]: On model.dbt_pg_tutorial.fct_orders: /* {"app": "dbt", "dbt_version": "1.9.0", "profile_name": "dbt_pg_tutorial", "target_name": "dev", "node_id": "model.dbt_pg_tutorial.fct_orders"} */
drop table if exists "dbt_tutorial"."analytics_marts"."fct_orders__dbt_backup" cascade
[0m16:53:02.079407 [debug] [Thread-1 (]: SQL status: COMMIT in 0.009 seconds
[0m16:53:02.106985 [debug] [Thread-2 (]: SQL status: DROP TABLE in 0.020 seconds
[0m16:53:02.116971 [debug] [Thread-1 (]: Applying DROP to: "dbt_tutorial"."analytics_marts"."dim_customers__dbt_backup"
[0m16:53:02.142037 [debug] [Thread-2 (]: On model.dbt_pg_tutorial.fct_orders: Close
[0m16:53:02.150648 [debug] [Thread-1 (]: Using postgres connection "model.dbt_pg_tutorial.dim_customers"
[0m16:53:02.171265 [debug] [Thread-1 (]: On model.dbt_pg_tutorial.dim_customers: /* {"app": "dbt", "dbt_version": "1.9.0", "profile_name": "dbt_pg_tutorial", "target_name": "dev", "node_id": "model.dbt_pg_tutorial.dim_customers"} */
drop table if exists "dbt_tutorial"."analytics_marts"."dim_customers__dbt_backup" cascade
[0m16:53:02.181195 [debug] [Thread-2 (]: Sending event: {'category': 'dbt', 'action': 'run_model', 'label': '1a983570-c773-4959-be48-9e40ce9c46f9', 'context': [<snowplow_tracker.self_describing_json.SelfDescribingJson object at 0x000001B928A176B0>]}
[0m16:53:02.186252 [debug] [Thread-1 (]: SQL status: DROP TABLE in 0.005 seconds
[0m16:53:02.194260 [info ] [Thread-2 (]: 2 of 2 OK created sql table model analytics_marts.fct_orders ................... [[32mSELECT 5[0m in 2.16s]
[0m16:53:02.213001 [debug] [Thread-1 (]: On model.dbt_pg_tutorial.dim_customers: Close
[0m16:53:02.223249 [debug] [Thread-2 (]: Finished running node model.dbt_pg_tutorial.fct_orders
[0m16:53:02.233975 [debug] [Thread-1 (]: Sending event: {'category': 'dbt', 'action': 'run_model', 'label': '1a983570-c773-4959-be48-9e40ce9c46f9', 'context': [<snowplow_tracker.self_describing_json.SelfDescribingJson object at 0x000001B928A1A9C0>]}
[0m16:53:02.247671 [info ] [Thread-1 (]: 1 of 2 OK created sql table model analytics_marts.dim_customers ................ [[32mSELECT 5[0m in 2.24s]
[0m16:53:02.257694 [debug] [Thread-1 (]: Finished running node model.dbt_pg_tutorial.dim_customers
[0m16:53:02.279666 [debug] [MainThread]: Using postgres connection "master"
[0m16:53:02.287649 [debug] [MainThread]: On master: BEGIN
[0m16:53:02.293664 [debug] [MainThread]: Opening a new connection, currently in state closed
[0m16:53:02.967546 [debug] [MainThread]: SQL status: BEGIN in 0.674 seconds
[0m16:53:02.972542 [debug] [MainThread]: On master: COMMIT
[0m16:53:02.977579 [debug] [MainThread]: Using postgres connection "master"
[0m16:53:02.982577 [debug] [MainThread]: On master: COMMIT
[0m16:53:02.988583 [debug] [MainThread]: SQL status: COMMIT in 0.001 seconds
[0m16:53:02.994375 [debug] [MainThread]: On master: Close
[0m16:53:03.000718 [debug] [MainThread]: Connection 'master' was properly closed.
[0m16:53:03.005324 [debug] [MainThread]: Connection 'list_dbt_tutorial' was properly closed.
[0m16:53:03.009362 [debug] [MainThread]: Connection 'list_dbt_tutorial_analytics_intermediate' was properly closed.
[0m16:53:03.013280 [debug] [MainThread]: Connection 'list_dbt_tutorial_analytics_marts' was properly closed.
[0m16:53:03.018510 [debug] [MainThread]: Connection 'list_dbt_tutorial_analytics_staging' was properly closed.
[0m16:53:03.025667 [debug] [MainThread]: Connection 'model.dbt_pg_tutorial.dim_customers' was properly closed.
[0m16:53:03.030663 [debug] [MainThread]: Connection 'model.dbt_pg_tutorial.fct_orders' was properly closed.
[0m16:53:03.038594 [info ] [MainThread]: 
[0m16:53:03.046996 [info ] [MainThread]: Finished running 2 table models in 0 hours 0 minutes and 7.04 seconds (7.04s).
[0m16:53:03.058149 [debug] [MainThread]: Command end result
[0m16:53:03.407191 [debug] [MainThread]: Wrote artifact WritableManifest to C:\Users\kashv\dbt_workspace\dbt_pg_tutorial\target\manifest.json
[0m16:53:03.483309 [debug] [MainThread]: Wrote artifact SemanticManifest to C:\Users\kashv\dbt_workspace\dbt_pg_tutorial\target\semantic_manifest.json
[0m16:53:03.613760 [debug] [MainThread]: Wrote artifact RunExecutionResult to C:\Users\kashv\dbt_workspace\dbt_pg_tutorial\target\run_results.json
[0m16:53:03.620333 [info ] [MainThread]: 
[0m16:53:03.629628 [info ] [MainThread]: [32mCompleted successfully[0m
[0m16:53:03.640551 [info ] [MainThread]: 
[0m16:53:03.648561 [info ] [MainThread]: Done. PASS=2 WARN=0 ERROR=0 SKIP=0 TOTAL=2
[0m16:53:03.663831 [debug] [MainThread]: Command `dbt run` succeeded at 16:53:03.662815 after 18.76 seconds
[0m16:53:03.670657 [debug] [MainThread]: Sending event: {'category': 'dbt', 'action': 'invocation', 'label': 'end', 'context': [<snowplow_tracker.self_describing_json.SelfDescribingJson object at 0x000001B92662C530>, <snowplow_tracker.self_describing_json.SelfDescribingJson object at 0x000001B92659CE30>, <snowplow_tracker.self_describing_json.SelfDescribingJson object at 0x000001B92659F530>]}
[0m16:53:03.679112 [debug] [MainThread]: Flushing usage events
[0m16:53:03.717327 [debug] [MainThread]: An error was encountered while trying to flush usage events
[0m16:54:28.404719 [debug] [MainThread]: Sending event: {'category': 'dbt', 'action': 'invocation', 'label': 'start', 'context': [<snowplow_tracker.self_describing_json.SelfDescribingJson object at 0x000001CBF387CE90>, <snowplow_tracker.self_describing_json.SelfDescribingJson object at 0x000001CBF71205C0>, <snowplow_tracker.self_describing_json.SelfDescribingJson object at 0x000001CBF6DABE30>]}


============================== 16:54:28.441371 | b22a7549-8438-4607-8334-e4ca1b849f80 ==============================
[0m16:54:28.441371 [info ] [MainThread]: Running with dbt=1.9.0
[0m16:54:28.450454 [debug] [MainThread]: running dbt with arguments {'printer_width': '80', 'indirect_selection': 'eager', 'write_json': 'True', 'log_cache_events': 'False', 'partial_parse': 'True', 'cache_selected_only': 'False', 'profiles_dir': 'C:\\Users\\kashv\\.dbt', 'debug': 'False', 'fail_fast': 'False', 'log_path': 'C:\\Users\\kashv\\dbt_workspace\\dbt_pg_tutorial\\logs', 'version_check': 'True', 'warn_error': 'None', 'use_colors': 'True', 'use_experimental_parser': 'False', 'empty': 'False', 'quiet': 'False', 'no_print': 'None', 'log_format': 'default', 'introspect': 'True', 'warn_error_options': 'WarnErrorOptions(include=[], exclude=[])', 'invocation_command': 'dbt build', 'target_path': 'None', 'static_parser': 'True', 'send_anonymous_usage_stats': 'True'}
[0m16:54:30.136875 [debug] [MainThread]: Sending event: {'category': 'dbt', 'action': 'project_id', 'label': 'b22a7549-8438-4607-8334-e4ca1b849f80', 'context': [<snowplow_tracker.self_describing_json.SelfDescribingJson object at 0x000001CBF72CF4D0>]}
[0m16:54:30.626095 [debug] [MainThread]: Sending event: {'category': 'dbt', 'action': 'adapter_info', 'label': 'b22a7549-8438-4607-8334-e4ca1b849f80', 'context': [<snowplow_tracker.self_describing_json.SelfDescribingJson object at 0x000001CBF7343590>]}
[0m16:54:30.638156 [info ] [MainThread]: Registered adapter: postgres=1.9.1
[0m16:54:33.624473 [debug] [MainThread]: checksum: c99e828bba267739642b5a3ce85f17518764ea526e0e6c4fdc649171c1a66bff, vars: {}, profile: , target: , version: 1.9.0
[0m16:54:35.428831 [debug] [MainThread]: Partial parsing enabled: 0 files deleted, 0 files added, 0 files changed.
[0m16:54:35.435221 [debug] [MainThread]: Partial parsing enabled, no changes found, skipping parsing
[0m16:54:35.790215 [debug] [MainThread]: Sending event: {'category': 'dbt', 'action': 'load_project', 'label': 'b22a7549-8438-4607-8334-e4ca1b849f80', 'context': [<snowplow_tracker.self_describing_json.SelfDescribingJson object at 0x000001CBF84DA510>]}
[0m16:54:36.546695 [debug] [MainThread]: Wrote artifact WritableManifest to C:\Users\kashv\dbt_workspace\dbt_pg_tutorial\target\manifest.json
[0m16:54:36.688862 [debug] [MainThread]: Wrote artifact SemanticManifest to C:\Users\kashv\dbt_workspace\dbt_pg_tutorial\target\semantic_manifest.json
[0m16:54:37.235501 [debug] [MainThread]: Sending event: {'category': 'dbt', 'action': 'resource_counts', 'label': 'b22a7549-8438-4607-8334-e4ca1b849f80', 'context': [<snowplow_tracker.self_describing_json.SelfDescribingJson object at 0x000001CBF7228290>]}
[0m16:54:37.241574 [info ] [MainThread]: Found 6 models, 2 data tests, 3 sources, 434 macros
[0m16:54:37.263777 [info ] [MainThread]: 
[0m16:54:37.269688 [info ] [MainThread]: Concurrency: 4 threads (target='dev')
[0m16:54:37.276250 [info ] [MainThread]: 
[0m16:54:37.284400 [debug] [MainThread]: Acquiring new postgres connection 'master'
[0m16:54:37.327831 [debug] [ThreadPool]: Acquiring new postgres connection 'list_dbt_tutorial'
[0m16:54:37.335175 [debug] [ThreadPool]: Acquiring new postgres connection 'list_dbt_tutorial'
[0m16:54:37.385374 [debug] [ThreadPool]: Acquiring new postgres connection 'list_dbt_tutorial'
[0m16:54:38.394563 [debug] [ThreadPool]: Using postgres connection "list_dbt_tutorial"
[0m16:54:38.398555 [debug] [ThreadPool]: Using postgres connection "list_dbt_tutorial"
[0m16:54:38.401683 [debug] [ThreadPool]: Using postgres connection "list_dbt_tutorial"
[0m16:54:38.406685 [debug] [ThreadPool]: On list_dbt_tutorial: /* {"app": "dbt", "dbt_version": "1.9.0", "profile_name": "dbt_pg_tutorial", "target_name": "dev", "connection_name": "list_dbt_tutorial"} */

    select distinct nspname from pg_namespace
  
[0m16:54:38.411630 [debug] [ThreadPool]: On list_dbt_tutorial: /* {"app": "dbt", "dbt_version": "1.9.0", "profile_name": "dbt_pg_tutorial", "target_name": "dev", "connection_name": "list_dbt_tutorial"} */

    select distinct nspname from pg_namespace
  
[0m16:54:38.416647 [debug] [ThreadPool]: On list_dbt_tutorial: /* {"app": "dbt", "dbt_version": "1.9.0", "profile_name": "dbt_pg_tutorial", "target_name": "dev", "connection_name": "list_dbt_tutorial"} */

    select distinct nspname from pg_namespace
  
[0m16:54:38.422769 [debug] [ThreadPool]: Opening a new connection, currently in state init
[0m16:54:38.427814 [debug] [ThreadPool]: Opening a new connection, currently in state init
[0m16:54:38.432515 [debug] [ThreadPool]: Opening a new connection, currently in state init
[0m16:54:39.167009 [debug] [ThreadPool]: SQL status: SELECT 12 in 0.734 seconds
[0m16:54:39.178038 [debug] [ThreadPool]: On list_dbt_tutorial: Close
[0m16:54:39.228579 [debug] [ThreadPool]: SQL status: SELECT 12 in 0.800 seconds
[0m16:54:39.239513 [debug] [ThreadPool]: On list_dbt_tutorial: Close
[0m16:54:39.263150 [debug] [ThreadPool]: SQL status: SELECT 12 in 0.840 seconds
[0m16:54:39.273341 [debug] [ThreadPool]: On list_dbt_tutorial: Close
[0m16:54:39.294815 [debug] [ThreadPool]: Acquiring new postgres connection 'list_dbt_tutorial_analytics_marts'
[0m16:54:39.301288 [debug] [ThreadPool]: Acquiring new postgres connection 'list_dbt_tutorial_analytics_intermediate'
[0m16:54:39.321252 [debug] [ThreadPool]: Acquiring new postgres connection 'list_dbt_tutorial_analytics_staging'
[0m16:54:39.356362 [debug] [ThreadPool]: Using postgres connection "list_dbt_tutorial_analytics_marts"
[0m16:54:39.371339 [debug] [ThreadPool]: Using postgres connection "list_dbt_tutorial_analytics_intermediate"
[0m16:54:39.387511 [debug] [ThreadPool]: Using postgres connection "list_dbt_tutorial_analytics_staging"
[0m16:54:39.391417 [debug] [ThreadPool]: On list_dbt_tutorial_analytics_marts: BEGIN
[0m16:54:39.396427 [debug] [ThreadPool]: On list_dbt_tutorial_analytics_intermediate: BEGIN
[0m16:54:39.402057 [debug] [ThreadPool]: On list_dbt_tutorial_analytics_staging: BEGIN
[0m16:54:39.406762 [debug] [ThreadPool]: Opening a new connection, currently in state init
[0m16:54:39.412638 [debug] [ThreadPool]: Opening a new connection, currently in state init
[0m16:54:39.417359 [debug] [ThreadPool]: Opening a new connection, currently in state init
[0m16:54:40.008948 [debug] [ThreadPool]: SQL status: BEGIN in 0.602 seconds
[0m16:54:40.015953 [debug] [ThreadPool]: Using postgres connection "list_dbt_tutorial_analytics_marts"
[0m16:54:40.021177 [debug] [ThreadPool]: On list_dbt_tutorial_analytics_marts: /* {"app": "dbt", "dbt_version": "1.9.0", "profile_name": "dbt_pg_tutorial", "target_name": "dev", "connection_name": "list_dbt_tutorial_analytics_marts"} */
select
      'dbt_tutorial' as database,
      tablename as name,
      schemaname as schema,
      'table' as type
    from pg_tables
    where schemaname ilike 'analytics_marts'
    union all
    select
      'dbt_tutorial' as database,
      viewname as name,
      schemaname as schema,
      'view' as type
    from pg_views
    where schemaname ilike 'analytics_marts'
    union all
    select
      'dbt_tutorial' as database,
      matviewname as name,
      schemaname as schema,
      'materialized_view' as type
    from pg_matviews
    where schemaname ilike 'analytics_marts'
  
[0m16:54:40.041345 [debug] [ThreadPool]: SQL status: BEGIN in 0.629 seconds
[0m16:54:40.047186 [debug] [ThreadPool]: Using postgres connection "list_dbt_tutorial_analytics_intermediate"
[0m16:54:40.054099 [debug] [ThreadPool]: On list_dbt_tutorial_analytics_intermediate: /* {"app": "dbt", "dbt_version": "1.9.0", "profile_name": "dbt_pg_tutorial", "target_name": "dev", "connection_name": "list_dbt_tutorial_analytics_intermediate"} */
select
      'dbt_tutorial' as database,
      tablename as name,
      schemaname as schema,
      'table' as type
    from pg_tables
    where schemaname ilike 'analytics_intermediate'
    union all
    select
      'dbt_tutorial' as database,
      viewname as name,
      schemaname as schema,
      'view' as type
    from pg_views
    where schemaname ilike 'analytics_intermediate'
    union all
    select
      'dbt_tutorial' as database,
      matviewname as name,
      schemaname as schema,
      'materialized_view' as type
    from pg_matviews
    where schemaname ilike 'analytics_intermediate'
  
[0m16:54:40.058099 [debug] [ThreadPool]: SQL status: SELECT 2 in 0.032 seconds
[0m16:54:40.073276 [debug] [ThreadPool]: On list_dbt_tutorial_analytics_marts: ROLLBACK
[0m16:54:40.081219 [debug] [ThreadPool]: On list_dbt_tutorial_analytics_marts: Close
[0m16:54:40.097822 [debug] [ThreadPool]: SQL status: SELECT 1 in 0.033 seconds
[0m16:54:40.100852 [debug] [ThreadPool]: SQL status: BEGIN in 0.684 seconds
[0m16:54:40.112838 [debug] [ThreadPool]: On list_dbt_tutorial_analytics_intermediate: ROLLBACK
[0m16:54:40.119307 [debug] [ThreadPool]: Using postgres connection "list_dbt_tutorial_analytics_staging"
[0m16:54:40.127658 [debug] [ThreadPool]: On list_dbt_tutorial_analytics_intermediate: Close
[0m16:54:40.132802 [debug] [ThreadPool]: On list_dbt_tutorial_analytics_staging: /* {"app": "dbt", "dbt_version": "1.9.0", "profile_name": "dbt_pg_tutorial", "target_name": "dev", "connection_name": "list_dbt_tutorial_analytics_staging"} */
select
      'dbt_tutorial' as database,
      tablename as name,
      schemaname as schema,
      'table' as type
    from pg_tables
    where schemaname ilike 'analytics_staging'
    union all
    select
      'dbt_tutorial' as database,
      viewname as name,
      schemaname as schema,
      'view' as type
    from pg_views
    where schemaname ilike 'analytics_staging'
    union all
    select
      'dbt_tutorial' as database,
      matviewname as name,
      schemaname as schema,
      'materialized_view' as type
    from pg_matviews
    where schemaname ilike 'analytics_staging'
  
[0m16:54:40.171955 [debug] [ThreadPool]: SQL status: SELECT 3 in 0.028 seconds
[0m16:54:40.183957 [debug] [ThreadPool]: On list_dbt_tutorial_analytics_staging: ROLLBACK
[0m16:54:40.190953 [debug] [ThreadPool]: On list_dbt_tutorial_analytics_staging: Close
[0m16:54:40.232279 [debug] [MainThread]: Using postgres connection "master"
[0m16:54:40.237801 [debug] [MainThread]: On master: BEGIN
[0m16:54:40.242712 [debug] [MainThread]: Opening a new connection, currently in state init
[0m16:54:40.747070 [debug] [MainThread]: SQL status: BEGIN in 0.504 seconds
[0m16:54:40.752660 [debug] [MainThread]: Using postgres connection "master"
[0m16:54:40.759074 [debug] [MainThread]: On master: /* {"app": "dbt", "dbt_version": "1.9.0", "profile_name": "dbt_pg_tutorial", "target_name": "dev", "connection_name": "master"} */
select distinct
        dependent_namespace.nspname as dependent_schema,
        dependent_class.relname as dependent_name,
        referenced_namespace.nspname as referenced_schema,
        referenced_class.relname as referenced_name

    -- Query for views: views are entries in pg_class with an entry in pg_rewrite, but we avoid
    -- a seq scan on pg_rewrite by leveraging the fact there is an "internal" row in pg_depend for
    -- the view...
    from pg_class as dependent_class
    join pg_namespace as dependent_namespace on dependent_namespace.oid = dependent_class.relnamespace
    join pg_depend as dependent_depend on dependent_depend.refobjid = dependent_class.oid
        and dependent_depend.classid = 'pg_rewrite'::regclass
        and dependent_depend.refclassid = 'pg_class'::regclass
        and dependent_depend.deptype = 'i'

    -- ... and via pg_depend (that has a row per column, hence the need for "distinct" above, and
    -- making sure to exclude the internal row to avoid a view appearing to depend on itself)...
    join pg_depend as joining_depend on joining_depend.objid = dependent_depend.objid
        and joining_depend.classid = 'pg_rewrite'::regclass
        and joining_depend.refclassid = 'pg_class'::regclass
        and joining_depend.refobjid != dependent_depend.refobjid

    -- ... we can find the tables they query from in pg_class, but excluding system tables. Note we
    -- don't need need to exclude _dependent_ system tables, because they only query from other
    -- system tables, and so are automatically excluded by excluding _referenced_ system tables
    join pg_class as referenced_class on referenced_class.oid = joining_depend.refobjid
    join pg_namespace as referenced_namespace on referenced_namespace.oid = referenced_class.relnamespace
        and referenced_namespace.nspname != 'information_schema'
        and referenced_namespace.nspname not like 'pg\_%'

    order by
        dependent_schema, dependent_name, referenced_schema, referenced_name;
[0m16:54:40.797772 [debug] [MainThread]: SQL status: SELECT 15 in 0.033 seconds
[0m16:54:40.813829 [debug] [MainThread]: Sending event: {'category': 'dbt', 'action': 'runnable_timing', 'label': 'b22a7549-8438-4607-8334-e4ca1b849f80', 'context': [<snowplow_tracker.self_describing_json.SelfDescribingJson object at 0x000001CBF8C0DB50>]}
[0m16:54:40.820462 [debug] [MainThread]: On master: ROLLBACK
[0m16:54:40.825391 [debug] [MainThread]: Using postgres connection "master"
[0m16:54:40.830530 [debug] [MainThread]: On master: BEGIN
[0m16:54:40.837495 [debug] [MainThread]: SQL status: BEGIN in 0.002 seconds
[0m16:54:40.842267 [debug] [MainThread]: On master: COMMIT
[0m16:54:40.847297 [debug] [MainThread]: Using postgres connection "master"
[0m16:54:40.851750 [debug] [MainThread]: On master: COMMIT
[0m16:54:40.857694 [debug] [MainThread]: SQL status: COMMIT in 0.001 seconds
[0m16:54:40.862311 [debug] [MainThread]: On master: Close
[0m16:54:40.885520 [debug] [Thread-1 (]: Began running node model.dbt_pg_tutorial.stg_customers
[0m16:54:40.889458 [debug] [Thread-2 (]: Began running node model.dbt_pg_tutorial.stg_orders
[0m16:54:40.892454 [debug] [Thread-3 (]: Began running node model.dbt_pg_tutorial.stg_payments
[0m16:54:40.897360 [info ] [Thread-1 (]: 1 of 8 START sql view model analytics_staging.stg_customers .................... [RUN]
[0m16:54:40.904801 [info ] [Thread-2 (]: 2 of 8 START sql view model analytics_staging.stg_orders ....................... [RUN]
[0m16:54:40.912956 [info ] [Thread-3 (]: 3 of 8 START sql view model analytics_staging.stg_payments ..................... [RUN]
[0m16:54:40.919934 [debug] [Thread-1 (]: Acquiring new postgres connection 'model.dbt_pg_tutorial.stg_customers'
[0m16:54:40.927263 [debug] [Thread-2 (]: Acquiring new postgres connection 'model.dbt_pg_tutorial.stg_orders'
[0m16:54:40.934263 [debug] [Thread-3 (]: Acquiring new postgres connection 'model.dbt_pg_tutorial.stg_payments'
[0m16:54:40.940155 [debug] [Thread-1 (]: Began compiling node model.dbt_pg_tutorial.stg_customers
[0m16:54:40.946597 [debug] [Thread-2 (]: Began compiling node model.dbt_pg_tutorial.stg_orders
[0m16:54:40.951589 [debug] [Thread-3 (]: Began compiling node model.dbt_pg_tutorial.stg_payments
[0m16:54:41.009871 [debug] [Thread-1 (]: Writing injected SQL for node "model.dbt_pg_tutorial.stg_customers"
[0m16:54:41.031746 [debug] [Thread-2 (]: Writing injected SQL for node "model.dbt_pg_tutorial.stg_orders"
[0m16:54:41.055168 [debug] [Thread-3 (]: Writing injected SQL for node "model.dbt_pg_tutorial.stg_payments"
[0m16:54:41.145507 [debug] [Thread-2 (]: Began executing node model.dbt_pg_tutorial.stg_orders
[0m16:54:41.148588 [debug] [Thread-1 (]: Began executing node model.dbt_pg_tutorial.stg_customers
[0m16:54:41.151646 [debug] [Thread-3 (]: Began executing node model.dbt_pg_tutorial.stg_payments
[0m16:54:41.631450 [debug] [Thread-2 (]: Writing runtime sql for node "model.dbt_pg_tutorial.stg_orders"
[0m16:54:41.647645 [debug] [Thread-1 (]: Writing runtime sql for node "model.dbt_pg_tutorial.stg_customers"
[0m16:54:41.647645 [debug] [Thread-3 (]: Writing runtime sql for node "model.dbt_pg_tutorial.stg_payments"
[0m16:54:41.742817 [debug] [Thread-2 (]: Using postgres connection "model.dbt_pg_tutorial.stg_orders"
[0m16:54:41.743898 [debug] [Thread-1 (]: Using postgres connection "model.dbt_pg_tutorial.stg_customers"
[0m16:54:41.743898 [debug] [Thread-3 (]: Using postgres connection "model.dbt_pg_tutorial.stg_payments"
[0m16:54:41.743898 [debug] [Thread-2 (]: On model.dbt_pg_tutorial.stg_orders: BEGIN
[0m16:54:41.762771 [debug] [Thread-1 (]: On model.dbt_pg_tutorial.stg_customers: BEGIN
[0m16:54:41.762771 [debug] [Thread-3 (]: On model.dbt_pg_tutorial.stg_payments: BEGIN
[0m16:54:41.762771 [debug] [Thread-2 (]: Opening a new connection, currently in state init
[0m16:54:41.779834 [debug] [Thread-1 (]: Opening a new connection, currently in state init
[0m16:54:41.779834 [debug] [Thread-3 (]: Opening a new connection, currently in state init
[0m16:54:42.387797 [debug] [Thread-1 (]: SQL status: BEGIN in 0.607 seconds
[0m16:54:42.392783 [debug] [Thread-1 (]: Using postgres connection "model.dbt_pg_tutorial.stg_customers"
[0m16:54:42.398785 [debug] [Thread-1 (]: On model.dbt_pg_tutorial.stg_customers: /* {"app": "dbt", "dbt_version": "1.9.0", "profile_name": "dbt_pg_tutorial", "target_name": "dev", "node_id": "model.dbt_pg_tutorial.stg_customers"} */

  create view "dbt_tutorial"."analytics_staging"."stg_customers__dbt_tmp"
    
    
  as (
    

with source as (
    select * from "dbt_tutorial"."raw"."customers"
),
renamed as (
    select
        id                as customer_id,
        lower(trim(first_name)) as first_name,
        lower(trim(last_name))  as last_name,
        lower(trim(email))      as email,
        created_at
    from source
)
select * from renamed
  );
[0m16:54:42.409829 [debug] [Thread-2 (]: SQL status: BEGIN in 0.635 seconds
[0m16:54:42.415830 [debug] [Thread-2 (]: Using postgres connection "model.dbt_pg_tutorial.stg_orders"
[0m16:54:42.420832 [debug] [Thread-2 (]: On model.dbt_pg_tutorial.stg_orders: /* {"app": "dbt", "dbt_version": "1.9.0", "profile_name": "dbt_pg_tutorial", "target_name": "dev", "node_id": "model.dbt_pg_tutorial.stg_orders"} */

  create view "dbt_tutorial"."analytics_staging"."stg_orders__dbt_tmp"
    
    
  as (
    

with source as (
    select * from "dbt_tutorial"."raw"."orders"
),
casted as (
    select
        id           as order_id,
        user_id      as customer_id,
        order_date::timestamp as order_timestamp,
        lower(status) as status,
        total_amount::numeric(10,2) as total_amount
    from source
)
select * from casted
  );
[0m16:54:42.447040 [debug] [Thread-2 (]: SQL status: CREATE VIEW in 0.020 seconds
[0m16:54:42.452053 [debug] [Thread-1 (]: SQL status: CREATE VIEW in 0.047 seconds
[0m16:54:42.503761 [debug] [Thread-2 (]: Using postgres connection "model.dbt_pg_tutorial.stg_orders"
[0m16:54:42.507621 [debug] [Thread-3 (]: SQL status: BEGIN in 0.723 seconds
[0m16:54:42.530612 [debug] [Thread-1 (]: Using postgres connection "model.dbt_pg_tutorial.stg_customers"
[0m16:54:42.534774 [debug] [Thread-2 (]: On model.dbt_pg_tutorial.stg_orders: /* {"app": "dbt", "dbt_version": "1.9.0", "profile_name": "dbt_pg_tutorial", "target_name": "dev", "node_id": "model.dbt_pg_tutorial.stg_orders"} */
alter table "dbt_tutorial"."analytics_staging"."stg_orders" rename to "stg_orders__dbt_backup"
[0m16:54:42.540663 [debug] [Thread-3 (]: Using postgres connection "model.dbt_pg_tutorial.stg_payments"
[0m16:54:42.545749 [debug] [Thread-1 (]: On model.dbt_pg_tutorial.stg_customers: /* {"app": "dbt", "dbt_version": "1.9.0", "profile_name": "dbt_pg_tutorial", "target_name": "dev", "node_id": "model.dbt_pg_tutorial.stg_customers"} */
alter table "dbt_tutorial"."analytics_staging"."stg_customers" rename to "stg_customers__dbt_backup"
[0m16:54:42.553740 [debug] [Thread-3 (]: On model.dbt_pg_tutorial.stg_payments: /* {"app": "dbt", "dbt_version": "1.9.0", "profile_name": "dbt_pg_tutorial", "target_name": "dev", "node_id": "model.dbt_pg_tutorial.stg_payments"} */

  create view "dbt_tutorial"."analytics_staging"."stg_payments__dbt_tmp"
    
    
  as (
    

with source as (
    select * from "dbt_tutorial"."raw"."payments"
),
casted as (
    select
        id           as payment_id,
        order_id,
        lower(payment_method) as payment_method,
        amount::numeric(10,2) as amount,
        paid_at::timestamp    as paid_at
    from source
)
select * from casted
  );
[0m16:54:42.557664 [debug] [Thread-2 (]: SQL status: ALTER TABLE in 0.006 seconds
[0m16:54:42.565750 [debug] [Thread-1 (]: SQL status: ALTER TABLE in 0.004 seconds
[0m16:54:42.588945 [debug] [Thread-2 (]: Using postgres connection "model.dbt_pg_tutorial.stg_orders"
[0m16:54:42.591946 [debug] [Thread-3 (]: SQL status: CREATE VIEW in 0.029 seconds
[0m16:54:42.616702 [debug] [Thread-1 (]: Using postgres connection "model.dbt_pg_tutorial.stg_customers"
[0m16:54:42.620774 [debug] [Thread-2 (]: On model.dbt_pg_tutorial.stg_orders: /* {"app": "dbt", "dbt_version": "1.9.0", "profile_name": "dbt_pg_tutorial", "target_name": "dev", "node_id": "model.dbt_pg_tutorial.stg_orders"} */
alter table "dbt_tutorial"."analytics_staging"."stg_orders__dbt_tmp" rename to "stg_orders"
[0m16:54:42.646717 [debug] [Thread-3 (]: Using postgres connection "model.dbt_pg_tutorial.stg_payments"
[0m16:54:42.650779 [debug] [Thread-1 (]: On model.dbt_pg_tutorial.stg_customers: /* {"app": "dbt", "dbt_version": "1.9.0", "profile_name": "dbt_pg_tutorial", "target_name": "dev", "node_id": "model.dbt_pg_tutorial.stg_customers"} */
alter table "dbt_tutorial"."analytics_staging"."stg_customers__dbt_tmp" rename to "stg_customers"
[0m16:54:42.658783 [debug] [Thread-3 (]: On model.dbt_pg_tutorial.stg_payments: /* {"app": "dbt", "dbt_version": "1.9.0", "profile_name": "dbt_pg_tutorial", "target_name": "dev", "node_id": "model.dbt_pg_tutorial.stg_payments"} */
alter table "dbt_tutorial"."analytics_staging"."stg_payments" rename to "stg_payments__dbt_backup"
[0m16:54:42.661928 [debug] [Thread-2 (]: SQL status: ALTER TABLE in 0.006 seconds
[0m16:54:42.669813 [debug] [Thread-1 (]: SQL status: ALTER TABLE in 0.003 seconds
[0m16:54:42.672931 [debug] [Thread-3 (]: SQL status: ALTER TABLE in 0.005 seconds
[0m16:54:42.852893 [debug] [Thread-2 (]: On model.dbt_pg_tutorial.stg_orders: COMMIT
[0m16:54:42.893876 [debug] [Thread-1 (]: On model.dbt_pg_tutorial.stg_customers: COMMIT
[0m16:54:42.899958 [debug] [Thread-3 (]: Using postgres connection "model.dbt_pg_tutorial.stg_payments"
[0m16:54:42.904991 [debug] [Thread-2 (]: Using postgres connection "model.dbt_pg_tutorial.stg_orders"
[0m16:54:42.910168 [debug] [Thread-1 (]: Using postgres connection "model.dbt_pg_tutorial.stg_customers"
[0m16:54:42.915168 [debug] [Thread-3 (]: On model.dbt_pg_tutorial.stg_payments: /* {"app": "dbt", "dbt_version": "1.9.0", "profile_name": "dbt_pg_tutorial", "target_name": "dev", "node_id": "model.dbt_pg_tutorial.stg_payments"} */
alter table "dbt_tutorial"."analytics_staging"."stg_payments__dbt_tmp" rename to "stg_payments"
[0m16:54:42.921102 [debug] [Thread-2 (]: On model.dbt_pg_tutorial.stg_orders: COMMIT
[0m16:54:42.927800 [debug] [Thread-1 (]: On model.dbt_pg_tutorial.stg_customers: COMMIT
[0m16:54:42.939028 [debug] [Thread-3 (]: SQL status: ALTER TABLE in 0.004 seconds
[0m16:54:42.942676 [debug] [Thread-2 (]: SQL status: COMMIT in 0.005 seconds
[0m16:54:42.957003 [debug] [Thread-3 (]: On model.dbt_pg_tutorial.stg_payments: COMMIT
[0m16:54:42.961059 [debug] [Thread-1 (]: SQL status: COMMIT in 0.015 seconds
[0m16:54:43.012081 [debug] [Thread-2 (]: Applying DROP to: "dbt_tutorial"."analytics_staging"."stg_orders__dbt_backup"
[0m16:54:43.014984 [debug] [Thread-3 (]: Using postgres connection "model.dbt_pg_tutorial.stg_payments"
[0m16:54:43.035169 [debug] [Thread-1 (]: Applying DROP to: "dbt_tutorial"."analytics_staging"."stg_customers__dbt_backup"
[0m16:54:43.078909 [debug] [Thread-2 (]: Using postgres connection "model.dbt_pg_tutorial.stg_orders"
[0m16:54:43.081902 [debug] [Thread-3 (]: On model.dbt_pg_tutorial.stg_payments: COMMIT
[0m16:54:43.089901 [debug] [Thread-1 (]: Using postgres connection "model.dbt_pg_tutorial.stg_customers"
[0m16:54:43.095963 [debug] [Thread-2 (]: On model.dbt_pg_tutorial.stg_orders: /* {"app": "dbt", "dbt_version": "1.9.0", "profile_name": "dbt_pg_tutorial", "target_name": "dev", "node_id": "model.dbt_pg_tutorial.stg_orders"} */
drop view if exists "dbt_tutorial"."analytics_staging"."stg_orders__dbt_backup" cascade
[0m16:54:43.102903 [debug] [Thread-1 (]: On model.dbt_pg_tutorial.stg_customers: /* {"app": "dbt", "dbt_version": "1.9.0", "profile_name": "dbt_pg_tutorial", "target_name": "dev", "node_id": "model.dbt_pg_tutorial.stg_customers"} */
drop view if exists "dbt_tutorial"."analytics_staging"."stg_customers__dbt_backup" cascade
[0m16:54:43.106822 [debug] [Thread-3 (]: SQL status: COMMIT in 0.006 seconds
[0m16:54:43.135818 [debug] [Thread-2 (]: SQL status: DROP VIEW in 0.024 seconds
[0m16:54:43.138760 [debug] [Thread-3 (]: Applying DROP to: "dbt_tutorial"."analytics_staging"."stg_payments__dbt_backup"
[0m16:54:43.142677 [debug] [Thread-1 (]: SQL status: DROP VIEW in 0.028 seconds
[0m16:54:43.161907 [debug] [Thread-2 (]: On model.dbt_pg_tutorial.stg_orders: Close
[0m16:54:43.170247 [debug] [Thread-3 (]: Using postgres connection "model.dbt_pg_tutorial.stg_payments"
[0m16:54:43.183950 [debug] [Thread-1 (]: On model.dbt_pg_tutorial.stg_customers: Close
[0m16:54:43.201054 [debug] [Thread-3 (]: On model.dbt_pg_tutorial.stg_payments: /* {"app": "dbt", "dbt_version": "1.9.0", "profile_name": "dbt_pg_tutorial", "target_name": "dev", "node_id": "model.dbt_pg_tutorial.stg_payments"} */
drop view if exists "dbt_tutorial"."analytics_staging"."stg_payments__dbt_backup" cascade
[0m16:54:43.209230 [debug] [Thread-2 (]: Sending event: {'category': 'dbt', 'action': 'run_model', 'label': 'b22a7549-8438-4607-8334-e4ca1b849f80', 'context': [<snowplow_tracker.self_describing_json.SelfDescribingJson object at 0x000001CBF438F980>]}
[0m16:54:43.213222 [debug] [Thread-1 (]: Sending event: {'category': 'dbt', 'action': 'run_model', 'label': 'b22a7549-8438-4607-8334-e4ca1b849f80', 'context': [<snowplow_tracker.self_describing_json.SelfDescribingJson object at 0x000001CBF8FF4D70>]}
[0m16:54:43.229731 [debug] [Thread-3 (]: SQL status: DROP VIEW in 0.011 seconds
[0m16:54:43.224204 [info ] [Thread-2 (]: 2 of 8 OK created sql view model analytics_staging.stg_orders .................. [[32mCREATE VIEW[0m in 2.26s]
[0m16:54:43.236890 [info ] [Thread-1 (]: 1 of 8 OK created sql view model analytics_staging.stg_customers ............... [[32mCREATE VIEW[0m in 2.29s]
[0m16:54:43.252954 [debug] [Thread-3 (]: On model.dbt_pg_tutorial.stg_payments: Close
[0m16:54:43.262804 [debug] [Thread-2 (]: Finished running node model.dbt_pg_tutorial.stg_orders
[0m16:54:43.270901 [debug] [Thread-1 (]: Finished running node model.dbt_pg_tutorial.stg_customers
[0m16:54:43.276810 [debug] [Thread-3 (]: Sending event: {'category': 'dbt', 'action': 'run_model', 'label': 'b22a7549-8438-4607-8334-e4ca1b849f80', 'context': [<snowplow_tracker.self_describing_json.SelfDescribingJson object at 0x000001CBF8C2FD40>]}
[0m16:54:43.289530 [debug] [Thread-4 (]: Began running node model.dbt_pg_tutorial.dim_customers
[0m16:54:43.297583 [info ] [Thread-3 (]: 3 of 8 OK created sql view model analytics_staging.stg_payments ................ [[32mCREATE VIEW[0m in 2.34s]
[0m16:54:43.305522 [info ] [Thread-4 (]: 4 of 8 START sql table model analytics_marts.dim_customers ..................... [RUN]
[0m16:54:43.316637 [debug] [Thread-3 (]: Finished running node model.dbt_pg_tutorial.stg_payments
[0m16:54:43.324470 [debug] [Thread-4 (]: Acquiring new postgres connection 'model.dbt_pg_tutorial.dim_customers'
[0m16:54:43.334963 [debug] [Thread-1 (]: Began running node model.dbt_pg_tutorial.int_order_payments
[0m16:54:43.339293 [debug] [Thread-4 (]: Began compiling node model.dbt_pg_tutorial.dim_customers
[0m16:54:43.347449 [info ] [Thread-1 (]: 5 of 8 START sql view model analytics_intermediate.int_order_payments .......... [RUN]
[0m16:54:43.382831 [debug] [Thread-4 (]: Writing injected SQL for node "model.dbt_pg_tutorial.dim_customers"
[0m16:54:43.388892 [debug] [Thread-1 (]: Re-using an available connection from the pool (formerly model.dbt_pg_tutorial.stg_customers, now model.dbt_pg_tutorial.int_order_payments)
[0m16:54:43.399898 [debug] [Thread-1 (]: Began compiling node model.dbt_pg_tutorial.int_order_payments
[0m16:54:43.432202 [debug] [Thread-1 (]: Writing injected SQL for node "model.dbt_pg_tutorial.int_order_payments"
[0m16:54:43.457359 [debug] [Thread-4 (]: Began executing node model.dbt_pg_tutorial.dim_customers
[0m16:54:43.543023 [debug] [Thread-1 (]: Began executing node model.dbt_pg_tutorial.int_order_payments
[0m16:54:43.642124 [debug] [Thread-1 (]: Writing runtime sql for node "model.dbt_pg_tutorial.int_order_payments"
[0m16:54:43.658159 [debug] [Thread-4 (]: Writing runtime sql for node "model.dbt_pg_tutorial.dim_customers"
[0m16:54:43.728288 [debug] [Thread-1 (]: Using postgres connection "model.dbt_pg_tutorial.int_order_payments"
[0m16:54:43.731975 [debug] [Thread-4 (]: Using postgres connection "model.dbt_pg_tutorial.dim_customers"
[0m16:54:43.736965 [debug] [Thread-1 (]: On model.dbt_pg_tutorial.int_order_payments: BEGIN
[0m16:54:43.742979 [debug] [Thread-4 (]: On model.dbt_pg_tutorial.dim_customers: BEGIN
[0m16:54:43.748080 [debug] [Thread-1 (]: Opening a new connection, currently in state closed
[0m16:54:43.754127 [debug] [Thread-4 (]: Opening a new connection, currently in state init
[0m16:54:44.272044 [debug] [Thread-1 (]: SQL status: BEGIN in 0.523 seconds
[0m16:54:44.279094 [debug] [Thread-1 (]: Using postgres connection "model.dbt_pg_tutorial.int_order_payments"
[0m16:54:44.283198 [debug] [Thread-1 (]: On model.dbt_pg_tutorial.int_order_payments: /* {"app": "dbt", "dbt_version": "1.9.0", "profile_name": "dbt_pg_tutorial", "target_name": "dev", "node_id": "model.dbt_pg_tutorial.int_order_payments"} */

  create view "dbt_tutorial"."analytics_intermediate"."int_order_payments__dbt_tmp"
    
    
  as (
    

with payments as (
    select
        order_id,
        sum(amount) as total_paid,
        count(*)    as payment_count
    from "dbt_tutorial"."analytics_staging"."stg_payments"
    group by 1
)

select
    o.order_id,
    o.customer_id,
    o.order_timestamp,
    o.status,
    o.total_amount,
    coalesce(p.total_paid, 0)   as total_paid,
    coalesce(p.payment_count, 0) as payment_count,
    (o.total_amount - coalesce(p.total_paid, 0)) as outstanding_amount
from "dbt_tutorial"."analytics_staging"."stg_orders" o
left join payments p on o.order_id = p.order_id
  );
[0m16:54:44.322339 [debug] [Thread-1 (]: SQL status: CREATE VIEW in 0.033 seconds
[0m16:54:44.347039 [debug] [Thread-1 (]: Using postgres connection "model.dbt_pg_tutorial.int_order_payments"
[0m16:54:44.350053 [debug] [Thread-4 (]: SQL status: BEGIN in 0.596 seconds
[0m16:54:44.354776 [debug] [Thread-1 (]: On model.dbt_pg_tutorial.int_order_payments: /* {"app": "dbt", "dbt_version": "1.9.0", "profile_name": "dbt_pg_tutorial", "target_name": "dev", "node_id": "model.dbt_pg_tutorial.int_order_payments"} */
alter table "dbt_tutorial"."analytics_intermediate"."int_order_payments__dbt_tmp" rename to "int_order_payments"
[0m16:54:44.359930 [debug] [Thread-4 (]: Using postgres connection "model.dbt_pg_tutorial.dim_customers"
[0m16:54:44.367830 [debug] [Thread-4 (]: On model.dbt_pg_tutorial.dim_customers: /* {"app": "dbt", "dbt_version": "1.9.0", "profile_name": "dbt_pg_tutorial", "target_name": "dev", "node_id": "model.dbt_pg_tutorial.dim_customers"} */

  
    

  create  table "dbt_tutorial"."analytics_marts"."dim_customers__dbt_tmp"
  
  
    as
  
  (
    

select
    c.customer_id,
    initcap(c.first_name) as first_name,
    initcap(c.last_name)  as last_name,
    c.email,
    c.created_at
from "dbt_tutorial"."analytics_staging"."stg_customers" c
  );
  
[0m16:54:44.370916 [debug] [Thread-1 (]: SQL status: ALTER TABLE in 0.006 seconds
[0m16:54:44.387846 [debug] [Thread-1 (]: On model.dbt_pg_tutorial.int_order_payments: COMMIT
[0m16:54:44.392831 [debug] [Thread-1 (]: Using postgres connection "model.dbt_pg_tutorial.int_order_payments"
[0m16:54:44.396975 [debug] [Thread-1 (]: On model.dbt_pg_tutorial.int_order_payments: COMMIT
[0m16:54:44.406916 [debug] [Thread-1 (]: SQL status: COMMIT in 0.005 seconds
[0m16:54:44.426673 [debug] [Thread-1 (]: Applying DROP to: "dbt_tutorial"."analytics_intermediate"."int_order_payments__dbt_backup"
[0m16:54:44.430896 [debug] [Thread-4 (]: SQL status: SELECT 5 in 0.054 seconds
[0m16:54:44.437786 [debug] [Thread-1 (]: Using postgres connection "model.dbt_pg_tutorial.int_order_payments"
[0m16:54:44.488886 [debug] [Thread-4 (]: Using postgres connection "model.dbt_pg_tutorial.dim_customers"
[0m16:54:44.493286 [debug] [Thread-1 (]: On model.dbt_pg_tutorial.int_order_payments: /* {"app": "dbt", "dbt_version": "1.9.0", "profile_name": "dbt_pg_tutorial", "target_name": "dev", "node_id": "model.dbt_pg_tutorial.int_order_payments"} */
drop view if exists "dbt_tutorial"."analytics_intermediate"."int_order_payments__dbt_backup" cascade
[0m16:54:44.498501 [debug] [Thread-4 (]: On model.dbt_pg_tutorial.dim_customers: /* {"app": "dbt", "dbt_version": "1.9.0", "profile_name": "dbt_pg_tutorial", "target_name": "dev", "node_id": "model.dbt_pg_tutorial.dim_customers"} */
alter table "dbt_tutorial"."analytics_marts"."dim_customers" rename to "dim_customers__dbt_backup"
[0m16:54:44.506590 [debug] [Thread-1 (]: SQL status: DROP VIEW in 0.002 seconds
[0m16:54:44.512529 [debug] [Thread-4 (]: SQL status: ALTER TABLE in 0.003 seconds
[0m16:54:44.522841 [debug] [Thread-1 (]: On model.dbt_pg_tutorial.int_order_payments: Close
[0m16:54:44.546704 [debug] [Thread-4 (]: Using postgres connection "model.dbt_pg_tutorial.dim_customers"
[0m16:54:44.554384 [debug] [Thread-1 (]: Sending event: {'category': 'dbt', 'action': 'run_model', 'label': 'b22a7549-8438-4607-8334-e4ca1b849f80', 'context': [<snowplow_tracker.self_describing_json.SelfDescribingJson object at 0x000001CBF9340BC0>]}
[0m16:54:44.561192 [debug] [Thread-4 (]: On model.dbt_pg_tutorial.dim_customers: /* {"app": "dbt", "dbt_version": "1.9.0", "profile_name": "dbt_pg_tutorial", "target_name": "dev", "node_id": "model.dbt_pg_tutorial.dim_customers"} */
alter table "dbt_tutorial"."analytics_marts"."dim_customers__dbt_tmp" rename to "dim_customers"
[0m16:54:44.568907 [info ] [Thread-1 (]: 5 of 8 OK created sql view model analytics_intermediate.int_order_payments ..... [[32mCREATE VIEW[0m in 1.16s]
[0m16:54:44.581000 [debug] [Thread-4 (]: SQL status: ALTER TABLE in 0.004 seconds
[0m16:54:44.586894 [debug] [Thread-1 (]: Finished running node model.dbt_pg_tutorial.int_order_payments
[0m16:54:44.601908 [debug] [Thread-4 (]: On model.dbt_pg_tutorial.dim_customers: COMMIT
[0m16:54:44.609911 [debug] [Thread-3 (]: Began running node model.dbt_pg_tutorial.fct_orders
[0m16:54:44.614983 [debug] [Thread-4 (]: Using postgres connection "model.dbt_pg_tutorial.dim_customers"
[0m16:54:44.622123 [info ] [Thread-3 (]: 6 of 8 START sql table model analytics_marts.fct_orders ........................ [RUN]
[0m16:54:44.629127 [debug] [Thread-4 (]: On model.dbt_pg_tutorial.dim_customers: COMMIT
[0m16:54:44.637471 [debug] [Thread-3 (]: Re-using an available connection from the pool (formerly model.dbt_pg_tutorial.stg_payments, now model.dbt_pg_tutorial.fct_orders)
[0m16:54:44.647724 [debug] [Thread-3 (]: Began compiling node model.dbt_pg_tutorial.fct_orders
[0m16:54:44.650728 [debug] [Thread-4 (]: SQL status: COMMIT in 0.008 seconds
[0m16:54:44.672872 [debug] [Thread-3 (]: Writing injected SQL for node "model.dbt_pg_tutorial.fct_orders"
[0m16:54:44.692717 [debug] [Thread-4 (]: Applying DROP to: "dbt_tutorial"."analytics_marts"."dim_customers__dbt_backup"
[0m16:54:44.722218 [debug] [Thread-4 (]: Using postgres connection "model.dbt_pg_tutorial.dim_customers"
[0m16:54:44.729234 [debug] [Thread-4 (]: On model.dbt_pg_tutorial.dim_customers: /* {"app": "dbt", "dbt_version": "1.9.0", "profile_name": "dbt_pg_tutorial", "target_name": "dev", "node_id": "model.dbt_pg_tutorial.dim_customers"} */
drop table if exists "dbt_tutorial"."analytics_marts"."dim_customers__dbt_backup" cascade
[0m16:54:44.754394 [debug] [Thread-3 (]: Began executing node model.dbt_pg_tutorial.fct_orders
[0m16:54:44.757990 [debug] [Thread-4 (]: SQL status: DROP TABLE in 0.022 seconds
[0m16:54:44.796045 [debug] [Thread-3 (]: Writing runtime sql for node "model.dbt_pg_tutorial.fct_orders"
[0m16:54:44.806936 [debug] [Thread-4 (]: On model.dbt_pg_tutorial.dim_customers: Close
[0m16:54:44.816853 [debug] [Thread-4 (]: Sending event: {'category': 'dbt', 'action': 'run_model', 'label': 'b22a7549-8438-4607-8334-e4ca1b849f80', 'context': [<snowplow_tracker.self_describing_json.SelfDescribingJson object at 0x000001CBF8FC6C90>]}
[0m16:54:44.827050 [info ] [Thread-4 (]: 4 of 8 OK created sql table model analytics_marts.dim_customers ................ [[32mSELECT 5[0m in 1.49s]
[0m16:54:44.838551 [debug] [Thread-4 (]: Finished running node model.dbt_pg_tutorial.dim_customers
[0m16:54:44.846864 [debug] [Thread-1 (]: Began running node test.dbt_pg_tutorial.not_null_dim_customers_customer_id.dd91cd1c8d
[0m16:54:44.851708 [debug] [Thread-2 (]: Began running node test.dbt_pg_tutorial.unique_dim_customers_customer_id.15c9f1e2fd
[0m16:54:44.861276 [debug] [Thread-3 (]: Using postgres connection "model.dbt_pg_tutorial.fct_orders"
[0m16:54:44.856691 [info ] [Thread-1 (]: 7 of 8 START test not_null_dim_customers_customer_id ........................... [RUN]
[0m16:54:44.869384 [info ] [Thread-2 (]: 8 of 8 START test unique_dim_customers_customer_id ............................. [RUN]
[0m16:54:44.876011 [debug] [Thread-3 (]: On model.dbt_pg_tutorial.fct_orders: BEGIN
[0m16:54:44.881937 [debug] [Thread-1 (]: Re-using an available connection from the pool (formerly model.dbt_pg_tutorial.int_order_payments, now test.dbt_pg_tutorial.not_null_dim_customers_customer_id.dd91cd1c8d)
[0m16:54:44.887923 [debug] [Thread-2 (]: Re-using an available connection from the pool (formerly model.dbt_pg_tutorial.stg_orders, now test.dbt_pg_tutorial.unique_dim_customers_customer_id.15c9f1e2fd)
[0m16:54:44.892539 [debug] [Thread-3 (]: Opening a new connection, currently in state closed
[0m16:54:44.898537 [debug] [Thread-1 (]: Began compiling node test.dbt_pg_tutorial.not_null_dim_customers_customer_id.dd91cd1c8d
[0m16:54:44.904539 [debug] [Thread-2 (]: Began compiling node test.dbt_pg_tutorial.unique_dim_customers_customer_id.15c9f1e2fd
[0m16:54:45.047142 [debug] [Thread-1 (]: Writing injected SQL for node "test.dbt_pg_tutorial.not_null_dim_customers_customer_id.dd91cd1c8d"
[0m16:54:45.060179 [debug] [Thread-2 (]: Writing injected SQL for node "test.dbt_pg_tutorial.unique_dim_customers_customer_id.15c9f1e2fd"
[0m16:54:45.133562 [debug] [Thread-1 (]: Began executing node test.dbt_pg_tutorial.not_null_dim_customers_customer_id.dd91cd1c8d
[0m16:54:45.137476 [debug] [Thread-2 (]: Began executing node test.dbt_pg_tutorial.unique_dim_customers_customer_id.15c9f1e2fd
[0m16:54:45.305228 [debug] [Thread-2 (]: Writing runtime sql for node "test.dbt_pg_tutorial.unique_dim_customers_customer_id.15c9f1e2fd"
[0m16:54:45.309310 [debug] [Thread-1 (]: Writing runtime sql for node "test.dbt_pg_tutorial.not_null_dim_customers_customer_id.dd91cd1c8d"
[0m16:54:45.384819 [debug] [Thread-2 (]: Using postgres connection "test.dbt_pg_tutorial.unique_dim_customers_customer_id.15c9f1e2fd"
[0m16:54:45.388737 [debug] [Thread-1 (]: Using postgres connection "test.dbt_pg_tutorial.not_null_dim_customers_customer_id.dd91cd1c8d"
[0m16:54:45.393437 [debug] [Thread-2 (]: On test.dbt_pg_tutorial.unique_dim_customers_customer_id.15c9f1e2fd: BEGIN
[0m16:54:45.399564 [debug] [Thread-1 (]: On test.dbt_pg_tutorial.not_null_dim_customers_customer_id.dd91cd1c8d: BEGIN
[0m16:54:45.404509 [debug] [Thread-2 (]: Opening a new connection, currently in state closed
[0m16:54:45.408668 [debug] [Thread-1 (]: Opening a new connection, currently in state closed
[0m16:54:45.434507 [debug] [Thread-3 (]: SQL status: BEGIN in 0.541 seconds
[0m16:54:45.442025 [debug] [Thread-3 (]: Using postgres connection "model.dbt_pg_tutorial.fct_orders"
[0m16:54:45.448022 [debug] [Thread-3 (]: On model.dbt_pg_tutorial.fct_orders: /* {"app": "dbt", "dbt_version": "1.9.0", "profile_name": "dbt_pg_tutorial", "target_name": "dev", "node_id": "model.dbt_pg_tutorial.fct_orders"} */

  
    

  create  table "dbt_tutorial"."analytics_marts"."fct_orders__dbt_tmp"
  
  
    as
  
  (
    

select
    i.order_id,
    i.customer_id,
    i.order_timestamp,
    i.status,
    i.total_amount,
    i.total_paid,
    i.payment_count,
    i.outstanding_amount,
    case
        when i.outstanding_amount = 0 and i.total_amount > 0 then true
        else false
    end as is_fully_paid
from "dbt_tutorial"."analytics_intermediate"."int_order_payments" i
  );
  
[0m16:54:45.505018 [debug] [Thread-3 (]: SQL status: SELECT 5 in 0.051 seconds
[0m16:54:45.532000 [debug] [Thread-3 (]: Using postgres connection "model.dbt_pg_tutorial.fct_orders"
[0m16:54:45.537619 [debug] [Thread-3 (]: On model.dbt_pg_tutorial.fct_orders: /* {"app": "dbt", "dbt_version": "1.9.0", "profile_name": "dbt_pg_tutorial", "target_name": "dev", "node_id": "model.dbt_pg_tutorial.fct_orders"} */
alter table "dbt_tutorial"."analytics_marts"."fct_orders" rename to "fct_orders__dbt_backup"
[0m16:54:45.546701 [debug] [Thread-3 (]: SQL status: ALTER TABLE in 0.003 seconds
[0m16:54:45.572693 [debug] [Thread-3 (]: Using postgres connection "model.dbt_pg_tutorial.fct_orders"
[0m16:54:45.578702 [debug] [Thread-3 (]: On model.dbt_pg_tutorial.fct_orders: /* {"app": "dbt", "dbt_version": "1.9.0", "profile_name": "dbt_pg_tutorial", "target_name": "dev", "node_id": "model.dbt_pg_tutorial.fct_orders"} */
alter table "dbt_tutorial"."analytics_marts"."fct_orders__dbt_tmp" rename to "fct_orders"
[0m16:54:45.587696 [debug] [Thread-3 (]: SQL status: ALTER TABLE in 0.004 seconds
[0m16:54:45.603221 [debug] [Thread-3 (]: On model.dbt_pg_tutorial.fct_orders: COMMIT
[0m16:54:45.608348 [debug] [Thread-3 (]: Using postgres connection "model.dbt_pg_tutorial.fct_orders"
[0m16:54:45.616644 [debug] [Thread-3 (]: On model.dbt_pg_tutorial.fct_orders: COMMIT
[0m16:54:45.629395 [debug] [Thread-3 (]: SQL status: COMMIT in 0.005 seconds
[0m16:54:45.650994 [debug] [Thread-3 (]: Applying DROP to: "dbt_tutorial"."analytics_marts"."fct_orders__dbt_backup"
[0m16:54:45.659061 [debug] [Thread-3 (]: Using postgres connection "model.dbt_pg_tutorial.fct_orders"
[0m16:54:45.664070 [debug] [Thread-3 (]: On model.dbt_pg_tutorial.fct_orders: /* {"app": "dbt", "dbt_version": "1.9.0", "profile_name": "dbt_pg_tutorial", "target_name": "dev", "node_id": "model.dbt_pg_tutorial.fct_orders"} */
drop table if exists "dbt_tutorial"."analytics_marts"."fct_orders__dbt_backup" cascade
[0m16:54:45.689088 [debug] [Thread-3 (]: SQL status: DROP TABLE in 0.018 seconds
[0m16:54:45.705149 [debug] [Thread-3 (]: On model.dbt_pg_tutorial.fct_orders: Close
[0m16:54:45.715135 [debug] [Thread-3 (]: Sending event: {'category': 'dbt', 'action': 'run_model', 'label': 'b22a7549-8438-4607-8334-e4ca1b849f80', 'context': [<snowplow_tracker.self_describing_json.SelfDescribingJson object at 0x000001CBF93AC080>]}
[0m16:54:45.722139 [info ] [Thread-3 (]: 6 of 8 OK created sql table model analytics_marts.fct_orders ................... [[32mSELECT 5[0m in 1.08s]
[0m16:54:45.734192 [debug] [Thread-3 (]: Finished running node model.dbt_pg_tutorial.fct_orders
[0m16:54:46.001368 [debug] [Thread-2 (]: SQL status: BEGIN in 0.597 seconds
[0m16:54:46.006366 [debug] [Thread-2 (]: Using postgres connection "test.dbt_pg_tutorial.unique_dim_customers_customer_id.15c9f1e2fd"
[0m16:54:46.012371 [debug] [Thread-2 (]: On test.dbt_pg_tutorial.unique_dim_customers_customer_id.15c9f1e2fd: /* {"app": "dbt", "dbt_version": "1.9.0", "profile_name": "dbt_pg_tutorial", "target_name": "dev", "node_id": "test.dbt_pg_tutorial.unique_dim_customers_customer_id.15c9f1e2fd"} */

    select
      count(*) as failures,
      count(*) != 0 as should_warn,
      count(*) != 0 as should_error
    from (
      
    
  
    
    

select
    customer_id as unique_field,
    count(*) as n_records

from "dbt_tutorial"."analytics_marts"."dim_customers"
where customer_id is not null
group by customer_id
having count(*) > 1



  
  
      
    ) dbt_internal_test
[0m16:54:46.028700 [debug] [Thread-2 (]: SQL status: SELECT 1 in 0.010 seconds
[0m16:54:46.055216 [debug] [Thread-2 (]: On test.dbt_pg_tutorial.unique_dim_customers_customer_id.15c9f1e2fd: ROLLBACK
[0m16:54:46.063218 [debug] [Thread-2 (]: On test.dbt_pg_tutorial.unique_dim_customers_customer_id.15c9f1e2fd: Close
[0m16:54:46.066222 [debug] [Thread-1 (]: SQL status: BEGIN in 0.657 seconds
[0m16:54:46.073226 [info ] [Thread-2 (]: 8 of 8 PASS unique_dim_customers_customer_id ................................... [[32mPASS[0m in 1.19s]
[0m16:54:46.080224 [debug] [Thread-1 (]: Using postgres connection "test.dbt_pg_tutorial.not_null_dim_customers_customer_id.dd91cd1c8d"
[0m16:54:46.089233 [debug] [Thread-2 (]: Finished running node test.dbt_pg_tutorial.unique_dim_customers_customer_id.15c9f1e2fd
[0m16:54:46.095225 [debug] [Thread-1 (]: On test.dbt_pg_tutorial.not_null_dim_customers_customer_id.dd91cd1c8d: /* {"app": "dbt", "dbt_version": "1.9.0", "profile_name": "dbt_pg_tutorial", "target_name": "dev", "node_id": "test.dbt_pg_tutorial.not_null_dim_customers_customer_id.dd91cd1c8d"} */

    select
      count(*) as failures,
      count(*) != 0 as should_warn,
      count(*) != 0 as should_error
    from (
      
    
  
    
    



select customer_id
from "dbt_tutorial"."analytics_marts"."dim_customers"
where customer_id is null



  
  
      
    ) dbt_internal_test
[0m16:54:46.116221 [debug] [Thread-1 (]: SQL status: SELECT 1 in 0.010 seconds
[0m16:54:46.129268 [debug] [Thread-1 (]: On test.dbt_pg_tutorial.not_null_dim_customers_customer_id.dd91cd1c8d: ROLLBACK
[0m16:54:46.136273 [debug] [Thread-1 (]: On test.dbt_pg_tutorial.not_null_dim_customers_customer_id.dd91cd1c8d: Close
[0m16:54:46.143884 [info ] [Thread-1 (]: 7 of 8 PASS not_null_dim_customers_customer_id ................................. [[32mPASS[0m in 1.26s]
[0m16:54:46.158057 [debug] [Thread-1 (]: Finished running node test.dbt_pg_tutorial.not_null_dim_customers_customer_id.dd91cd1c8d
[0m16:54:46.176039 [debug] [MainThread]: Using postgres connection "master"
[0m16:54:46.182052 [debug] [MainThread]: On master: BEGIN
[0m16:54:46.186039 [debug] [MainThread]: Opening a new connection, currently in state closed
[0m16:54:46.720753 [debug] [MainThread]: SQL status: BEGIN in 0.534 seconds
[0m16:54:46.726790 [debug] [MainThread]: On master: COMMIT
[0m16:54:46.731788 [debug] [MainThread]: Using postgres connection "master"
[0m16:54:46.738324 [debug] [MainThread]: On master: COMMIT
[0m16:54:46.746649 [debug] [MainThread]: SQL status: COMMIT in 0.002 seconds
[0m16:54:46.751193 [debug] [MainThread]: On master: Close
[0m16:54:46.758349 [debug] [MainThread]: Connection 'master' was properly closed.
[0m16:54:46.763500 [debug] [MainThread]: Connection 'list_dbt_tutorial' was properly closed.
[0m16:54:46.769618 [debug] [MainThread]: Connection 'list_dbt_tutorial' was properly closed.
[0m16:54:46.776134 [debug] [MainThread]: Connection 'list_dbt_tutorial' was properly closed.
[0m16:54:46.781686 [debug] [MainThread]: Connection 'list_dbt_tutorial_analytics_marts' was properly closed.
[0m16:54:46.786726 [debug] [MainThread]: Connection 'list_dbt_tutorial_analytics_intermediate' was properly closed.
[0m16:54:46.792726 [debug] [MainThread]: Connection 'list_dbt_tutorial_analytics_staging' was properly closed.
[0m16:54:46.797323 [debug] [MainThread]: Connection 'test.dbt_pg_tutorial.not_null_dim_customers_customer_id.dd91cd1c8d' was properly closed.
[0m16:54:46.801328 [debug] [MainThread]: Connection 'test.dbt_pg_tutorial.unique_dim_customers_customer_id.15c9f1e2fd' was properly closed.
[0m16:54:46.805857 [debug] [MainThread]: Connection 'model.dbt_pg_tutorial.fct_orders' was properly closed.
[0m16:54:46.810903 [debug] [MainThread]: Connection 'model.dbt_pg_tutorial.dim_customers' was properly closed.
[0m16:54:46.814895 [info ] [MainThread]: 
[0m16:54:46.821901 [info ] [MainThread]: Finished running 2 table models, 2 data tests, 4 view models in 0 hours 0 minutes and 9.53 seconds (9.53s).
[0m16:54:46.840139 [debug] [MainThread]: Command end result
[0m16:54:47.308392 [debug] [MainThread]: Wrote artifact WritableManifest to C:\Users\kashv\dbt_workspace\dbt_pg_tutorial\target\manifest.json
[0m16:54:47.345975 [debug] [MainThread]: Wrote artifact SemanticManifest to C:\Users\kashv\dbt_workspace\dbt_pg_tutorial\target\semantic_manifest.json
[0m16:54:47.422495 [debug] [MainThread]: Wrote artifact RunExecutionResult to C:\Users\kashv\dbt_workspace\dbt_pg_tutorial\target\run_results.json
[0m16:54:47.427703 [info ] [MainThread]: 
[0m16:54:47.434702 [info ] [MainThread]: [32mCompleted successfully[0m
[0m16:54:47.441431 [info ] [MainThread]: 
[0m16:54:47.448405 [info ] [MainThread]: Done. PASS=8 WARN=0 ERROR=0 SKIP=0 TOTAL=8
[0m16:54:47.459402 [debug] [MainThread]: Command `dbt build` succeeded at 16:54:47.458406 after 20.27 seconds
[0m16:54:47.465457 [debug] [MainThread]: Sending event: {'category': 'dbt', 'action': 'invocation', 'label': 'end', 'context': [<snowplow_tracker.self_describing_json.SelfDescribingJson object at 0x000001CBF6783AA0>, <snowplow_tracker.self_describing_json.SelfDescribingJson object at 0x000001CBF6783C50>, <snowplow_tracker.self_describing_json.SelfDescribingJson object at 0x000001CBF697CA40>]}
[0m16:54:47.471293 [debug] [MainThread]: Flushing usage events
[0m16:54:47.491306 [debug] [MainThread]: An error was encountered while trying to flush usage events
[0m16:58:45.826939 [debug] [MainThread]: Sending event: {'category': 'dbt', 'action': 'invocation', 'label': 'start', 'context': [<snowplow_tracker.self_describing_json.SelfDescribingJson object at 0x0000027DF910D8B0>, <snowplow_tracker.self_describing_json.SelfDescribingJson object at 0x0000027DF8F57320>, <snowplow_tracker.self_describing_json.SelfDescribingJson object at 0x0000027DF8E343E0>]}


============================== 16:58:45.861660 | 9343d4ad-a55e-45a3-8045-41d5c0aec059 ==============================
[0m16:58:45.861660 [info ] [MainThread]: Running with dbt=1.9.0
[0m16:58:45.870692 [debug] [MainThread]: running dbt with arguments {'printer_width': '80', 'indirect_selection': 'eager', 'log_cache_events': 'False', 'write_json': 'True', 'partial_parse': 'True', 'cache_selected_only': 'False', 'profiles_dir': 'C:\\Users\\kashv\\.dbt', 'version_check': 'True', 'fail_fast': 'False', 'log_path': 'C:\\Users\\kashv\\dbt_workspace\\dbt_pg_tutorial\\logs', 'warn_error': 'None', 'debug': 'False', 'use_colors': 'True', 'use_experimental_parser': 'False', 'empty': 'None', 'quiet': 'False', 'no_print': 'None', 'warn_error_options': 'WarnErrorOptions(include=[], exclude=[])', 'introspect': 'True', 'log_format': 'default', 'static_parser': 'True', 'target_path': 'None', 'invocation_command': 'dbt test', 'send_anonymous_usage_stats': 'True'}
[0m16:58:47.537493 [debug] [MainThread]: Sending event: {'category': 'dbt', 'action': 'project_id', 'label': '9343d4ad-a55e-45a3-8045-41d5c0aec059', 'context': [<snowplow_tracker.self_describing_json.SelfDescribingJson object at 0x0000027DF9229340>]}
[0m16:58:48.032645 [debug] [MainThread]: Sending event: {'category': 'dbt', 'action': 'adapter_info', 'label': '9343d4ad-a55e-45a3-8045-41d5c0aec059', 'context': [<snowplow_tracker.self_describing_json.SelfDescribingJson object at 0x0000027DF932B410>]}
[0m16:58:48.044695 [info ] [MainThread]: Registered adapter: postgres=1.9.1
[0m16:58:51.096203 [debug] [MainThread]: checksum: c99e828bba267739642b5a3ce85f17518764ea526e0e6c4fdc649171c1a66bff, vars: {}, profile: , target: , version: 1.9.0
[0m16:58:52.822117 [debug] [MainThread]: Partial parsing enabled: 0 files deleted, 0 files added, 0 files changed.
[0m16:58:52.827896 [debug] [MainThread]: Partial parsing enabled, no changes found, skipping parsing
[0m16:58:53.148232 [debug] [MainThread]: Sending event: {'category': 'dbt', 'action': 'load_project', 'label': '9343d4ad-a55e-45a3-8045-41d5c0aec059', 'context': [<snowplow_tracker.self_describing_json.SelfDescribingJson object at 0x0000027DF92766C0>]}
[0m16:58:53.879834 [debug] [MainThread]: Wrote artifact WritableManifest to C:\Users\kashv\dbt_workspace\dbt_pg_tutorial\target\manifest.json
[0m16:58:54.030121 [debug] [MainThread]: Wrote artifact SemanticManifest to C:\Users\kashv\dbt_workspace\dbt_pg_tutorial\target\semantic_manifest.json
[0m16:58:54.446568 [debug] [MainThread]: Sending event: {'category': 'dbt', 'action': 'resource_counts', 'label': '9343d4ad-a55e-45a3-8045-41d5c0aec059', 'context': [<snowplow_tracker.self_describing_json.SelfDescribingJson object at 0x0000027DFAB35400>]}
[0m16:58:54.452432 [info ] [MainThread]: Found 6 models, 2 data tests, 3 sources, 434 macros
[0m16:58:54.459419 [debug] [MainThread]: Sending event: {'category': 'dbt', 'action': 'runnable_timing', 'label': '9343d4ad-a55e-45a3-8045-41d5c0aec059', 'context': [<snowplow_tracker.self_describing_json.SelfDescribingJson object at 0x0000027DF87A10A0>]}
[0m16:58:54.479840 [info ] [MainThread]: 
[0m16:58:54.486838 [info ] [MainThread]: Concurrency: 4 threads (target='dev')
[0m16:58:54.493940 [info ] [MainThread]: 
[0m16:58:54.502920 [debug] [MainThread]: Acquiring new postgres connection 'master'
[0m16:58:54.547482 [debug] [ThreadPool]: Acquiring new postgres connection 'list_dbt_tutorial_analytics_intermediate'
[0m16:58:54.554270 [debug] [ThreadPool]: Acquiring new postgres connection 'list_dbt_tutorial_analytics_marts'
[0m16:58:54.560285 [debug] [ThreadPool]: Acquiring new postgres connection 'list_dbt_tutorial_analytics_staging'
[0m16:58:55.652469 [debug] [ThreadPool]: Using postgres connection "list_dbt_tutorial_analytics_intermediate"
[0m16:58:55.656071 [debug] [ThreadPool]: Using postgres connection "list_dbt_tutorial_analytics_marts"
[0m16:58:55.659060 [debug] [ThreadPool]: Using postgres connection "list_dbt_tutorial_analytics_staging"
[0m16:58:55.664645 [debug] [ThreadPool]: On list_dbt_tutorial_analytics_intermediate: BEGIN
[0m16:58:55.669646 [debug] [ThreadPool]: On list_dbt_tutorial_analytics_marts: BEGIN
[0m16:58:55.675643 [debug] [ThreadPool]: On list_dbt_tutorial_analytics_staging: BEGIN
[0m16:58:55.680636 [debug] [ThreadPool]: Opening a new connection, currently in state init
[0m16:58:55.685644 [debug] [ThreadPool]: Opening a new connection, currently in state init
[0m16:58:55.690639 [debug] [ThreadPool]: Opening a new connection, currently in state init
[0m16:58:56.428765 [debug] [ThreadPool]: SQL status: BEGIN in 0.742 seconds
[0m16:58:56.434159 [debug] [ThreadPool]: Using postgres connection "list_dbt_tutorial_analytics_marts"
[0m16:58:56.442703 [debug] [ThreadPool]: On list_dbt_tutorial_analytics_marts: /* {"app": "dbt", "dbt_version": "1.9.0", "profile_name": "dbt_pg_tutorial", "target_name": "dev", "connection_name": "list_dbt_tutorial_analytics_marts"} */
select
      'dbt_tutorial' as database,
      tablename as name,
      schemaname as schema,
      'table' as type
    from pg_tables
    where schemaname ilike 'analytics_marts'
    union all
    select
      'dbt_tutorial' as database,
      viewname as name,
      schemaname as schema,
      'view' as type
    from pg_views
    where schemaname ilike 'analytics_marts'
    union all
    select
      'dbt_tutorial' as database,
      matviewname as name,
      schemaname as schema,
      'materialized_view' as type
    from pg_matviews
    where schemaname ilike 'analytics_marts'
  
[0m16:58:56.483703 [debug] [ThreadPool]: SQL status: SELECT 2 in 0.036 seconds
[0m16:58:56.499417 [debug] [ThreadPool]: On list_dbt_tutorial_analytics_marts: ROLLBACK
[0m16:58:56.504413 [debug] [ThreadPool]: SQL status: BEGIN in 0.823 seconds
[0m16:58:56.511483 [debug] [ThreadPool]: On list_dbt_tutorial_analytics_marts: Close
[0m16:58:56.513634 [debug] [ThreadPool]: SQL status: BEGIN in 0.824 seconds
[0m16:58:56.517676 [debug] [ThreadPool]: Using postgres connection "list_dbt_tutorial_analytics_intermediate"
[0m16:58:56.530538 [debug] [ThreadPool]: Using postgres connection "list_dbt_tutorial_analytics_staging"
[0m16:58:56.535588 [debug] [ThreadPool]: On list_dbt_tutorial_analytics_intermediate: /* {"app": "dbt", "dbt_version": "1.9.0", "profile_name": "dbt_pg_tutorial", "target_name": "dev", "connection_name": "list_dbt_tutorial_analytics_intermediate"} */
select
      'dbt_tutorial' as database,
      tablename as name,
      schemaname as schema,
      'table' as type
    from pg_tables
    where schemaname ilike 'analytics_intermediate'
    union all
    select
      'dbt_tutorial' as database,
      viewname as name,
      schemaname as schema,
      'view' as type
    from pg_views
    where schemaname ilike 'analytics_intermediate'
    union all
    select
      'dbt_tutorial' as database,
      matviewname as name,
      schemaname as schema,
      'materialized_view' as type
    from pg_matviews
    where schemaname ilike 'analytics_intermediate'
  
[0m16:58:56.542272 [debug] [ThreadPool]: On list_dbt_tutorial_analytics_staging: /* {"app": "dbt", "dbt_version": "1.9.0", "profile_name": "dbt_pg_tutorial", "target_name": "dev", "connection_name": "list_dbt_tutorial_analytics_staging"} */
select
      'dbt_tutorial' as database,
      tablename as name,
      schemaname as schema,
      'table' as type
    from pg_tables
    where schemaname ilike 'analytics_staging'
    union all
    select
      'dbt_tutorial' as database,
      viewname as name,
      schemaname as schema,
      'view' as type
    from pg_views
    where schemaname ilike 'analytics_staging'
    union all
    select
      'dbt_tutorial' as database,
      matviewname as name,
      schemaname as schema,
      'materialized_view' as type
    from pg_matviews
    where schemaname ilike 'analytics_staging'
  
[0m16:58:56.576510 [debug] [ThreadPool]: SQL status: SELECT 1 in 0.028 seconds
[0m16:58:56.581883 [debug] [ThreadPool]: SQL status: SELECT 3 in 0.030 seconds
[0m16:58:56.591883 [debug] [ThreadPool]: On list_dbt_tutorial_analytics_intermediate: ROLLBACK
[0m16:58:56.602945 [debug] [ThreadPool]: On list_dbt_tutorial_analytics_staging: ROLLBACK
[0m16:58:56.609933 [debug] [ThreadPool]: On list_dbt_tutorial_analytics_intermediate: Close
[0m16:58:56.614957 [debug] [ThreadPool]: On list_dbt_tutorial_analytics_staging: Close
[0m16:58:56.674957 [debug] [MainThread]: Using postgres connection "master"
[0m16:58:56.680898 [debug] [MainThread]: On master: BEGIN
[0m16:58:56.685832 [debug] [MainThread]: Opening a new connection, currently in state init
[0m16:58:57.204525 [debug] [MainThread]: SQL status: BEGIN in 0.518 seconds
[0m16:58:57.209523 [debug] [MainThread]: Using postgres connection "master"
[0m16:58:57.215520 [debug] [MainThread]: On master: /* {"app": "dbt", "dbt_version": "1.9.0", "profile_name": "dbt_pg_tutorial", "target_name": "dev", "connection_name": "master"} */
select distinct
        dependent_namespace.nspname as dependent_schema,
        dependent_class.relname as dependent_name,
        referenced_namespace.nspname as referenced_schema,
        referenced_class.relname as referenced_name

    -- Query for views: views are entries in pg_class with an entry in pg_rewrite, but we avoid
    -- a seq scan on pg_rewrite by leveraging the fact there is an "internal" row in pg_depend for
    -- the view...
    from pg_class as dependent_class
    join pg_namespace as dependent_namespace on dependent_namespace.oid = dependent_class.relnamespace
    join pg_depend as dependent_depend on dependent_depend.refobjid = dependent_class.oid
        and dependent_depend.classid = 'pg_rewrite'::regclass
        and dependent_depend.refclassid = 'pg_class'::regclass
        and dependent_depend.deptype = 'i'

    -- ... and via pg_depend (that has a row per column, hence the need for "distinct" above, and
    -- making sure to exclude the internal row to avoid a view appearing to depend on itself)...
    join pg_depend as joining_depend on joining_depend.objid = dependent_depend.objid
        and joining_depend.classid = 'pg_rewrite'::regclass
        and joining_depend.refclassid = 'pg_class'::regclass
        and joining_depend.refobjid != dependent_depend.refobjid

    -- ... we can find the tables they query from in pg_class, but excluding system tables. Note we
    -- don't need need to exclude _dependent_ system tables, because they only query from other
    -- system tables, and so are automatically excluded by excluding _referenced_ system tables
    join pg_class as referenced_class on referenced_class.oid = joining_depend.refobjid
    join pg_namespace as referenced_namespace on referenced_namespace.oid = referenced_class.relnamespace
        and referenced_namespace.nspname != 'information_schema'
        and referenced_namespace.nspname not like 'pg\_%'

    order by
        dependent_schema, dependent_name, referenced_schema, referenced_name;
[0m16:58:57.254111 [debug] [MainThread]: SQL status: SELECT 15 in 0.032 seconds
[0m16:58:57.270549 [debug] [MainThread]: Sending event: {'category': 'dbt', 'action': 'runnable_timing', 'label': '9343d4ad-a55e-45a3-8045-41d5c0aec059', 'context': [<snowplow_tracker.self_describing_json.SelfDescribingJson object at 0x0000027DF93D3740>]}
[0m16:58:57.276502 [debug] [MainThread]: On master: ROLLBACK
[0m16:58:57.283329 [debug] [MainThread]: Using postgres connection "master"
[0m16:58:57.290289 [debug] [MainThread]: On master: BEGIN
[0m16:58:57.298339 [debug] [MainThread]: SQL status: BEGIN in 0.003 seconds
[0m16:58:57.302287 [debug] [MainThread]: On master: COMMIT
[0m16:58:57.307332 [debug] [MainThread]: Using postgres connection "master"
[0m16:58:57.311291 [debug] [MainThread]: On master: COMMIT
[0m16:58:57.317375 [debug] [MainThread]: SQL status: COMMIT in 0.002 seconds
[0m16:58:57.322365 [debug] [MainThread]: On master: Close
[0m16:58:57.354166 [debug] [Thread-1 (]: Began running node test.dbt_pg_tutorial.not_null_dim_customers_customer_id.dd91cd1c8d
[0m16:58:57.357684 [debug] [Thread-2 (]: Began running node test.dbt_pg_tutorial.unique_dim_customers_customer_id.15c9f1e2fd
[0m16:58:57.364462 [info ] [Thread-1 (]: 1 of 2 START test not_null_dim_customers_customer_id ........................... [RUN]
[0m16:58:57.372100 [info ] [Thread-2 (]: 2 of 2 START test unique_dim_customers_customer_id ............................. [RUN]
[0m16:58:57.379979 [debug] [Thread-1 (]: Acquiring new postgres connection 'test.dbt_pg_tutorial.not_null_dim_customers_customer_id.dd91cd1c8d'
[0m16:58:57.388014 [debug] [Thread-2 (]: Acquiring new postgres connection 'test.dbt_pg_tutorial.unique_dim_customers_customer_id.15c9f1e2fd'
[0m16:58:57.394202 [debug] [Thread-1 (]: Began compiling node test.dbt_pg_tutorial.not_null_dim_customers_customer_id.dd91cd1c8d
[0m16:58:57.399742 [debug] [Thread-2 (]: Began compiling node test.dbt_pg_tutorial.unique_dim_customers_customer_id.15c9f1e2fd
[0m16:58:57.559405 [debug] [Thread-2 (]: Writing injected SQL for node "test.dbt_pg_tutorial.unique_dim_customers_customer_id.15c9f1e2fd"
[0m16:58:57.576946 [debug] [Thread-1 (]: Writing injected SQL for node "test.dbt_pg_tutorial.not_null_dim_customers_customer_id.dd91cd1c8d"
[0m16:58:57.648417 [debug] [Thread-2 (]: Began executing node test.dbt_pg_tutorial.unique_dim_customers_customer_id.15c9f1e2fd
[0m16:58:57.652432 [debug] [Thread-1 (]: Began executing node test.dbt_pg_tutorial.not_null_dim_customers_customer_id.dd91cd1c8d
[0m16:58:57.825055 [debug] [Thread-1 (]: Writing runtime sql for node "test.dbt_pg_tutorial.not_null_dim_customers_customer_id.dd91cd1c8d"
[0m16:58:57.817118 [debug] [Thread-2 (]: Writing runtime sql for node "test.dbt_pg_tutorial.unique_dim_customers_customer_id.15c9f1e2fd"
[0m16:58:57.910672 [debug] [Thread-2 (]: Using postgres connection "test.dbt_pg_tutorial.unique_dim_customers_customer_id.15c9f1e2fd"
[0m16:58:57.914700 [debug] [Thread-1 (]: Using postgres connection "test.dbt_pg_tutorial.not_null_dim_customers_customer_id.dd91cd1c8d"
[0m16:58:57.919691 [debug] [Thread-2 (]: On test.dbt_pg_tutorial.unique_dim_customers_customer_id.15c9f1e2fd: BEGIN
[0m16:58:57.925689 [debug] [Thread-1 (]: On test.dbt_pg_tutorial.not_null_dim_customers_customer_id.dd91cd1c8d: BEGIN
[0m16:58:57.930315 [debug] [Thread-2 (]: Opening a new connection, currently in state init
[0m16:58:57.937300 [debug] [Thread-1 (]: Opening a new connection, currently in state init
[0m16:58:58.769117 [debug] [Thread-2 (]: SQL status: BEGIN in 0.837 seconds
[0m16:58:58.775115 [debug] [Thread-2 (]: Using postgres connection "test.dbt_pg_tutorial.unique_dim_customers_customer_id.15c9f1e2fd"
[0m16:58:58.782112 [debug] [Thread-2 (]: On test.dbt_pg_tutorial.unique_dim_customers_customer_id.15c9f1e2fd: /* {"app": "dbt", "dbt_version": "1.9.0", "profile_name": "dbt_pg_tutorial", "target_name": "dev", "node_id": "test.dbt_pg_tutorial.unique_dim_customers_customer_id.15c9f1e2fd"} */

    select
      count(*) as failures,
      count(*) != 0 as should_warn,
      count(*) != 0 as should_error
    from (
      
    
  
    
    

select
    customer_id as unique_field,
    count(*) as n_records

from "dbt_tutorial"."analytics_marts"."dim_customers"
where customer_id is not null
group by customer_id
having count(*) > 1



  
  
      
    ) dbt_internal_test
[0m16:58:58.801112 [debug] [Thread-2 (]: SQL status: SELECT 1 in 0.012 seconds
[0m16:58:58.839309 [debug] [Thread-2 (]: On test.dbt_pg_tutorial.unique_dim_customers_customer_id.15c9f1e2fd: ROLLBACK
[0m16:58:58.848546 [debug] [Thread-2 (]: On test.dbt_pg_tutorial.unique_dim_customers_customer_id.15c9f1e2fd: Close
[0m16:58:58.852591 [debug] [Thread-1 (]: SQL status: BEGIN in 0.916 seconds
[0m16:58:58.861661 [info ] [Thread-2 (]: 2 of 2 PASS unique_dim_customers_customer_id ................................... [[32mPASS[0m in 1.47s]
[0m16:58:58.869256 [debug] [Thread-1 (]: Using postgres connection "test.dbt_pg_tutorial.not_null_dim_customers_customer_id.dd91cd1c8d"
[0m16:58:58.878677 [debug] [Thread-2 (]: Finished running node test.dbt_pg_tutorial.unique_dim_customers_customer_id.15c9f1e2fd
[0m16:58:58.886690 [debug] [Thread-1 (]: On test.dbt_pg_tutorial.not_null_dim_customers_customer_id.dd91cd1c8d: /* {"app": "dbt", "dbt_version": "1.9.0", "profile_name": "dbt_pg_tutorial", "target_name": "dev", "node_id": "test.dbt_pg_tutorial.not_null_dim_customers_customer_id.dd91cd1c8d"} */

    select
      count(*) as failures,
      count(*) != 0 as should_warn,
      count(*) != 0 as should_error
    from (
      
    
  
    
    



select customer_id
from "dbt_tutorial"."analytics_marts"."dim_customers"
where customer_id is null



  
  
      
    ) dbt_internal_test
[0m16:58:58.908374 [debug] [Thread-1 (]: SQL status: SELECT 1 in 0.010 seconds
[0m16:58:58.921382 [debug] [Thread-1 (]: On test.dbt_pg_tutorial.not_null_dim_customers_customer_id.dd91cd1c8d: ROLLBACK
[0m16:58:58.929376 [debug] [Thread-1 (]: On test.dbt_pg_tutorial.not_null_dim_customers_customer_id.dd91cd1c8d: Close
[0m16:58:58.937611 [info ] [Thread-1 (]: 1 of 2 PASS not_null_dim_customers_customer_id ................................. [[32mPASS[0m in 1.56s]
[0m16:58:58.949681 [debug] [Thread-1 (]: Finished running node test.dbt_pg_tutorial.not_null_dim_customers_customer_id.dd91cd1c8d
[0m16:58:58.970262 [debug] [MainThread]: Using postgres connection "master"
[0m16:58:58.977633 [debug] [MainThread]: On master: BEGIN
[0m16:58:58.984700 [debug] [MainThread]: Opening a new connection, currently in state closed
[0m16:58:59.533986 [debug] [MainThread]: SQL status: BEGIN in 0.550 seconds
[0m16:58:59.539986 [debug] [MainThread]: On master: COMMIT
[0m16:58:59.545928 [debug] [MainThread]: Using postgres connection "master"
[0m16:58:59.551143 [debug] [MainThread]: On master: COMMIT
[0m16:58:59.559139 [debug] [MainThread]: SQL status: COMMIT in 0.002 seconds
[0m16:58:59.564725 [debug] [MainThread]: On master: Close
[0m16:58:59.571733 [debug] [MainThread]: Connection 'master' was properly closed.
[0m16:58:59.576372 [debug] [MainThread]: Connection 'list_dbt_tutorial_analytics_intermediate' was properly closed.
[0m16:58:59.581520 [debug] [MainThread]: Connection 'list_dbt_tutorial_analytics_marts' was properly closed.
[0m16:58:59.586430 [debug] [MainThread]: Connection 'list_dbt_tutorial_analytics_staging' was properly closed.
[0m16:58:59.594040 [debug] [MainThread]: Connection 'test.dbt_pg_tutorial.not_null_dim_customers_customer_id.dd91cd1c8d' was properly closed.
[0m16:58:59.599165 [debug] [MainThread]: Connection 'test.dbt_pg_tutorial.unique_dim_customers_customer_id.15c9f1e2fd' was properly closed.
[0m16:58:59.605010 [info ] [MainThread]: 
[0m16:58:59.614099 [info ] [MainThread]: Finished running 2 data tests in 0 hours 0 minutes and 5.10 seconds (5.10s).
[0m16:58:59.626705 [debug] [MainThread]: Command end result
[0m16:58:59.902822 [debug] [MainThread]: Wrote artifact WritableManifest to C:\Users\kashv\dbt_workspace\dbt_pg_tutorial\target\manifest.json
[0m16:58:59.943490 [debug] [MainThread]: Wrote artifact SemanticManifest to C:\Users\kashv\dbt_workspace\dbt_pg_tutorial\target\semantic_manifest.json
[0m16:59:00.018775 [debug] [MainThread]: Wrote artifact RunExecutionResult to C:\Users\kashv\dbt_workspace\dbt_pg_tutorial\target\run_results.json
[0m16:59:00.025065 [info ] [MainThread]: 
[0m16:59:00.033063 [info ] [MainThread]: [32mCompleted successfully[0m
[0m16:59:00.040053 [info ] [MainThread]: 
[0m16:59:00.047094 [info ] [MainThread]: Done. PASS=2 WARN=0 ERROR=0 SKIP=0 TOTAL=2
[0m16:59:00.058617 [debug] [MainThread]: Command `dbt test` succeeded at 16:59:00.057087 after 15.41 seconds
[0m16:59:00.066276 [debug] [MainThread]: Sending event: {'category': 'dbt', 'action': 'invocation', 'label': 'end', 'context': [<snowplow_tracker.self_describing_json.SelfDescribingJson object at 0x0000027DF8EF9DF0>, <snowplow_tracker.self_describing_json.SelfDescribingJson object at 0x0000027DF8D8DB50>, <snowplow_tracker.self_describing_json.SelfDescribingJson object at 0x0000027DF8D8E120>]}
[0m16:59:00.072257 [debug] [MainThread]: Flushing usage events
[0m16:59:00.094229 [debug] [MainThread]: An error was encountered while trying to flush usage events
[0m17:20:28.481320 [debug] [MainThread]: Sending event: {'category': 'dbt', 'action': 'invocation', 'label': 'start', 'context': [<snowplow_tracker.self_describing_json.SelfDescribingJson object at 0x000002932F8437A0>, <snowplow_tracker.self_describing_json.SelfDescribingJson object at 0x00000293300A6330>, <snowplow_tracker.self_describing_json.SelfDescribingJson object at 0x00000293300A6E70>]}


============================== 17:20:28.514658 | 1d724862-9ab2-4964-a3b2-1ddfc1bf42e8 ==============================
[0m17:20:28.514658 [info ] [MainThread]: Running with dbt=1.9.0
[0m17:20:28.523673 [debug] [MainThread]: running dbt with arguments {'printer_width': '80', 'indirect_selection': 'eager', 'log_cache_events': 'False', 'write_json': 'True', 'partial_parse': 'True', 'cache_selected_only': 'False', 'profiles_dir': 'C:\\Users\\kashv\\.dbt', 'fail_fast': 'False', 'warn_error': 'None', 'log_path': 'C:\\Users\\kashv\\dbt_workspace\\dbt_pg_tutorial\\logs', 'debug': 'False', 'version_check': 'True', 'use_colors': 'True', 'use_experimental_parser': 'False', 'no_print': 'None', 'quiet': 'False', 'empty': 'None', 'log_format': 'default', 'static_parser': 'True', 'introspect': 'True', 'invocation_command': 'dbt docs generate', 'target_path': 'None', 'warn_error_options': 'WarnErrorOptions(include=[], exclude=[])', 'send_anonymous_usage_stats': 'True'}
[0m17:20:30.091064 [debug] [MainThread]: Sending event: {'category': 'dbt', 'action': 'project_id', 'label': '1d724862-9ab2-4964-a3b2-1ddfc1bf42e8', 'context': [<snowplow_tracker.self_describing_json.SelfDescribingJson object at 0x0000029330B8FEF0>]}
[0m17:20:30.548018 [debug] [MainThread]: Sending event: {'category': 'dbt', 'action': 'adapter_info', 'label': '1d724862-9ab2-4964-a3b2-1ddfc1bf42e8', 'context': [<snowplow_tracker.self_describing_json.SelfDescribingJson object at 0x00000293302ADA30>]}
[0m17:20:30.561022 [info ] [MainThread]: Registered adapter: postgres=1.9.1
[0m17:20:33.415758 [debug] [MainThread]: checksum: c99e828bba267739642b5a3ce85f17518764ea526e0e6c4fdc649171c1a66bff, vars: {}, profile: , target: , version: 1.9.0
[0m17:20:35.040400 [debug] [MainThread]: Partial parsing enabled: 0 files deleted, 0 files added, 0 files changed.
[0m17:20:35.045400 [debug] [MainThread]: Partial parsing enabled, no changes found, skipping parsing
[0m17:20:35.359951 [debug] [MainThread]: Sending event: {'category': 'dbt', 'action': 'load_project', 'label': '1d724862-9ab2-4964-a3b2-1ddfc1bf42e8', 'context': [<snowplow_tracker.self_describing_json.SelfDescribingJson object at 0x0000029331DB7290>]}
[0m17:20:35.733585 [debug] [MainThread]: Sending event: {'category': 'dbt', 'action': 'resource_counts', 'label': '1d724862-9ab2-4964-a3b2-1ddfc1bf42e8', 'context': [<snowplow_tracker.self_describing_json.SelfDescribingJson object at 0x00000293322F4950>]}
[0m17:20:35.738700 [info ] [MainThread]: Found 6 models, 2 data tests, 3 sources, 434 macros
[0m17:20:35.745738 [debug] [MainThread]: Sending event: {'category': 'dbt', 'action': 'runnable_timing', 'label': '1d724862-9ab2-4964-a3b2-1ddfc1bf42e8', 'context': [<snowplow_tracker.self_describing_json.SelfDescribingJson object at 0x0000029331F9BE00>]}
[0m17:20:35.760720 [info ] [MainThread]: 
[0m17:20:35.769675 [info ] [MainThread]: Concurrency: 4 threads (target='dev')
[0m17:20:35.775696 [info ] [MainThread]: 
[0m17:20:35.782790 [debug] [MainThread]: Acquiring new postgres connection 'master'
[0m17:20:35.819015 [debug] [ThreadPool]: Acquiring new postgres connection 'list_dbt_tutorial_analytics_marts'
[0m17:20:35.826134 [debug] [ThreadPool]: Acquiring new postgres connection 'list_dbt_tutorial_analytics_staging'
[0m17:20:35.831036 [debug] [ThreadPool]: Acquiring new postgres connection 'list_dbt_tutorial_analytics_intermediate'
[0m17:20:36.916629 [debug] [ThreadPool]: Using postgres connection "list_dbt_tutorial_analytics_marts"
[0m17:20:36.920629 [debug] [ThreadPool]: Using postgres connection "list_dbt_tutorial_analytics_intermediate"
[0m17:20:36.923674 [debug] [ThreadPool]: Using postgres connection "list_dbt_tutorial_analytics_staging"
[0m17:20:36.927764 [debug] [ThreadPool]: On list_dbt_tutorial_analytics_marts: BEGIN
[0m17:20:36.932763 [debug] [ThreadPool]: On list_dbt_tutorial_analytics_intermediate: BEGIN
[0m17:20:36.937345 [debug] [ThreadPool]: On list_dbt_tutorial_analytics_staging: BEGIN
[0m17:20:36.942406 [debug] [ThreadPool]: Opening a new connection, currently in state init
[0m17:20:36.946541 [debug] [ThreadPool]: Opening a new connection, currently in state init
[0m17:20:36.950407 [debug] [ThreadPool]: Opening a new connection, currently in state init
[0m17:20:37.622089 [debug] [ThreadPool]: SQL status: BEGIN in 0.680 seconds
[0m17:20:37.628657 [debug] [ThreadPool]: Using postgres connection "list_dbt_tutorial_analytics_marts"
[0m17:20:37.636268 [debug] [ThreadPool]: On list_dbt_tutorial_analytics_marts: /* {"app": "dbt", "dbt_version": "1.9.0", "profile_name": "dbt_pg_tutorial", "target_name": "dev", "connection_name": "list_dbt_tutorial_analytics_marts"} */
select
      'dbt_tutorial' as database,
      tablename as name,
      schemaname as schema,
      'table' as type
    from pg_tables
    where schemaname ilike 'analytics_marts'
    union all
    select
      'dbt_tutorial' as database,
      viewname as name,
      schemaname as schema,
      'view' as type
    from pg_views
    where schemaname ilike 'analytics_marts'
    union all
    select
      'dbt_tutorial' as database,
      matviewname as name,
      schemaname as schema,
      'materialized_view' as type
    from pg_matviews
    where schemaname ilike 'analytics_marts'
  
[0m17:20:37.669488 [debug] [ThreadPool]: SQL status: SELECT 2 in 0.027 seconds
[0m17:20:37.673469 [debug] [ThreadPool]: SQL status: BEGIN in 0.727 seconds
[0m17:20:37.686474 [debug] [ThreadPool]: On list_dbt_tutorial_analytics_marts: ROLLBACK
[0m17:20:37.693467 [debug] [ThreadPool]: Using postgres connection "list_dbt_tutorial_analytics_intermediate"
[0m17:20:37.700620 [debug] [ThreadPool]: On list_dbt_tutorial_analytics_marts: Close
[0m17:20:37.705570 [debug] [ThreadPool]: On list_dbt_tutorial_analytics_intermediate: /* {"app": "dbt", "dbt_version": "1.9.0", "profile_name": "dbt_pg_tutorial", "target_name": "dev", "connection_name": "list_dbt_tutorial_analytics_intermediate"} */
select
      'dbt_tutorial' as database,
      tablename as name,
      schemaname as schema,
      'table' as type
    from pg_tables
    where schemaname ilike 'analytics_intermediate'
    union all
    select
      'dbt_tutorial' as database,
      viewname as name,
      schemaname as schema,
      'view' as type
    from pg_views
    where schemaname ilike 'analytics_intermediate'
    union all
    select
      'dbt_tutorial' as database,
      matviewname as name,
      schemaname as schema,
      'materialized_view' as type
    from pg_matviews
    where schemaname ilike 'analytics_intermediate'
  
[0m17:20:37.747292 [debug] [ThreadPool]: SQL status: BEGIN in 0.796 seconds
[0m17:20:37.751395 [debug] [ThreadPool]: SQL status: SELECT 1 in 0.034 seconds
[0m17:20:37.756391 [debug] [ThreadPool]: Using postgres connection "list_dbt_tutorial_analytics_staging"
[0m17:20:37.768397 [debug] [ThreadPool]: On list_dbt_tutorial_analytics_intermediate: ROLLBACK
[0m17:20:37.773398 [debug] [ThreadPool]: On list_dbt_tutorial_analytics_staging: /* {"app": "dbt", "dbt_version": "1.9.0", "profile_name": "dbt_pg_tutorial", "target_name": "dev", "connection_name": "list_dbt_tutorial_analytics_staging"} */
select
      'dbt_tutorial' as database,
      tablename as name,
      schemaname as schema,
      'table' as type
    from pg_tables
    where schemaname ilike 'analytics_staging'
    union all
    select
      'dbt_tutorial' as database,
      viewname as name,
      schemaname as schema,
      'view' as type
    from pg_views
    where schemaname ilike 'analytics_staging'
    union all
    select
      'dbt_tutorial' as database,
      matviewname as name,
      schemaname as schema,
      'materialized_view' as type
    from pg_matviews
    where schemaname ilike 'analytics_staging'
  
[0m17:20:37.780403 [debug] [ThreadPool]: On list_dbt_tutorial_analytics_intermediate: Close
[0m17:20:37.813452 [debug] [ThreadPool]: SQL status: SELECT 3 in 0.030 seconds
[0m17:20:37.826477 [debug] [ThreadPool]: On list_dbt_tutorial_analytics_staging: ROLLBACK
[0m17:20:37.832421 [debug] [ThreadPool]: On list_dbt_tutorial_analytics_staging: Close
[0m17:20:37.867897 [debug] [MainThread]: Using postgres connection "master"
[0m17:20:37.872900 [debug] [MainThread]: On master: BEGIN
[0m17:20:37.877483 [debug] [MainThread]: Opening a new connection, currently in state init
[0m17:20:38.391138 [debug] [MainThread]: SQL status: BEGIN in 0.513 seconds
[0m17:20:38.397297 [debug] [MainThread]: Using postgres connection "master"
[0m17:20:38.402599 [debug] [MainThread]: On master: /* {"app": "dbt", "dbt_version": "1.9.0", "profile_name": "dbt_pg_tutorial", "target_name": "dev", "connection_name": "master"} */
select distinct
        dependent_namespace.nspname as dependent_schema,
        dependent_class.relname as dependent_name,
        referenced_namespace.nspname as referenced_schema,
        referenced_class.relname as referenced_name

    -- Query for views: views are entries in pg_class with an entry in pg_rewrite, but we avoid
    -- a seq scan on pg_rewrite by leveraging the fact there is an "internal" row in pg_depend for
    -- the view...
    from pg_class as dependent_class
    join pg_namespace as dependent_namespace on dependent_namespace.oid = dependent_class.relnamespace
    join pg_depend as dependent_depend on dependent_depend.refobjid = dependent_class.oid
        and dependent_depend.classid = 'pg_rewrite'::regclass
        and dependent_depend.refclassid = 'pg_class'::regclass
        and dependent_depend.deptype = 'i'

    -- ... and via pg_depend (that has a row per column, hence the need for "distinct" above, and
    -- making sure to exclude the internal row to avoid a view appearing to depend on itself)...
    join pg_depend as joining_depend on joining_depend.objid = dependent_depend.objid
        and joining_depend.classid = 'pg_rewrite'::regclass
        and joining_depend.refclassid = 'pg_class'::regclass
        and joining_depend.refobjid != dependent_depend.refobjid

    -- ... we can find the tables they query from in pg_class, but excluding system tables. Note we
    -- don't need need to exclude _dependent_ system tables, because they only query from other
    -- system tables, and so are automatically excluded by excluding _referenced_ system tables
    join pg_class as referenced_class on referenced_class.oid = joining_depend.refobjid
    join pg_namespace as referenced_namespace on referenced_namespace.oid = referenced_class.relnamespace
        and referenced_namespace.nspname != 'information_schema'
        and referenced_namespace.nspname not like 'pg\_%'

    order by
        dependent_schema, dependent_name, referenced_schema, referenced_name;
[0m17:20:38.438070 [debug] [MainThread]: SQL status: SELECT 15 in 0.031 seconds
[0m17:20:38.454338 [debug] [MainThread]: Sending event: {'category': 'dbt', 'action': 'runnable_timing', 'label': '1d724862-9ab2-4964-a3b2-1ddfc1bf42e8', 'context': [<snowplow_tracker.self_describing_json.SelfDescribingJson object at 0x0000029330BD71D0>]}
[0m17:20:38.458252 [debug] [MainThread]: On master: ROLLBACK
[0m17:20:38.464194 [debug] [MainThread]: On master: Close
[0m17:20:38.494997 [debug] [Thread-1 (]: Began running node model.dbt_pg_tutorial.stg_customers
[0m17:20:38.499703 [debug] [Thread-2 (]: Began running node model.dbt_pg_tutorial.stg_orders
[0m17:20:38.502797 [debug] [Thread-3 (]: Began running node model.dbt_pg_tutorial.stg_payments
[0m17:20:38.508699 [debug] [Thread-1 (]: Acquiring new postgres connection 'model.dbt_pg_tutorial.stg_customers'
[0m17:20:38.513699 [debug] [Thread-2 (]: Acquiring new postgres connection 'model.dbt_pg_tutorial.stg_orders'
[0m17:20:38.519741 [debug] [Thread-3 (]: Acquiring new postgres connection 'model.dbt_pg_tutorial.stg_payments'
[0m17:20:38.524601 [debug] [Thread-1 (]: Began compiling node model.dbt_pg_tutorial.stg_customers
[0m17:20:38.529735 [debug] [Thread-2 (]: Began compiling node model.dbt_pg_tutorial.stg_orders
[0m17:20:38.535737 [debug] [Thread-3 (]: Began compiling node model.dbt_pg_tutorial.stg_payments
[0m17:20:38.592173 [debug] [Thread-1 (]: Writing injected SQL for node "model.dbt_pg_tutorial.stg_customers"
[0m17:20:38.613632 [debug] [Thread-2 (]: Writing injected SQL for node "model.dbt_pg_tutorial.stg_orders"
[0m17:20:38.636823 [debug] [Thread-3 (]: Writing injected SQL for node "model.dbt_pg_tutorial.stg_payments"
[0m17:20:38.722411 [debug] [Thread-1 (]: Began executing node model.dbt_pg_tutorial.stg_customers
[0m17:20:38.726405 [debug] [Thread-2 (]: Began executing node model.dbt_pg_tutorial.stg_orders
[0m17:20:38.729597 [debug] [Thread-3 (]: Began executing node model.dbt_pg_tutorial.stg_payments
[0m17:20:38.736598 [debug] [Thread-1 (]: Finished running node model.dbt_pg_tutorial.stg_customers
[0m17:20:38.744326 [debug] [Thread-2 (]: Finished running node model.dbt_pg_tutorial.stg_orders
[0m17:20:38.751326 [debug] [Thread-3 (]: Finished running node model.dbt_pg_tutorial.stg_payments
[0m17:20:38.758331 [debug] [Thread-4 (]: Began running node model.dbt_pg_tutorial.dim_customers
[0m17:20:38.765668 [debug] [Thread-1 (]: Began running node model.dbt_pg_tutorial.int_order_payments
[0m17:20:38.770741 [debug] [Thread-4 (]: Acquiring new postgres connection 'model.dbt_pg_tutorial.dim_customers'
[0m17:20:38.776757 [debug] [Thread-1 (]: Re-using an available connection from the pool (formerly model.dbt_pg_tutorial.stg_customers, now model.dbt_pg_tutorial.int_order_payments)
[0m17:20:38.782793 [debug] [Thread-4 (]: Began compiling node model.dbt_pg_tutorial.dim_customers
[0m17:20:38.787700 [debug] [Thread-1 (]: Began compiling node model.dbt_pg_tutorial.int_order_payments
[0m17:20:38.810676 [debug] [Thread-4 (]: Writing injected SQL for node "model.dbt_pg_tutorial.dim_customers"
[0m17:20:38.842508 [debug] [Thread-1 (]: Writing injected SQL for node "model.dbt_pg_tutorial.int_order_payments"
[0m17:20:38.906193 [debug] [Thread-4 (]: Began executing node model.dbt_pg_tutorial.dim_customers
[0m17:20:38.909233 [debug] [Thread-1 (]: Began executing node model.dbt_pg_tutorial.int_order_payments
[0m17:20:38.916173 [debug] [Thread-4 (]: Finished running node model.dbt_pg_tutorial.dim_customers
[0m17:20:38.923599 [debug] [Thread-1 (]: Finished running node model.dbt_pg_tutorial.int_order_payments
[0m17:20:38.930666 [debug] [Thread-3 (]: Began running node test.dbt_pg_tutorial.not_null_dim_customers_customer_id.dd91cd1c8d
[0m17:20:38.934513 [debug] [Thread-2 (]: Began running node test.dbt_pg_tutorial.unique_dim_customers_customer_id.15c9f1e2fd
[0m17:20:38.939830 [debug] [Thread-4 (]: Began running node model.dbt_pg_tutorial.fct_orders
[0m17:20:38.942883 [debug] [Thread-3 (]: Re-using an available connection from the pool (formerly model.dbt_pg_tutorial.stg_payments, now test.dbt_pg_tutorial.not_null_dim_customers_customer_id.dd91cd1c8d)
[0m17:20:38.948932 [debug] [Thread-2 (]: Re-using an available connection from the pool (formerly model.dbt_pg_tutorial.stg_orders, now test.dbt_pg_tutorial.unique_dim_customers_customer_id.15c9f1e2fd)
[0m17:20:38.953937 [debug] [Thread-4 (]: Re-using an available connection from the pool (formerly model.dbt_pg_tutorial.dim_customers, now model.dbt_pg_tutorial.fct_orders)
[0m17:20:38.959023 [debug] [Thread-3 (]: Began compiling node test.dbt_pg_tutorial.not_null_dim_customers_customer_id.dd91cd1c8d
[0m17:20:38.964938 [debug] [Thread-2 (]: Began compiling node test.dbt_pg_tutorial.unique_dim_customers_customer_id.15c9f1e2fd
[0m17:20:38.969057 [debug] [Thread-4 (]: Began compiling node model.dbt_pg_tutorial.fct_orders
[0m17:20:39.091815 [debug] [Thread-3 (]: Writing injected SQL for node "test.dbt_pg_tutorial.not_null_dim_customers_customer_id.dd91cd1c8d"
[0m17:20:39.108677 [debug] [Thread-2 (]: Writing injected SQL for node "test.dbt_pg_tutorial.unique_dim_customers_customer_id.15c9f1e2fd"
[0m17:20:39.129376 [debug] [Thread-4 (]: Writing injected SQL for node "model.dbt_pg_tutorial.fct_orders"
[0m17:20:39.217543 [debug] [Thread-3 (]: Began executing node test.dbt_pg_tutorial.not_null_dim_customers_customer_id.dd91cd1c8d
[0m17:20:39.221535 [debug] [Thread-2 (]: Began executing node test.dbt_pg_tutorial.unique_dim_customers_customer_id.15c9f1e2fd
[0m17:20:39.224593 [debug] [Thread-4 (]: Began executing node model.dbt_pg_tutorial.fct_orders
[0m17:20:39.231638 [debug] [Thread-3 (]: Finished running node test.dbt_pg_tutorial.not_null_dim_customers_customer_id.dd91cd1c8d
[0m17:20:39.238783 [debug] [Thread-2 (]: Finished running node test.dbt_pg_tutorial.unique_dim_customers_customer_id.15c9f1e2fd
[0m17:20:39.245694 [debug] [Thread-4 (]: Finished running node model.dbt_pg_tutorial.fct_orders
[0m17:20:39.261636 [debug] [MainThread]: Connection 'master' was properly closed.
[0m17:20:39.265909 [debug] [MainThread]: Connection 'list_dbt_tutorial_analytics_marts' was properly closed.
[0m17:20:39.270821 [debug] [MainThread]: Connection 'list_dbt_tutorial_analytics_staging' was properly closed.
[0m17:20:39.273892 [debug] [MainThread]: Connection 'list_dbt_tutorial_analytics_intermediate' was properly closed.
[0m17:20:39.278897 [debug] [MainThread]: Connection 'model.dbt_pg_tutorial.int_order_payments' was properly closed.
[0m17:20:39.283955 [debug] [MainThread]: Connection 'test.dbt_pg_tutorial.unique_dim_customers_customer_id.15c9f1e2fd' was properly closed.
[0m17:20:39.288953 [debug] [MainThread]: Connection 'test.dbt_pg_tutorial.not_null_dim_customers_customer_id.dd91cd1c8d' was properly closed.
[0m17:20:39.292929 [debug] [MainThread]: Connection 'model.dbt_pg_tutorial.fct_orders' was properly closed.
[0m17:20:39.307480 [debug] [MainThread]: Command end result
[0m17:20:39.984842 [debug] [MainThread]: Wrote artifact WritableManifest to C:\Users\kashv\dbt_workspace\dbt_pg_tutorial\target\manifest.json
[0m17:20:40.113242 [debug] [MainThread]: Wrote artifact SemanticManifest to C:\Users\kashv\dbt_workspace\dbt_pg_tutorial\target\semantic_manifest.json
[0m17:20:40.192742 [debug] [MainThread]: Wrote artifact RunExecutionResult to C:\Users\kashv\dbt_workspace\dbt_pg_tutorial\target\run_results.json
[0m17:20:45.294773 [debug] [MainThread]: Acquiring new postgres connection 'generate_catalog'
[0m17:20:45.299734 [info ] [MainThread]: Building catalog
[0m17:20:45.377456 [debug] [ThreadPool]: Acquiring new postgres connection 'dbt_tutorial.information_schema'
[0m17:20:45.428478 [debug] [ThreadPool]: Using postgres connection "dbt_tutorial.information_schema"
[0m17:20:45.432990 [debug] [ThreadPool]: On dbt_tutorial.information_schema: BEGIN
[0m17:20:45.439046 [debug] [ThreadPool]: Opening a new connection, currently in state init
[0m17:20:45.916038 [debug] [ThreadPool]: SQL status: BEGIN in 0.476 seconds
[0m17:20:45.920039 [debug] [ThreadPool]: Using postgres connection "dbt_tutorial.information_schema"
[0m17:20:45.926331 [debug] [ThreadPool]: On dbt_tutorial.information_schema: /* {"app": "dbt", "dbt_version": "1.9.0", "profile_name": "dbt_pg_tutorial", "target_name": "dev", "connection_name": "dbt_tutorial.information_schema"} */

    
    

    select
        'dbt_tutorial' as table_database,
        sch.nspname as table_schema,
        tbl.relname as table_name,
        case tbl.relkind
            when 'v' then 'VIEW'
            when 'm' then 'MATERIALIZED VIEW'
            else 'BASE TABLE'
        end as table_type,
        tbl_desc.description as table_comment,
        col.attname as column_name,
        col.attnum as column_index,
        pg_catalog.format_type(col.atttypid, col.atttypmod) as column_type,
        col_desc.description as column_comment,
        pg_get_userbyid(tbl.relowner) as table_owner

    from pg_catalog.pg_namespace sch
    join pg_catalog.pg_class tbl on tbl.relnamespace = sch.oid
    join pg_catalog.pg_attribute col on col.attrelid = tbl.oid
    left outer join pg_catalog.pg_description tbl_desc on (tbl_desc.objoid = tbl.oid and tbl_desc.objsubid = 0)
    left outer join pg_catalog.pg_description col_desc on (col_desc.objoid = tbl.oid and col_desc.objsubid = col.attnum)
    where ((upper(sch.nspname) = upper('raw') and
           upper(tbl.relname) = upper('payments')) or (upper(sch.nspname) = upper('raw') and
           upper(tbl.relname) = upper('customers')) or (upper(sch.nspname) = upper('analytics_marts') and
           upper(tbl.relname) = upper('dim_customers')) or (upper(sch.nspname) = upper('analytics_intermediate') and
           upper(tbl.relname) = upper('int_order_payments')) or (upper(sch.nspname) = upper('analytics_staging') and
           upper(tbl.relname) = upper('stg_orders')) or (upper(sch.nspname) = upper('analytics_marts') and
           upper(tbl.relname) = upper('fct_orders')) or (upper(sch.nspname) = upper('analytics_staging') and
           upper(tbl.relname) = upper('stg_customers')) or (upper(sch.nspname) = upper('analytics_staging') and
           upper(tbl.relname) = upper('stg_payments')) or (upper(sch.nspname) = upper('raw') and
           upper(tbl.relname) = upper('orders')))
      and not pg_is_other_temp_schema(sch.oid) -- not a temporary schema belonging to another session
      and tbl.relpersistence in ('p', 'u') -- [p]ermanent table or [u]nlogged table. Exclude [t]emporary tables
      and tbl.relkind in ('r', 'v', 'f', 'p', 'm') -- o[r]dinary table, [v]iew, [f]oreign table, [p]artitioned table, [m]aterialized view. Other values are [i]ndex, [S]equence, [c]omposite type, [t]OAST table
      and col.attnum > 0 -- negative numbers are used for system columns such as oid
      and not col.attisdropped -- column as not been dropped

    order by
        sch.nspname,
        tbl.relname,
        col.attnum
[0m17:20:45.968192 [debug] [ThreadPool]: SQL status: SELECT 52 in 0.037 seconds
[0m17:20:45.995228 [debug] [ThreadPool]: On dbt_tutorial.information_schema: ROLLBACK
[0m17:20:46.002226 [debug] [ThreadPool]: On dbt_tutorial.information_schema: Close
[0m17:20:46.193720 [debug] [MainThread]: Wrote artifact CatalogArtifact to C:\Users\kashv\dbt_workspace\dbt_pg_tutorial\target\catalog.json
[0m17:20:46.447499 [debug] [MainThread]: Wrote artifact WritableManifest to C:\Users\kashv\dbt_workspace\dbt_pg_tutorial\target\manifest.json
[0m17:20:46.485873 [debug] [MainThread]: Wrote artifact SemanticManifest to C:\Users\kashv\dbt_workspace\dbt_pg_tutorial\target\semantic_manifest.json
[0m17:20:46.489999 [info ] [MainThread]: Catalog written to C:\Users\kashv\dbt_workspace\dbt_pg_tutorial\target\catalog.json
[0m17:20:46.502167 [debug] [MainThread]: Command `dbt docs generate` succeeded at 17:20:46.500149 after 19.17 seconds
[0m17:20:46.505954 [debug] [MainThread]: Connection 'generate_catalog' was properly closed.
[0m17:20:46.510911 [debug] [MainThread]: Connection 'dbt_tutorial.information_schema' was properly closed.
[0m17:20:46.515112 [debug] [MainThread]: Sending event: {'category': 'dbt', 'action': 'invocation', 'label': 'end', 'context': [<snowplow_tracker.self_describing_json.SelfDescribingJson object at 0x00000293304D75F0>, <snowplow_tracker.self_describing_json.SelfDescribingJson object at 0x000002932E675F70>, <snowplow_tracker.self_describing_json.SelfDescribingJson object at 0x0000029330873530>]}
[0m17:20:46.519794 [debug] [MainThread]: Flushing usage events
[0m17:20:46.539064 [debug] [MainThread]: An error was encountered while trying to flush usage events
[0m17:25:50.142014 [debug] [MainThread]: Sending event: {'category': 'dbt', 'action': 'invocation', 'label': 'start', 'context': [<snowplow_tracker.self_describing_json.SelfDescribingJson object at 0x000001A5F7ED7D10>, <snowplow_tracker.self_describing_json.SelfDescribingJson object at 0x000001A5F7ED6BD0>, <snowplow_tracker.self_describing_json.SelfDescribingJson object at 0x000001A5F83FCC80>]}


============================== 17:25:50.189023 | 90e81dda-6ad9-491f-a4dd-9d22773b2047 ==============================
[0m17:25:50.189023 [info ] [MainThread]: Running with dbt=1.9.0
[0m17:25:50.199528 [debug] [MainThread]: running dbt with arguments {'printer_width': '80', 'indirect_selection': 'eager', 'log_cache_events': 'False', 'write_json': 'True', 'partial_parse': 'True', 'cache_selected_only': 'False', 'profiles_dir': 'C:\\Users\\kashv\\.dbt', 'fail_fast': 'False', 'warn_error': 'None', 'log_path': 'C:\\Users\\kashv\\dbt_workspace\\dbt_pg_tutorial\\logs', 'version_check': 'True', 'debug': 'False', 'use_colors': 'True', 'use_experimental_parser': 'False', 'empty': 'None', 'quiet': 'False', 'no_print': 'None', 'warn_error_options': 'WarnErrorOptions(include=[], exclude=[])', 'invocation_command': 'dbt docs serve', 'log_format': 'default', 'static_parser': 'True', 'target_path': 'None', 'introspect': 'True', 'send_anonymous_usage_stats': 'True'}
[0m17:25:52.500125 [debug] [MainThread]: Sending event: {'category': 'dbt', 'action': 'project_id', 'label': '90e81dda-6ad9-491f-a4dd-9d22773b2047', 'context': [<snowplow_tracker.self_describing_json.SelfDescribingJson object at 0x000001A5F8520500>]}
[0m17:25:53.063619 [debug] [MainThread]: Sending event: {'category': 'dbt', 'action': 'adapter_info', 'label': '90e81dda-6ad9-491f-a4dd-9d22773b2047', 'context': [<snowplow_tracker.self_describing_json.SelfDescribingJson object at 0x000001A5F8498320>]}
[0m17:25:58.746229 [error] [MainThread]: Encountered an error:
[WinError 10013] An attempt was made to access a socket in a way forbidden by its access permissions
[0m17:25:58.845188 [error] [MainThread]: Traceback (most recent call last):
  File "C:\Users\kashv\pythonvenv1\env\Lib\site-packages\dbt\cli\requires.py", line 153, in wrapper
    result, success = func(*args, **kwargs)
                      ^^^^^^^^^^^^^^^^^^^^^
  File "C:\Users\kashv\pythonvenv1\env\Lib\site-packages\dbt\cli\requires.py", line 103, in wrapper
    return func(*args, **kwargs)
           ^^^^^^^^^^^^^^^^^^^^^
  File "C:\Users\kashv\pythonvenv1\env\Lib\site-packages\dbt\cli\requires.py", line 235, in wrapper
    return func(*args, **kwargs)
           ^^^^^^^^^^^^^^^^^^^^^
  File "C:\Users\kashv\pythonvenv1\env\Lib\site-packages\dbt\cli\requires.py", line 264, in wrapper
    return func(*args, **kwargs)
           ^^^^^^^^^^^^^^^^^^^^^
  File "C:\Users\kashv\pythonvenv1\env\Lib\site-packages\dbt\cli\requires.py", line 311, in wrapper
    return func(*args, **kwargs)
           ^^^^^^^^^^^^^^^^^^^^^
  File "C:\Users\kashv\pythonvenv1\env\Lib\site-packages\dbt\cli\main.py", line 301, in docs_serve
    results = task.run()
              ^^^^^^^^^^
  File "C:\Users\kashv\pythonvenv1\env\Lib\site-packages\dbt\task\docs\serve.py", line 24, in run
    with socketserver.TCPServer((host, port), SimpleHTTPRequestHandler) as httpd:
         ^^^^^^^^^^^^^^^^^^^^^^^^^^^^^^^^^^^^^^^^^^^^^^^^^^^^^^^^^^^^^^
  File "C:\Users\kashv\AppData\Local\Programs\Python\Python312\Lib\socketserver.py", line 457, in __init__
    self.server_bind()
  File "C:\Users\kashv\AppData\Local\Programs\Python\Python312\Lib\socketserver.py", line 473, in server_bind
    self.socket.bind(self.server_address)
PermissionError: [WinError 10013] An attempt was made to access a socket in a way forbidden by its access permissions

[0m17:25:58.866208 [debug] [MainThread]: Command `dbt docs serve` failed at 17:25:58.864307 after 10.34 seconds
[0m17:25:58.875631 [debug] [MainThread]: Sending event: {'category': 'dbt', 'action': 'invocation', 'label': 'end', 'context': [<snowplow_tracker.self_describing_json.SelfDescribingJson object at 0x000001A5F89D40E0>, <snowplow_tracker.self_describing_json.SelfDescribingJson object at 0x000001A5F9C86F00>, <snowplow_tracker.self_describing_json.SelfDescribingJson object at 0x000001A5F8B613D0>]}
[0m17:25:58.885037 [debug] [MainThread]: Flushing usage events
[0m17:25:58.912141 [debug] [MainThread]: An error was encountered while trying to flush usage events
[0m17:28:45.951506 [debug] [MainThread]: Sending event: {'category': 'dbt', 'action': 'invocation', 'label': 'start', 'context': [<snowplow_tracker.self_describing_json.SelfDescribingJson object at 0x000001D204C79880>, <snowplow_tracker.self_describing_json.SelfDescribingJson object at 0x000001D2048BDBB0>, <snowplow_tracker.self_describing_json.SelfDescribingJson object at 0x000001D2048BF560>]}


============================== 17:28:45.982713 | 3772a1e0-72ff-4352-ba21-dfcb82b8fb2a ==============================
[0m17:28:45.982713 [info ] [MainThread]: Running with dbt=1.9.0
[0m17:28:45.991399 [debug] [MainThread]: running dbt with arguments {'printer_width': '80', 'indirect_selection': 'eager', 'write_json': 'True', 'log_cache_events': 'False', 'partial_parse': 'True', 'cache_selected_only': 'False', 'warn_error': 'None', 'fail_fast': 'False', 'version_check': 'True', 'log_path': 'C:\\Users\\kashv\\dbt_workspace\\dbt_pg_tutorial\\logs', 'profiles_dir': 'C:\\Users\\kashv\\.dbt', 'debug': 'False', 'use_colors': 'True', 'use_experimental_parser': 'False', 'empty': 'None', 'quiet': 'False', 'no_print': 'None', 'warn_error_options': 'WarnErrorOptions(include=[], exclude=[])', 'invocation_command': 'dbt docs serve', 'log_format': 'default', 'static_parser': 'True', 'target_path': 'None', 'introspect': 'True', 'send_anonymous_usage_stats': 'True'}
[0m17:28:47.522304 [debug] [MainThread]: Sending event: {'category': 'dbt', 'action': 'project_id', 'label': '3772a1e0-72ff-4352-ba21-dfcb82b8fb2a', 'context': [<snowplow_tracker.self_describing_json.SelfDescribingJson object at 0x000001D205285850>]}
[0m17:28:47.980183 [debug] [MainThread]: Sending event: {'category': 'dbt', 'action': 'adapter_info', 'label': '3772a1e0-72ff-4352-ba21-dfcb82b8fb2a', 'context': [<snowplow_tracker.self_describing_json.SelfDescribingJson object at 0x000001D2042A6BA0>]}
[0m17:28:51.902313 [error] [MainThread]: Encountered an error:
[WinError 10013] An attempt was made to access a socket in a way forbidden by its access permissions
[0m17:28:51.949465 [error] [MainThread]: Traceback (most recent call last):
  File "C:\Users\kashv\pythonvenv1\env\Lib\site-packages\dbt\cli\requires.py", line 153, in wrapper
    result, success = func(*args, **kwargs)
                      ^^^^^^^^^^^^^^^^^^^^^
  File "C:\Users\kashv\pythonvenv1\env\Lib\site-packages\dbt\cli\requires.py", line 103, in wrapper
    return func(*args, **kwargs)
           ^^^^^^^^^^^^^^^^^^^^^
  File "C:\Users\kashv\pythonvenv1\env\Lib\site-packages\dbt\cli\requires.py", line 235, in wrapper
    return func(*args, **kwargs)
           ^^^^^^^^^^^^^^^^^^^^^
  File "C:\Users\kashv\pythonvenv1\env\Lib\site-packages\dbt\cli\requires.py", line 264, in wrapper
    return func(*args, **kwargs)
           ^^^^^^^^^^^^^^^^^^^^^
  File "C:\Users\kashv\pythonvenv1\env\Lib\site-packages\dbt\cli\requires.py", line 311, in wrapper
    return func(*args, **kwargs)
           ^^^^^^^^^^^^^^^^^^^^^
  File "C:\Users\kashv\pythonvenv1\env\Lib\site-packages\dbt\cli\main.py", line 301, in docs_serve
    results = task.run()
              ^^^^^^^^^^
  File "C:\Users\kashv\pythonvenv1\env\Lib\site-packages\dbt\task\docs\serve.py", line 24, in run
    with socketserver.TCPServer((host, port), SimpleHTTPRequestHandler) as httpd:
         ^^^^^^^^^^^^^^^^^^^^^^^^^^^^^^^^^^^^^^^^^^^^^^^^^^^^^^^^^^^^^^
  File "C:\Users\kashv\AppData\Local\Programs\Python\Python312\Lib\socketserver.py", line 457, in __init__
    self.server_bind()
  File "C:\Users\kashv\AppData\Local\Programs\Python\Python312\Lib\socketserver.py", line 473, in server_bind
    self.socket.bind(self.server_address)
PermissionError: [WinError 10013] An attempt was made to access a socket in a way forbidden by its access permissions

[0m17:28:51.967562 [debug] [MainThread]: Command `dbt docs serve` failed at 17:28:51.965529 after 7.16 seconds
[0m17:28:51.973036 [debug] [MainThread]: Sending event: {'category': 'dbt', 'action': 'invocation', 'label': 'end', 'context': [<snowplow_tracker.self_describing_json.SelfDescribingJson object at 0x000001D202170350>, <snowplow_tracker.self_describing_json.SelfDescribingJson object at 0x000001D2052878F0>, <snowplow_tracker.self_describing_json.SelfDescribingJson object at 0x000001D20650D250>]}
[0m17:28:51.978513 [debug] [MainThread]: Flushing usage events
[0m17:28:52.000429 [debug] [MainThread]: An error was encountered while trying to flush usage events
[0m17:37:11.492303 [debug] [MainThread]: Sending event: {'category': 'dbt', 'action': 'invocation', 'label': 'start', 'context': [<snowplow_tracker.self_describing_json.SelfDescribingJson object at 0x0000027864E692B0>, <snowplow_tracker.self_describing_json.SelfDescribingJson object at 0x0000027863E2A060>, <snowplow_tracker.self_describing_json.SelfDescribingJson object at 0x000002786449AF90>]}


============================== 17:37:11.525877 | 25c0df25-161c-47f0-a4e1-8f957c6c8f6e ==============================
[0m17:37:11.525877 [info ] [MainThread]: Running with dbt=1.9.0
[0m17:37:11.534465 [debug] [MainThread]: running dbt with arguments {'printer_width': '80', 'indirect_selection': 'eager', 'write_json': 'True', 'log_cache_events': 'False', 'partial_parse': 'True', 'cache_selected_only': 'False', 'profiles_dir': 'C:\\Users\\kashv\\.dbt', 'version_check': 'True', 'debug': 'False', 'log_path': 'C:\\Users\\kashv\\dbt_workspace\\dbt_pg_tutorial\\logs', 'fail_fast': 'False', 'warn_error': 'None', 'use_colors': 'True', 'use_experimental_parser': 'False', 'empty': 'None', 'quiet': 'False', 'no_print': 'None', 'warn_error_options': 'WarnErrorOptions(include=[], exclude=[])', 'invocation_command': 'dbt docs serve --port 8085', 'introspect': 'True', 'static_parser': 'True', 'target_path': 'None', 'log_format': 'default', 'send_anonymous_usage_stats': 'True'}
[0m17:37:13.097736 [debug] [MainThread]: Sending event: {'category': 'dbt', 'action': 'project_id', 'label': '25c0df25-161c-47f0-a4e1-8f957c6c8f6e', 'context': [<snowplow_tracker.self_describing_json.SelfDescribingJson object at 0x0000027864EEF4D0>]}
[0m17:37:13.541299 [debug] [MainThread]: Sending event: {'category': 'dbt', 'action': 'adapter_info', 'label': '25c0df25-161c-47f0-a4e1-8f957c6c8f6e', 'context': [<snowplow_tracker.self_describing_json.SelfDescribingJson object at 0x0000027865022ED0>]}
[0m17:55:22.805074 [error] [MainThread]: Encountered an error:

[0m17:55:22.880358 [error] [MainThread]: Traceback (most recent call last):
  File "C:\Users\kashv\pythonvenv1\env\Lib\site-packages\dbt\cli\requires.py", line 153, in wrapper
    result, success = func(*args, **kwargs)
                      ^^^^^^^^^^^^^^^^^^^^^
  File "C:\Users\kashv\pythonvenv1\env\Lib\site-packages\dbt\cli\requires.py", line 103, in wrapper
    return func(*args, **kwargs)
           ^^^^^^^^^^^^^^^^^^^^^
  File "C:\Users\kashv\pythonvenv1\env\Lib\site-packages\dbt\cli\requires.py", line 235, in wrapper
    return func(*args, **kwargs)
           ^^^^^^^^^^^^^^^^^^^^^
  File "C:\Users\kashv\pythonvenv1\env\Lib\site-packages\dbt\cli\requires.py", line 264, in wrapper
    return func(*args, **kwargs)
           ^^^^^^^^^^^^^^^^^^^^^
  File "C:\Users\kashv\pythonvenv1\env\Lib\site-packages\dbt\cli\requires.py", line 311, in wrapper
    return func(*args, **kwargs)
           ^^^^^^^^^^^^^^^^^^^^^
  File "C:\Users\kashv\pythonvenv1\env\Lib\site-packages\dbt\cli\main.py", line 301, in docs_serve
    results = task.run()
              ^^^^^^^^^^
  File "C:\Users\kashv\pythonvenv1\env\Lib\site-packages\dbt\task\docs\serve.py", line 29, in run
    httpd.serve_forever()
  File "C:\Users\kashv\AppData\Local\Programs\Python\Python312\Lib\socketserver.py", line 235, in serve_forever
    ready = selector.select(poll_interval)
            ^^^^^^^^^^^^^^^^^^^^^^^^^^^^^^
  File "C:\Users\kashv\AppData\Local\Programs\Python\Python312\Lib\selectors.py", line 323, in select
    r, w, _ = self._select(self._readers, self._writers, [], timeout)
              ^^^^^^^^^^^^^^^^^^^^^^^^^^^^^^^^^^^^^^^^^^^^^^^^^^^^^^^
  File "C:\Users\kashv\AppData\Local\Programs\Python\Python312\Lib\selectors.py", line 314, in _select
    r, w, x = select.select(r, w, w, timeout)
              ^^^^^^^^^^^^^^^^^^^^^^^^^^^^^^^
KeyboardInterrupt

[0m17:55:22.893230 [debug] [MainThread]: Command `dbt docs serve` failed at 17:55:22.892227 after 1092.64 seconds
[0m17:55:22.898225 [debug] [MainThread]: Sending event: {'category': 'dbt', 'action': 'invocation', 'label': 'end', 'context': [<snowplow_tracker.self_describing_json.SelfDescribingJson object at 0x00000278650203B0>, <snowplow_tracker.self_describing_json.SelfDescribingJson object at 0x0000027865020590>, <snowplow_tracker.self_describing_json.SelfDescribingJson object at 0x0000027865204110>]}
[0m17:55:22.903235 [debug] [MainThread]: Flushing usage events
[0m17:55:22.929232 [debug] [MainThread]: An error was encountered while trying to flush usage events
[0m17:58:04.053118 [debug] [MainThread]: Sending event: {'category': 'dbt', 'action': 'invocation', 'label': 'start', 'context': [<snowplow_tracker.self_describing_json.SelfDescribingJson object at 0x0000021BF35AF380>, <snowplow_tracker.self_describing_json.SelfDescribingJson object at 0x0000021BF59EBA70>, <snowplow_tracker.self_describing_json.SelfDescribingJson object at 0x0000021BF59EACF0>]}


============================== 17:58:04.086720 | 9d5552de-d556-4e66-9bed-afef8bb0fc36 ==============================
[0m17:58:04.086720 [info ] [MainThread]: Running with dbt=1.9.0
[0m17:58:04.094107 [debug] [MainThread]: running dbt with arguments {'printer_width': '80', 'indirect_selection': 'eager', 'log_cache_events': 'False', 'write_json': 'True', 'partial_parse': 'True', 'cache_selected_only': 'False', 'profiles_dir': 'C:\\Users\\kashv\\.dbt', 'version_check': 'True', 'warn_error': 'None', 'log_path': 'C:\\Users\\kashv\\dbt_workspace\\dbt_pg_tutorial\\logs', 'debug': 'False', 'fail_fast': 'False', 'use_colors': 'True', 'use_experimental_parser': 'False', 'no_print': 'None', 'quiet': 'False', 'empty': 'False', 'warn_error_options': 'WarnErrorOptions(include=[], exclude=[])', 'introspect': 'True', 'static_parser': 'True', 'invocation_command': 'dbt run -m staging', 'target_path': 'None', 'log_format': 'default', 'send_anonymous_usage_stats': 'True'}
[0m17:58:05.665821 [debug] [MainThread]: Sending event: {'category': 'dbt', 'action': 'project_id', 'label': '9d5552de-d556-4e66-9bed-afef8bb0fc36', 'context': [<snowplow_tracker.self_describing_json.SelfDescribingJson object at 0x0000021BF5F9CEC0>]}
[0m17:58:06.112843 [debug] [MainThread]: Sending event: {'category': 'dbt', 'action': 'adapter_info', 'label': '9d5552de-d556-4e66-9bed-afef8bb0fc36', 'context': [<snowplow_tracker.self_describing_json.SelfDescribingJson object at 0x0000021BF5AD3AA0>]}
[0m17:58:06.126254 [info ] [MainThread]: Registered adapter: postgres=1.9.1
[0m17:58:08.969355 [debug] [MainThread]: checksum: c99e828bba267739642b5a3ce85f17518764ea526e0e6c4fdc649171c1a66bff, vars: {}, profile: , target: , version: 1.9.0
[0m17:58:10.746770 [debug] [MainThread]: Partial parsing enabled: 0 files deleted, 0 files added, 0 files changed.
[0m17:58:10.751835 [debug] [MainThread]: Partial parsing enabled, no changes found, skipping parsing
[0m17:58:11.067858 [debug] [MainThread]: Sending event: {'category': 'dbt', 'action': 'load_project', 'label': '9d5552de-d556-4e66-9bed-afef8bb0fc36', 'context': [<snowplow_tracker.self_describing_json.SelfDescribingJson object at 0x0000021BF7887410>]}
[0m17:58:11.757556 [debug] [MainThread]: Wrote artifact WritableManifest to C:\Users\kashv\dbt_workspace\dbt_pg_tutorial\target\manifest.json
[0m17:58:11.930786 [debug] [MainThread]: Wrote artifact SemanticManifest to C:\Users\kashv\dbt_workspace\dbt_pg_tutorial\target\semantic_manifest.json
[0m17:58:12.277375 [debug] [MainThread]: Sending event: {'category': 'dbt', 'action': 'resource_counts', 'label': '9d5552de-d556-4e66-9bed-afef8bb0fc36', 'context': [<snowplow_tracker.self_describing_json.SelfDescribingJson object at 0x0000021BF7C6B650>]}
[0m17:58:12.282499 [info ] [MainThread]: Found 6 models, 2 data tests, 3 sources, 434 macros
[0m17:58:12.289837 [debug] [MainThread]: Sending event: {'category': 'dbt', 'action': 'runnable_timing', 'label': '9d5552de-d556-4e66-9bed-afef8bb0fc36', 'context': [<snowplow_tracker.self_describing_json.SelfDescribingJson object at 0x0000021BF7886AB0>]}
[0m17:58:12.305489 [info ] [MainThread]: 
[0m17:58:12.312568 [info ] [MainThread]: Concurrency: 4 threads (target='dev')
[0m17:58:12.318936 [info ] [MainThread]: 
[0m17:58:12.327024 [debug] [MainThread]: Acquiring new postgres connection 'master'
[0m17:58:12.368954 [debug] [ThreadPool]: Acquiring new postgres connection 'list_dbt_tutorial'
[0m17:58:13.507609 [debug] [ThreadPool]: Using postgres connection "list_dbt_tutorial"
[0m17:58:13.514256 [debug] [ThreadPool]: On list_dbt_tutorial: /* {"app": "dbt", "dbt_version": "1.9.0", "profile_name": "dbt_pg_tutorial", "target_name": "dev", "connection_name": "list_dbt_tutorial"} */

    select distinct nspname from pg_namespace
  
[0m17:58:13.519101 [debug] [ThreadPool]: Opening a new connection, currently in state init
[0m17:58:14.118105 [debug] [ThreadPool]: SQL status: SELECT 12 in 0.599 seconds
[0m17:58:14.128894 [debug] [ThreadPool]: On list_dbt_tutorial: Close
[0m17:58:14.144967 [debug] [ThreadPool]: Acquiring new postgres connection 'list_dbt_tutorial_analytics_intermediate'
[0m17:58:14.150971 [debug] [ThreadPool]: Acquiring new postgres connection 'list_dbt_tutorial_analytics_marts'
[0m17:58:14.192400 [debug] [ThreadPool]: Acquiring new postgres connection 'list_dbt_tutorial_analytics_staging'
[0m17:58:14.202607 [debug] [ThreadPool]: Using postgres connection "list_dbt_tutorial_analytics_intermediate"
[0m17:58:14.215657 [debug] [ThreadPool]: Using postgres connection "list_dbt_tutorial_analytics_marts"
[0m17:58:14.232639 [debug] [ThreadPool]: Using postgres connection "list_dbt_tutorial_analytics_staging"
[0m17:58:14.238580 [debug] [ThreadPool]: On list_dbt_tutorial_analytics_intermediate: BEGIN
[0m17:58:14.243532 [debug] [ThreadPool]: On list_dbt_tutorial_analytics_marts: BEGIN
[0m17:58:14.247536 [debug] [ThreadPool]: On list_dbt_tutorial_analytics_staging: BEGIN
[0m17:58:14.251532 [debug] [ThreadPool]: Opening a new connection, currently in state init
[0m17:58:14.256942 [debug] [ThreadPool]: Opening a new connection, currently in state init
[0m17:58:14.261836 [debug] [ThreadPool]: Opening a new connection, currently in state init
[0m17:58:14.848553 [debug] [ThreadPool]: SQL status: BEGIN in 0.596 seconds
[0m17:58:14.852918 [debug] [ThreadPool]: Using postgres connection "list_dbt_tutorial_analytics_intermediate"
[0m17:58:14.857164 [debug] [ThreadPool]: On list_dbt_tutorial_analytics_intermediate: /* {"app": "dbt", "dbt_version": "1.9.0", "profile_name": "dbt_pg_tutorial", "target_name": "dev", "connection_name": "list_dbt_tutorial_analytics_intermediate"} */
select
      'dbt_tutorial' as database,
      tablename as name,
      schemaname as schema,
      'table' as type
    from pg_tables
    where schemaname ilike 'analytics_intermediate'
    union all
    select
      'dbt_tutorial' as database,
      viewname as name,
      schemaname as schema,
      'view' as type
    from pg_views
    where schemaname ilike 'analytics_intermediate'
    union all
    select
      'dbt_tutorial' as database,
      matviewname as name,
      schemaname as schema,
      'materialized_view' as type
    from pg_matviews
    where schemaname ilike 'analytics_intermediate'
  
[0m17:58:14.905553 [debug] [ThreadPool]: SQL status: SELECT 1 in 0.042 seconds
[0m17:58:14.919048 [debug] [ThreadPool]: On list_dbt_tutorial_analytics_intermediate: ROLLBACK
[0m17:58:14.922613 [debug] [ThreadPool]: SQL status: BEGIN in 0.665 seconds
[0m17:58:14.929226 [debug] [ThreadPool]: On list_dbt_tutorial_analytics_intermediate: Close
[0m17:58:14.933339 [debug] [ThreadPool]: Using postgres connection "list_dbt_tutorial_analytics_marts"
[0m17:58:14.944309 [debug] [ThreadPool]: On list_dbt_tutorial_analytics_marts: /* {"app": "dbt", "dbt_version": "1.9.0", "profile_name": "dbt_pg_tutorial", "target_name": "dev", "connection_name": "list_dbt_tutorial_analytics_marts"} */
select
      'dbt_tutorial' as database,
      tablename as name,
      schemaname as schema,
      'table' as type
    from pg_tables
    where schemaname ilike 'analytics_marts'
    union all
    select
      'dbt_tutorial' as database,
      viewname as name,
      schemaname as schema,
      'view' as type
    from pg_views
    where schemaname ilike 'analytics_marts'
    union all
    select
      'dbt_tutorial' as database,
      matviewname as name,
      schemaname as schema,
      'materialized_view' as type
    from pg_matviews
    where schemaname ilike 'analytics_marts'
  
[0m17:58:14.955593 [debug] [ThreadPool]: SQL status: BEGIN in 0.692 seconds
[0m17:58:14.959604 [debug] [ThreadPool]: Using postgres connection "list_dbt_tutorial_analytics_staging"
[0m17:58:14.965586 [debug] [ThreadPool]: On list_dbt_tutorial_analytics_staging: /* {"app": "dbt", "dbt_version": "1.9.0", "profile_name": "dbt_pg_tutorial", "target_name": "dev", "connection_name": "list_dbt_tutorial_analytics_staging"} */
select
      'dbt_tutorial' as database,
      tablename as name,
      schemaname as schema,
      'table' as type
    from pg_tables
    where schemaname ilike 'analytics_staging'
    union all
    select
      'dbt_tutorial' as database,
      viewname as name,
      schemaname as schema,
      'view' as type
    from pg_views
    where schemaname ilike 'analytics_staging'
    union all
    select
      'dbt_tutorial' as database,
      matviewname as name,
      schemaname as schema,
      'materialized_view' as type
    from pg_matviews
    where schemaname ilike 'analytics_staging'
  
[0m17:58:14.978683 [debug] [ThreadPool]: SQL status: SELECT 2 in 0.029 seconds
[0m17:58:14.989075 [debug] [ThreadPool]: On list_dbt_tutorial_analytics_marts: ROLLBACK
[0m17:58:14.996180 [debug] [ThreadPool]: On list_dbt_tutorial_analytics_marts: Close
[0m17:58:15.000091 [debug] [ThreadPool]: SQL status: SELECT 3 in 0.029 seconds
[0m17:58:15.017225 [debug] [ThreadPool]: On list_dbt_tutorial_analytics_staging: ROLLBACK
[0m17:58:15.024834 [debug] [ThreadPool]: On list_dbt_tutorial_analytics_staging: Close
[0m17:58:15.065981 [debug] [MainThread]: Using postgres connection "master"
[0m17:58:15.071288 [debug] [MainThread]: On master: BEGIN
[0m17:58:15.076293 [debug] [MainThread]: Opening a new connection, currently in state init
[0m17:58:15.570071 [debug] [MainThread]: SQL status: BEGIN in 0.494 seconds
[0m17:58:15.575051 [debug] [MainThread]: Using postgres connection "master"
[0m17:58:15.580545 [debug] [MainThread]: On master: /* {"app": "dbt", "dbt_version": "1.9.0", "profile_name": "dbt_pg_tutorial", "target_name": "dev", "connection_name": "master"} */
select distinct
        dependent_namespace.nspname as dependent_schema,
        dependent_class.relname as dependent_name,
        referenced_namespace.nspname as referenced_schema,
        referenced_class.relname as referenced_name

    -- Query for views: views are entries in pg_class with an entry in pg_rewrite, but we avoid
    -- a seq scan on pg_rewrite by leveraging the fact there is an "internal" row in pg_depend for
    -- the view...
    from pg_class as dependent_class
    join pg_namespace as dependent_namespace on dependent_namespace.oid = dependent_class.relnamespace
    join pg_depend as dependent_depend on dependent_depend.refobjid = dependent_class.oid
        and dependent_depend.classid = 'pg_rewrite'::regclass
        and dependent_depend.refclassid = 'pg_class'::regclass
        and dependent_depend.deptype = 'i'

    -- ... and via pg_depend (that has a row per column, hence the need for "distinct" above, and
    -- making sure to exclude the internal row to avoid a view appearing to depend on itself)...
    join pg_depend as joining_depend on joining_depend.objid = dependent_depend.objid
        and joining_depend.classid = 'pg_rewrite'::regclass
        and joining_depend.refclassid = 'pg_class'::regclass
        and joining_depend.refobjid != dependent_depend.refobjid

    -- ... we can find the tables they query from in pg_class, but excluding system tables. Note we
    -- don't need need to exclude _dependent_ system tables, because they only query from other
    -- system tables, and so are automatically excluded by excluding _referenced_ system tables
    join pg_class as referenced_class on referenced_class.oid = joining_depend.refobjid
    join pg_namespace as referenced_namespace on referenced_namespace.oid = referenced_class.relnamespace
        and referenced_namespace.nspname != 'information_schema'
        and referenced_namespace.nspname not like 'pg\_%'

    order by
        dependent_schema, dependent_name, referenced_schema, referenced_name;
[0m17:58:15.621555 [debug] [MainThread]: SQL status: SELECT 15 in 0.037 seconds
[0m17:58:15.636362 [debug] [MainThread]: Sending event: {'category': 'dbt', 'action': 'runnable_timing', 'label': '9d5552de-d556-4e66-9bed-afef8bb0fc36', 'context': [<snowplow_tracker.self_describing_json.SelfDescribingJson object at 0x0000021BF77DB1A0>]}
[0m17:58:15.641252 [debug] [MainThread]: On master: ROLLBACK
[0m17:58:15.647127 [debug] [MainThread]: Using postgres connection "master"
[0m17:58:15.651263 [debug] [MainThread]: On master: BEGIN
[0m17:58:15.657040 [debug] [MainThread]: SQL status: BEGIN in 0.002 seconds
[0m17:58:15.662588 [debug] [MainThread]: On master: COMMIT
[0m17:58:15.666747 [debug] [MainThread]: Using postgres connection "master"
[0m17:58:15.670789 [debug] [MainThread]: On master: COMMIT
[0m17:58:15.675638 [debug] [MainThread]: SQL status: COMMIT in 0.001 seconds
[0m17:58:15.681086 [debug] [MainThread]: On master: Close
[0m17:58:15.702600 [debug] [Thread-1 (]: Began running node model.dbt_pg_tutorial.stg_customers
[0m17:58:15.706381 [debug] [Thread-2 (]: Began running node model.dbt_pg_tutorial.stg_orders
[0m17:58:15.709253 [debug] [Thread-3 (]: Began running node model.dbt_pg_tutorial.stg_payments
[0m17:58:15.714249 [info ] [Thread-1 (]: 1 of 3 START sql view model analytics_staging.stg_customers .................... [RUN]
[0m17:58:15.721862 [info ] [Thread-2 (]: 2 of 3 START sql view model analytics_staging.stg_orders ....................... [RUN]
[0m17:58:15.729677 [info ] [Thread-3 (]: 3 of 3 START sql view model analytics_staging.stg_payments ..................... [RUN]
[0m17:58:15.736796 [debug] [Thread-1 (]: Acquiring new postgres connection 'model.dbt_pg_tutorial.stg_customers'
[0m17:58:15.742852 [debug] [Thread-2 (]: Acquiring new postgres connection 'model.dbt_pg_tutorial.stg_orders'
[0m17:58:15.749995 [debug] [Thread-3 (]: Acquiring new postgres connection 'model.dbt_pg_tutorial.stg_payments'
[0m17:58:15.754863 [debug] [Thread-1 (]: Began compiling node model.dbt_pg_tutorial.stg_customers
[0m17:58:15.759763 [debug] [Thread-2 (]: Began compiling node model.dbt_pg_tutorial.stg_orders
[0m17:58:15.763865 [debug] [Thread-3 (]: Began compiling node model.dbt_pg_tutorial.stg_payments
[0m17:58:15.819008 [debug] [Thread-1 (]: Writing injected SQL for node "model.dbt_pg_tutorial.stg_customers"
[0m17:58:15.837726 [debug] [Thread-2 (]: Writing injected SQL for node "model.dbt_pg_tutorial.stg_orders"
[0m17:58:15.867337 [debug] [Thread-3 (]: Writing injected SQL for node "model.dbt_pg_tutorial.stg_payments"
[0m17:58:15.954460 [debug] [Thread-1 (]: Began executing node model.dbt_pg_tutorial.stg_customers
[0m17:58:15.958356 [debug] [Thread-2 (]: Began executing node model.dbt_pg_tutorial.stg_orders
[0m17:58:15.961491 [debug] [Thread-3 (]: Began executing node model.dbt_pg_tutorial.stg_payments
[0m17:58:16.452679 [debug] [Thread-1 (]: Writing runtime sql for node "model.dbt_pg_tutorial.stg_customers"
[0m17:58:16.472708 [debug] [Thread-3 (]: Writing runtime sql for node "model.dbt_pg_tutorial.stg_payments"
[0m17:58:16.476709 [debug] [Thread-2 (]: Writing runtime sql for node "model.dbt_pg_tutorial.stg_orders"
[0m17:58:16.564688 [debug] [Thread-1 (]: Using postgres connection "model.dbt_pg_tutorial.stg_customers"
[0m17:58:16.568690 [debug] [Thread-3 (]: Using postgres connection "model.dbt_pg_tutorial.stg_payments"
[0m17:58:16.571682 [debug] [Thread-2 (]: Using postgres connection "model.dbt_pg_tutorial.stg_orders"
[0m17:58:16.575671 [debug] [Thread-1 (]: On model.dbt_pg_tutorial.stg_customers: BEGIN
[0m17:58:16.581704 [debug] [Thread-3 (]: On model.dbt_pg_tutorial.stg_payments: BEGIN
[0m17:58:16.585733 [debug] [Thread-2 (]: On model.dbt_pg_tutorial.stg_orders: BEGIN
[0m17:58:16.590710 [debug] [Thread-1 (]: Opening a new connection, currently in state init
[0m17:58:16.594708 [debug] [Thread-3 (]: Opening a new connection, currently in state init
[0m17:58:16.599276 [debug] [Thread-2 (]: Opening a new connection, currently in state init
[0m17:58:17.116380 [debug] [Thread-1 (]: SQL status: BEGIN in 0.526 seconds
[0m17:58:17.122924 [debug] [Thread-1 (]: Using postgres connection "model.dbt_pg_tutorial.stg_customers"
[0m17:58:17.129424 [debug] [Thread-1 (]: On model.dbt_pg_tutorial.stg_customers: /* {"app": "dbt", "dbt_version": "1.9.0", "profile_name": "dbt_pg_tutorial", "target_name": "dev", "node_id": "model.dbt_pg_tutorial.stg_customers"} */

  create view "dbt_tutorial"."analytics_staging"."stg_customers__dbt_tmp"
    
    
  as (
    

with source as (
    select * from "dbt_tutorial"."raw"."customers"
),
renamed as (
    select
        id                as customer_id,
        lower(trim(first_name)) as first_name,
        lower(trim(last_name))  as last_name,
        lower(trim(email))      as email,
        created_at
    from source
)
select * from renamed
  );
[0m17:58:17.167431 [debug] [Thread-1 (]: SQL status: CREATE VIEW in 0.033 seconds
[0m17:58:17.219140 [debug] [Thread-3 (]: SQL status: BEGIN in 0.624 seconds
[0m17:58:17.224131 [debug] [Thread-1 (]: Using postgres connection "model.dbt_pg_tutorial.stg_customers"
[0m17:58:17.228681 [debug] [Thread-3 (]: Using postgres connection "model.dbt_pg_tutorial.stg_payments"
[0m17:58:17.234727 [debug] [Thread-1 (]: On model.dbt_pg_tutorial.stg_customers: /* {"app": "dbt", "dbt_version": "1.9.0", "profile_name": "dbt_pg_tutorial", "target_name": "dev", "node_id": "model.dbt_pg_tutorial.stg_customers"} */
alter table "dbt_tutorial"."analytics_staging"."stg_customers" rename to "stg_customers__dbt_backup"
[0m17:58:17.240727 [debug] [Thread-3 (]: On model.dbt_pg_tutorial.stg_payments: /* {"app": "dbt", "dbt_version": "1.9.0", "profile_name": "dbt_pg_tutorial", "target_name": "dev", "node_id": "model.dbt_pg_tutorial.stg_payments"} */

  create view "dbt_tutorial"."analytics_staging"."stg_payments__dbt_tmp"
    
    
  as (
    

with source as (
    select * from "dbt_tutorial"."raw"."payments"
),
casted as (
    select
        id           as payment_id,
        order_id,
        lower(payment_method) as payment_method,
        amount::numeric(10,2) as amount,
        paid_at::timestamp    as paid_at
    from source
)
select * from casted
  );
[0m17:58:17.253995 [debug] [Thread-1 (]: SQL status: ALTER TABLE in 0.007 seconds
[0m17:58:17.282002 [debug] [Thread-1 (]: Using postgres connection "model.dbt_pg_tutorial.stg_customers"
[0m17:58:17.286012 [debug] [Thread-3 (]: SQL status: CREATE VIEW in 0.036 seconds
[0m17:58:17.290006 [debug] [Thread-1 (]: On model.dbt_pg_tutorial.stg_customers: /* {"app": "dbt", "dbt_version": "1.9.0", "profile_name": "dbt_pg_tutorial", "target_name": "dev", "node_id": "model.dbt_pg_tutorial.stg_customers"} */
alter table "dbt_tutorial"."analytics_staging"."stg_customers__dbt_tmp" rename to "stg_customers"
[0m17:58:17.313002 [debug] [Thread-3 (]: Using postgres connection "model.dbt_pg_tutorial.stg_payments"
[0m17:58:17.316049 [debug] [Thread-2 (]: SQL status: BEGIN in 0.716 seconds
[0m17:58:17.323054 [debug] [Thread-3 (]: On model.dbt_pg_tutorial.stg_payments: /* {"app": "dbt", "dbt_version": "1.9.0", "profile_name": "dbt_pg_tutorial", "target_name": "dev", "node_id": "model.dbt_pg_tutorial.stg_payments"} */
alter table "dbt_tutorial"."analytics_staging"."stg_payments" rename to "stg_payments__dbt_backup"
[0m17:58:17.326047 [debug] [Thread-1 (]: SQL status: ALTER TABLE in 0.005 seconds
[0m17:58:17.329649 [debug] [Thread-2 (]: Using postgres connection "model.dbt_pg_tutorial.stg_orders"
[0m17:58:17.354650 [debug] [Thread-3 (]: SQL status: ALTER TABLE in 0.020 seconds
[0m17:58:17.457629 [debug] [Thread-1 (]: On model.dbt_pg_tutorial.stg_customers: COMMIT
[0m17:58:17.461629 [debug] [Thread-2 (]: On model.dbt_pg_tutorial.stg_orders: /* {"app": "dbt", "dbt_version": "1.9.0", "profile_name": "dbt_pg_tutorial", "target_name": "dev", "node_id": "model.dbt_pg_tutorial.stg_orders"} */

  create view "dbt_tutorial"."analytics_staging"."stg_orders__dbt_tmp"
    
    
  as (
    

with source as (
    select * from "dbt_tutorial"."raw"."orders"
),
casted as (
    select
        id           as order_id,
        user_id      as customer_id,
        order_date::timestamp as order_timestamp,
        lower(status) as status,
        total_amount::numeric(10,2) as total_amount
    from source
)
select * from casted
  );
[0m17:58:17.484914 [debug] [Thread-3 (]: Using postgres connection "model.dbt_pg_tutorial.stg_payments"
[0m17:58:17.488920 [debug] [Thread-1 (]: Using postgres connection "model.dbt_pg_tutorial.stg_customers"
[0m17:58:17.496523 [debug] [Thread-3 (]: On model.dbt_pg_tutorial.stg_payments: /* {"app": "dbt", "dbt_version": "1.9.0", "profile_name": "dbt_pg_tutorial", "target_name": "dev", "node_id": "model.dbt_pg_tutorial.stg_payments"} */
alter table "dbt_tutorial"."analytics_staging"."stg_payments__dbt_tmp" rename to "stg_payments"
[0m17:58:17.502117 [debug] [Thread-1 (]: On model.dbt_pg_tutorial.stg_customers: COMMIT
[0m17:58:17.511734 [debug] [Thread-3 (]: SQL status: ALTER TABLE in 0.004 seconds
[0m17:58:17.515727 [debug] [Thread-1 (]: SQL status: COMMIT in 0.005 seconds
[0m17:58:17.519316 [debug] [Thread-2 (]: SQL status: CREATE VIEW in 0.025 seconds
[0m17:58:17.531903 [debug] [Thread-3 (]: On model.dbt_pg_tutorial.stg_payments: COMMIT
[0m17:58:17.586240 [debug] [Thread-1 (]: Applying DROP to: "dbt_tutorial"."analytics_staging"."stg_customers__dbt_backup"
[0m17:58:17.607091 [debug] [Thread-2 (]: Using postgres connection "model.dbt_pg_tutorial.stg_orders"
[0m17:58:17.611175 [debug] [Thread-3 (]: Using postgres connection "model.dbt_pg_tutorial.stg_payments"
[0m17:58:17.652560 [debug] [Thread-1 (]: Using postgres connection "model.dbt_pg_tutorial.stg_customers"
[0m17:58:17.656643 [debug] [Thread-2 (]: On model.dbt_pg_tutorial.stg_orders: /* {"app": "dbt", "dbt_version": "1.9.0", "profile_name": "dbt_pg_tutorial", "target_name": "dev", "node_id": "model.dbt_pg_tutorial.stg_orders"} */
alter table "dbt_tutorial"."analytics_staging"."stg_orders" rename to "stg_orders__dbt_backup"
[0m17:58:17.660660 [debug] [Thread-3 (]: On model.dbt_pg_tutorial.stg_payments: COMMIT
[0m17:58:17.666443 [debug] [Thread-1 (]: On model.dbt_pg_tutorial.stg_customers: /* {"app": "dbt", "dbt_version": "1.9.0", "profile_name": "dbt_pg_tutorial", "target_name": "dev", "node_id": "model.dbt_pg_tutorial.stg_customers"} */
drop view if exists "dbt_tutorial"."analytics_staging"."stg_customers__dbt_backup" cascade
[0m17:58:17.675355 [debug] [Thread-2 (]: SQL status: ALTER TABLE in 0.004 seconds
[0m17:58:17.678451 [debug] [Thread-3 (]: SQL status: COMMIT in 0.005 seconds
[0m17:58:17.702054 [debug] [Thread-2 (]: Using postgres connection "model.dbt_pg_tutorial.stg_orders"
[0m17:58:17.705168 [debug] [Thread-1 (]: SQL status: DROP VIEW in 0.023 seconds
[0m17:58:17.723195 [debug] [Thread-3 (]: Applying DROP to: "dbt_tutorial"."analytics_staging"."stg_payments__dbt_backup"
[0m17:58:17.729197 [debug] [Thread-2 (]: On model.dbt_pg_tutorial.stg_orders: /* {"app": "dbt", "dbt_version": "1.9.0", "profile_name": "dbt_pg_tutorial", "target_name": "dev", "node_id": "model.dbt_pg_tutorial.stg_orders"} */
alter table "dbt_tutorial"."analytics_staging"."stg_orders__dbt_tmp" rename to "stg_orders"
[0m17:58:17.749138 [debug] [Thread-1 (]: On model.dbt_pg_tutorial.stg_customers: Close
[0m17:58:17.757606 [debug] [Thread-3 (]: Using postgres connection "model.dbt_pg_tutorial.stg_payments"
[0m17:58:17.766369 [debug] [Thread-2 (]: SQL status: ALTER TABLE in 0.003 seconds
[0m17:58:17.781833 [debug] [Thread-3 (]: On model.dbt_pg_tutorial.stg_payments: /* {"app": "dbt", "dbt_version": "1.9.0", "profile_name": "dbt_pg_tutorial", "target_name": "dev", "node_id": "model.dbt_pg_tutorial.stg_payments"} */
drop view if exists "dbt_tutorial"."analytics_staging"."stg_payments__dbt_backup" cascade
[0m17:58:17.796009 [debug] [Thread-2 (]: On model.dbt_pg_tutorial.stg_orders: COMMIT
[0m17:58:17.801095 [debug] [Thread-1 (]: Sending event: {'category': 'dbt', 'action': 'run_model', 'label': '9d5552de-d556-4e66-9bed-afef8bb0fc36', 'context': [<snowplow_tracker.self_describing_json.SelfDescribingJson object at 0x0000021BF81ABC20>]}
[0m17:58:17.808758 [debug] [Thread-2 (]: Using postgres connection "model.dbt_pg_tutorial.stg_orders"
[0m17:58:17.813798 [debug] [Thread-3 (]: SQL status: DROP VIEW in 0.013 seconds
[0m17:58:17.818800 [info ] [Thread-1 (]: 1 of 3 OK created sql view model analytics_staging.stg_customers ............... [[32mCREATE VIEW[0m in 2.03s]
[0m17:58:17.825335 [debug] [Thread-2 (]: On model.dbt_pg_tutorial.stg_orders: COMMIT
[0m17:58:17.838082 [debug] [Thread-3 (]: On model.dbt_pg_tutorial.stg_payments: Close
[0m17:58:17.843113 [debug] [Thread-1 (]: Finished running node model.dbt_pg_tutorial.stg_customers
[0m17:58:17.853044 [debug] [Thread-3 (]: Sending event: {'category': 'dbt', 'action': 'run_model', 'label': '9d5552de-d556-4e66-9bed-afef8bb0fc36', 'context': [<snowplow_tracker.self_describing_json.SelfDescribingJson object at 0x0000021BF824FEC0>]}
[0m17:58:17.858260 [debug] [Thread-2 (]: SQL status: COMMIT in 0.010 seconds
[0m17:58:17.866257 [info ] [Thread-3 (]: 3 of 3 OK created sql view model analytics_staging.stg_payments ................ [[32mCREATE VIEW[0m in 2.10s]
[0m17:58:17.889609 [debug] [Thread-2 (]: Applying DROP to: "dbt_tutorial"."analytics_staging"."stg_orders__dbt_backup"
[0m17:58:17.896656 [debug] [Thread-3 (]: Finished running node model.dbt_pg_tutorial.stg_payments
[0m17:58:17.905201 [debug] [Thread-2 (]: Using postgres connection "model.dbt_pg_tutorial.stg_orders"
[0m17:58:17.913258 [debug] [Thread-2 (]: On model.dbt_pg_tutorial.stg_orders: /* {"app": "dbt", "dbt_version": "1.9.0", "profile_name": "dbt_pg_tutorial", "target_name": "dev", "node_id": "model.dbt_pg_tutorial.stg_orders"} */
drop view if exists "dbt_tutorial"."analytics_staging"."stg_orders__dbt_backup" cascade
[0m17:58:17.926303 [debug] [Thread-2 (]: SQL status: DROP VIEW in 0.008 seconds
[0m17:58:17.938906 [debug] [Thread-2 (]: On model.dbt_pg_tutorial.stg_orders: Close
[0m17:58:17.945458 [debug] [Thread-2 (]: Sending event: {'category': 'dbt', 'action': 'run_model', 'label': '9d5552de-d556-4e66-9bed-afef8bb0fc36', 'context': [<snowplow_tracker.self_describing_json.SelfDescribingJson object at 0x0000021BF8213F50>]}
[0m17:58:17.951522 [info ] [Thread-2 (]: 2 of 3 OK created sql view model analytics_staging.stg_orders .................. [[32mCREATE VIEW[0m in 2.20s]
[0m17:58:17.961511 [debug] [Thread-2 (]: Finished running node model.dbt_pg_tutorial.stg_orders
[0m17:58:17.976513 [debug] [MainThread]: Using postgres connection "master"
[0m17:58:17.982515 [debug] [MainThread]: On master: BEGIN
[0m17:58:17.987515 [debug] [MainThread]: Opening a new connection, currently in state closed
[0m17:58:18.471815 [debug] [MainThread]: SQL status: BEGIN in 0.484 seconds
[0m17:58:18.476815 [debug] [MainThread]: On master: COMMIT
[0m17:58:18.481726 [debug] [MainThread]: Using postgres connection "master"
[0m17:58:18.485869 [debug] [MainThread]: On master: COMMIT
[0m17:58:18.490729 [debug] [MainThread]: SQL status: COMMIT in 0.001 seconds
[0m17:58:18.495872 [debug] [MainThread]: On master: Close
[0m17:58:18.501758 [debug] [MainThread]: Connection 'master' was properly closed.
[0m17:58:18.504817 [debug] [MainThread]: Connection 'list_dbt_tutorial' was properly closed.
[0m17:58:18.509828 [debug] [MainThread]: Connection 'list_dbt_tutorial_analytics_intermediate' was properly closed.
[0m17:58:18.512824 [debug] [MainThread]: Connection 'list_dbt_tutorial_analytics_marts' was properly closed.
[0m17:58:18.517225 [debug] [MainThread]: Connection 'list_dbt_tutorial_analytics_staging' was properly closed.
[0m17:58:18.521317 [debug] [MainThread]: Connection 'model.dbt_pg_tutorial.stg_customers' was properly closed.
[0m17:58:18.525282 [debug] [MainThread]: Connection 'model.dbt_pg_tutorial.stg_orders' was properly closed.
[0m17:58:18.528374 [debug] [MainThread]: Connection 'model.dbt_pg_tutorial.stg_payments' was properly closed.
[0m17:58:18.532925 [info ] [MainThread]: 
[0m17:58:18.540732 [info ] [MainThread]: Finished running 3 view models in 0 hours 0 minutes and 6.21 seconds (6.21s).
[0m17:58:18.552145 [debug] [MainThread]: Command end result
[0m17:58:18.804363 [debug] [MainThread]: Wrote artifact WritableManifest to C:\Users\kashv\dbt_workspace\dbt_pg_tutorial\target\manifest.json
[0m17:58:18.841658 [debug] [MainThread]: Wrote artifact SemanticManifest to C:\Users\kashv\dbt_workspace\dbt_pg_tutorial\target\semantic_manifest.json
[0m17:58:18.912672 [debug] [MainThread]: Wrote artifact RunExecutionResult to C:\Users\kashv\dbt_workspace\dbt_pg_tutorial\target\run_results.json
[0m17:58:18.917214 [info ] [MainThread]: 
[0m17:58:18.926334 [info ] [MainThread]: [32mCompleted successfully[0m
[0m17:58:18.933911 [info ] [MainThread]: 
[0m17:58:18.942047 [info ] [MainThread]: Done. PASS=3 WARN=0 ERROR=0 SKIP=0 TOTAL=3
[0m17:58:18.952724 [debug] [MainThread]: Command `dbt run` succeeded at 17:58:18.951668 after 16.13 seconds
[0m17:58:18.964013 [debug] [MainThread]: Sending event: {'category': 'dbt', 'action': 'invocation', 'label': 'end', 'context': [<snowplow_tracker.self_describing_json.SelfDescribingJson object at 0x0000021BF34F3EF0>, <snowplow_tracker.self_describing_json.SelfDescribingJson object at 0x0000021BF653EC30>, <snowplow_tracker.self_describing_json.SelfDescribingJson object at 0x0000021BF40B6ED0>]}
[0m17:58:18.969328 [debug] [MainThread]: Flushing usage events
[0m17:58:18.988323 [debug] [MainThread]: An error was encountered while trying to flush usage events
[0m18:00:07.020073 [debug] [MainThread]: Sending event: {'category': 'dbt', 'action': 'invocation', 'label': 'start', 'context': [<snowplow_tracker.self_describing_json.SelfDescribingJson object at 0x000001F0F38E9DF0>, <snowplow_tracker.self_describing_json.SelfDescribingJson object at 0x000001F0F38E9BE0>, <snowplow_tracker.self_describing_json.SelfDescribingJson object at 0x000001F0F38E9D90>]}


============================== 18:00:07.052681 | 79751924-14ba-4258-9026-1f2fe29d9547 ==============================
[0m18:00:07.052681 [info ] [MainThread]: Running with dbt=1.9.0
[0m18:00:07.060951 [debug] [MainThread]: running dbt with arguments {'printer_width': '80', 'indirect_selection': 'eager', 'log_cache_events': 'False', 'write_json': 'True', 'partial_parse': 'True', 'cache_selected_only': 'False', 'profiles_dir': 'C:\\Users\\kashv\\.dbt', 'fail_fast': 'False', 'version_check': 'True', 'log_path': 'C:\\Users\\kashv\\dbt_workspace\\dbt_pg_tutorial\\logs', 'debug': 'False', 'warn_error': 'None', 'use_colors': 'True', 'use_experimental_parser': 'False', 'no_print': 'None', 'quiet': 'False', 'empty': 'False', 'warn_error_options': 'WarnErrorOptions(include=[], exclude=[])', 'introspect': 'True', 'invocation_command': 'dbt run -m staging', 'static_parser': 'True', 'target_path': 'None', 'log_format': 'default', 'send_anonymous_usage_stats': 'True'}
[0m18:00:08.559589 [debug] [MainThread]: Sending event: {'category': 'dbt', 'action': 'project_id', 'label': '79751924-14ba-4258-9026-1f2fe29d9547', 'context': [<snowplow_tracker.self_describing_json.SelfDescribingJson object at 0x000001F0F38E9D90>]}
[0m18:00:09.009811 [debug] [MainThread]: Sending event: {'category': 'dbt', 'action': 'adapter_info', 'label': '79751924-14ba-4258-9026-1f2fe29d9547', 'context': [<snowplow_tracker.self_describing_json.SelfDescribingJson object at 0x000001F0F12AD790>]}
[0m18:00:09.025590 [info ] [MainThread]: Registered adapter: postgres=1.9.1
[0m18:00:11.823577 [debug] [MainThread]: checksum: c99e828bba267739642b5a3ce85f17518764ea526e0e6c4fdc649171c1a66bff, vars: {}, profile: , target: , version: 1.9.0
[0m18:00:13.440315 [debug] [MainThread]: Partial parsing enabled: 0 files deleted, 0 files added, 0 files changed.
[0m18:00:13.445278 [debug] [MainThread]: Partial parsing enabled, no changes found, skipping parsing
[0m18:00:13.754099 [debug] [MainThread]: Sending event: {'category': 'dbt', 'action': 'load_project', 'label': '79751924-14ba-4258-9026-1f2fe29d9547', 'context': [<snowplow_tracker.self_describing_json.SelfDescribingJson object at 0x000001F0F32C3440>]}
[0m18:00:14.440297 [debug] [MainThread]: Wrote artifact WritableManifest to C:\Users\kashv\dbt_workspace\dbt_pg_tutorial\target\manifest.json
[0m18:00:14.596412 [debug] [MainThread]: Wrote artifact SemanticManifest to C:\Users\kashv\dbt_workspace\dbt_pg_tutorial\target\semantic_manifest.json
[0m18:00:14.915345 [debug] [MainThread]: Sending event: {'category': 'dbt', 'action': 'resource_counts', 'label': '79751924-14ba-4258-9026-1f2fe29d9547', 'context': [<snowplow_tracker.self_describing_json.SelfDescribingJson object at 0x000001F0F35BA870>]}
[0m18:00:14.920878 [info ] [MainThread]: Found 6 models, 2 data tests, 3 sources, 434 macros
[0m18:00:14.927879 [debug] [MainThread]: Sending event: {'category': 'dbt', 'action': 'runnable_timing', 'label': '79751924-14ba-4258-9026-1f2fe29d9547', 'context': [<snowplow_tracker.self_describing_json.SelfDescribingJson object at 0x000001F0F4B05EB0>]}
[0m18:00:14.942020 [info ] [MainThread]: 
[0m18:00:14.948707 [info ] [MainThread]: Concurrency: 4 threads (target='dev')
[0m18:00:14.955817 [info ] [MainThread]: 
[0m18:00:14.966732 [debug] [MainThread]: Acquiring new postgres connection 'master'
[0m18:00:15.006308 [debug] [ThreadPool]: Acquiring new postgres connection 'list_dbt_tutorial'
[0m18:00:16.028633 [debug] [ThreadPool]: Using postgres connection "list_dbt_tutorial"
[0m18:00:16.033630 [debug] [ThreadPool]: On list_dbt_tutorial: /* {"app": "dbt", "dbt_version": "1.9.0", "profile_name": "dbt_pg_tutorial", "target_name": "dev", "connection_name": "list_dbt_tutorial"} */

    select distinct nspname from pg_namespace
  
[0m18:00:16.038519 [debug] [ThreadPool]: Opening a new connection, currently in state init
[0m18:00:16.574118 [debug] [ThreadPool]: Postgres adapter: Got a retryable error when attempting to open a postgres connection.
1 attempts remaining. Retrying in 0 seconds.
Error:
connection to server at "localhost" (::1), port 5432 failed: FATAL:  database "dbt_tutorial" does not exist

[0m18:00:17.027358 [debug] [ThreadPool]: Postgres adapter: Error running SQL: /* {"app": "dbt", "dbt_version": "1.9.0", "profile_name": "dbt_pg_tutorial", "target_name": "dev", "connection_name": "list_dbt_tutorial"} */

    select distinct nspname from pg_namespace
  
[0m18:00:17.032926 [debug] [ThreadPool]: Postgres adapter: Rolling back transaction.
[0m18:00:17.037995 [debug] [ThreadPool]: Postgres adapter: Error running SQL: macro list_schemas
[0m18:00:17.043273 [debug] [ThreadPool]: Postgres adapter: Rolling back transaction.
[0m18:00:17.047202 [debug] [ThreadPool]: On list_dbt_tutorial: No close available on handle
[0m18:00:17.055143 [debug] [MainThread]: Connection 'master' was properly closed.
[0m18:00:17.059203 [debug] [MainThread]: Connection 'list_dbt_tutorial' was properly closed.
[0m18:00:17.063104 [info ] [MainThread]: 
[0m18:00:17.069350 [info ] [MainThread]: Finished running  in 0 hours 0 minutes and 2.10 seconds (2.10s).
[0m18:00:17.076255 [error] [MainThread]: Encountered an error:
Database Error
  connection to server at "localhost" (::1), port 5432 failed: FATAL:  database "dbt_tutorial" does not exist
  
[0m18:00:17.085639 [debug] [MainThread]: Command `dbt run` failed at 18:00:17.085058 after 11.18 seconds
[0m18:00:17.091015 [debug] [MainThread]: Sending event: {'category': 'dbt', 'action': 'invocation', 'label': 'end', 'context': [<snowplow_tracker.self_describing_json.SelfDescribingJson object at 0x000001F0F3904080>, <snowplow_tracker.self_describing_json.SelfDescribingJson object at 0x000001F0F4E89B50>, <snowplow_tracker.self_describing_json.SelfDescribingJson object at 0x000001F0F4B07C80>]}
[0m18:00:17.095871 [debug] [MainThread]: Flushing usage events
[0m18:00:17.114283 [debug] [MainThread]: An error was encountered while trying to flush usage events
[0m18:03:18.891283 [debug] [MainThread]: Sending event: {'category': 'dbt', 'action': 'invocation', 'label': 'start', 'context': [<snowplow_tracker.self_describing_json.SelfDescribingJson object at 0x000001A8F95B0C50>, <snowplow_tracker.self_describing_json.SelfDescribingJson object at 0x000001A8FC5BD880>, <snowplow_tracker.self_describing_json.SelfDescribingJson object at 0x000001A8FC6BEED0>]}


============================== 18:03:18.924299 | 26e3957c-0804-41d7-95b1-9a95a1260078 ==============================
[0m18:03:18.924299 [info ] [MainThread]: Running with dbt=1.9.0
[0m18:03:18.932411 [debug] [MainThread]: running dbt with arguments {'printer_width': '80', 'indirect_selection': 'eager', 'write_json': 'True', 'log_cache_events': 'False', 'partial_parse': 'True', 'cache_selected_only': 'False', 'warn_error': 'None', 'version_check': 'True', 'debug': 'False', 'log_path': 'C:\\Users\\kashv\\dbt_workspace\\dbt_pg_tutorial\\logs', 'fail_fast': 'False', 'profiles_dir': 'C:\\Users\\kashv\\.dbt', 'use_colors': 'True', 'use_experimental_parser': 'False', 'empty': 'False', 'quiet': 'False', 'no_print': 'None', 'log_format': 'default', 'introspect': 'True', 'warn_error_options': 'WarnErrorOptions(include=[], exclude=[])', 'static_parser': 'True', 'target_path': 'None', 'invocation_command': 'dbt build', 'send_anonymous_usage_stats': 'True'}
[0m18:03:20.500444 [debug] [MainThread]: Sending event: {'category': 'dbt', 'action': 'project_id', 'label': '26e3957c-0804-41d7-95b1-9a95a1260078', 'context': [<snowplow_tracker.self_describing_json.SelfDescribingJson object at 0x000001A8FD620A40>]}
[0m18:03:20.983698 [debug] [MainThread]: Sending event: {'category': 'dbt', 'action': 'adapter_info', 'label': '26e3957c-0804-41d7-95b1-9a95a1260078', 'context': [<snowplow_tracker.self_describing_json.SelfDescribingJson object at 0x000001A8FD713EC0>]}
[0m18:03:20.996677 [info ] [MainThread]: Registered adapter: postgres=1.9.1
[0m18:03:25.114789 [debug] [MainThread]: checksum: c99e828bba267739642b5a3ce85f17518764ea526e0e6c4fdc649171c1a66bff, vars: {}, profile: , target: , version: 1.9.0
[0m18:03:27.801428 [debug] [MainThread]: Partial parsing enabled: 0 files deleted, 0 files added, 0 files changed.
[0m18:03:27.808819 [debug] [MainThread]: Partial parsing enabled, no changes found, skipping parsing
[0m18:03:28.308495 [debug] [MainThread]: Sending event: {'category': 'dbt', 'action': 'load_project', 'label': '26e3957c-0804-41d7-95b1-9a95a1260078', 'context': [<snowplow_tracker.self_describing_json.SelfDescribingJson object at 0x000001A8FE83A330>]}
[0m18:03:29.333098 [debug] [MainThread]: Wrote artifact WritableManifest to C:\Users\kashv\dbt_workspace\dbt_pg_tutorial\target\manifest.json
[0m18:03:29.558431 [debug] [MainThread]: Wrote artifact SemanticManifest to C:\Users\kashv\dbt_workspace\dbt_pg_tutorial\target\semantic_manifest.json
[0m18:03:30.215065 [debug] [MainThread]: Sending event: {'category': 'dbt', 'action': 'resource_counts', 'label': '26e3957c-0804-41d7-95b1-9a95a1260078', 'context': [<snowplow_tracker.self_describing_json.SelfDescribingJson object at 0x000001A8FE83A840>]}
[0m18:03:30.224070 [info ] [MainThread]: Found 6 models, 2 data tests, 3 sources, 434 macros
[0m18:03:30.257315 [info ] [MainThread]: 
[0m18:03:30.267333 [info ] [MainThread]: Concurrency: 4 threads (target='dev')
[0m18:03:30.277331 [info ] [MainThread]: 
[0m18:03:30.288332 [debug] [MainThread]: Acquiring new postgres connection 'master'
[0m18:03:30.348972 [debug] [ThreadPool]: Acquiring new postgres connection 'list_dbt_tutorial'
[0m18:03:30.356985 [debug] [ThreadPool]: Acquiring new postgres connection 'list_dbt_tutorial'
[0m18:03:30.378151 [debug] [ThreadPool]: Acquiring new postgres connection 'list_dbt_tutorial'
[0m18:03:32.553236 [debug] [ThreadPool]: Using postgres connection "list_dbt_tutorial"
[0m18:03:32.557088 [debug] [ThreadPool]: Using postgres connection "list_dbt_tutorial"
[0m18:03:32.559227 [debug] [ThreadPool]: Using postgres connection "list_dbt_tutorial"
[0m18:03:32.564832 [debug] [ThreadPool]: On list_dbt_tutorial: /* {"app": "dbt", "dbt_version": "1.9.0", "profile_name": "dbt_pg_tutorial", "target_name": "dev", "connection_name": "list_dbt_tutorial"} */

    select distinct nspname from pg_namespace
  
[0m18:03:32.570103 [debug] [ThreadPool]: On list_dbt_tutorial: /* {"app": "dbt", "dbt_version": "1.9.0", "profile_name": "dbt_pg_tutorial", "target_name": "dev", "connection_name": "list_dbt_tutorial"} */

    select distinct nspname from pg_namespace
  
[0m18:03:32.575391 [debug] [ThreadPool]: On list_dbt_tutorial: /* {"app": "dbt", "dbt_version": "1.9.0", "profile_name": "dbt_pg_tutorial", "target_name": "dev", "connection_name": "list_dbt_tutorial"} */

    select distinct nspname from pg_namespace
  
[0m18:03:32.582212 [debug] [ThreadPool]: Opening a new connection, currently in state init
[0m18:03:32.589270 [debug] [ThreadPool]: Opening a new connection, currently in state init
[0m18:03:32.598644 [debug] [ThreadPool]: Opening a new connection, currently in state init
[0m18:03:33.387139 [debug] [ThreadPool]: SQL status: SELECT 6 in 0.797 seconds
[0m18:03:33.391766 [debug] [ThreadPool]: SQL status: SELECT 6 in 0.793 seconds
[0m18:03:33.406267 [debug] [ThreadPool]: On list_dbt_tutorial: Close
[0m18:03:33.420975 [debug] [ThreadPool]: On list_dbt_tutorial: Close
[0m18:03:33.457426 [debug] [ThreadPool]: SQL status: SELECT 6 in 0.874 seconds
[0m18:03:33.471489 [debug] [ThreadPool]: On list_dbt_tutorial: Close
[0m18:03:33.483407 [debug] [ThreadPool]: Re-using an available connection from the pool (formerly list_dbt_tutorial, now create_dbt_tutorial_analytics_staging)
[0m18:03:33.488422 [debug] [ThreadPool]: Re-using an available connection from the pool (formerly list_dbt_tutorial, now create_dbt_tutorial_analytics_intermediate)
[0m18:03:33.493492 [debug] [ThreadPool]: Re-using an available connection from the pool (formerly list_dbt_tutorial, now create_dbt_tutorial_analytics_marts)
[0m18:03:33.506975 [debug] [ThreadPool]: Creating schema "database: "dbt_tutorial"
schema: "analytics_staging"
"
[0m18:03:33.514976 [debug] [ThreadPool]: Creating schema "database: "dbt_tutorial"
schema: "analytics_intermediate"
"
[0m18:03:33.524569 [debug] [ThreadPool]: Creating schema "database: "dbt_tutorial"
schema: "analytics_marts"
"
[0m18:03:33.588845 [debug] [ThreadPool]: Using postgres connection "create_dbt_tutorial_analytics_staging"
[0m18:03:33.608444 [debug] [ThreadPool]: Using postgres connection "create_dbt_tutorial_analytics_intermediate"
[0m18:03:33.628207 [debug] [ThreadPool]: Using postgres connection "create_dbt_tutorial_analytics_marts"
[0m18:03:33.634201 [debug] [ThreadPool]: On create_dbt_tutorial_analytics_staging: BEGIN
[0m18:03:33.642249 [debug] [ThreadPool]: On create_dbt_tutorial_analytics_intermediate: BEGIN
[0m18:03:33.650249 [debug] [ThreadPool]: On create_dbt_tutorial_analytics_marts: BEGIN
[0m18:03:33.658138 [debug] [ThreadPool]: Opening a new connection, currently in state closed
[0m18:03:33.665119 [debug] [ThreadPool]: Opening a new connection, currently in state closed
[0m18:03:33.671130 [debug] [ThreadPool]: Opening a new connection, currently in state closed
[0m18:03:34.291545 [debug] [ThreadPool]: SQL status: BEGIN in 0.633 seconds
[0m18:03:34.298547 [debug] [ThreadPool]: Using postgres connection "create_dbt_tutorial_analytics_staging"
[0m18:03:34.305545 [debug] [ThreadPool]: On create_dbt_tutorial_analytics_staging: /* {"app": "dbt", "dbt_version": "1.9.0", "profile_name": "dbt_pg_tutorial", "target_name": "dev", "connection_name": "create_dbt_tutorial_analytics_staging"} */
create schema if not exists "analytics_staging"
[0m18:03:34.310546 [debug] [ThreadPool]: SQL status: BEGIN in 0.645 seconds
[0m18:03:34.320635 [debug] [ThreadPool]: Using postgres connection "create_dbt_tutorial_analytics_intermediate"
[0m18:03:34.323547 [debug] [ThreadPool]: SQL status: CREATE SCHEMA in 0.007 seconds
[0m18:03:34.328912 [debug] [ThreadPool]: On create_dbt_tutorial_analytics_intermediate: /* {"app": "dbt", "dbt_version": "1.9.0", "profile_name": "dbt_pg_tutorial", "target_name": "dev", "connection_name": "create_dbt_tutorial_analytics_intermediate"} */
create schema if not exists "analytics_intermediate"
[0m18:03:34.342043 [debug] [ThreadPool]: On create_dbt_tutorial_analytics_staging: COMMIT
[0m18:03:34.353959 [debug] [ThreadPool]: SQL status: BEGIN in 0.683 seconds
[0m18:03:34.358422 [debug] [ThreadPool]: Using postgres connection "create_dbt_tutorial_analytics_staging"
[0m18:03:34.363479 [debug] [ThreadPool]: SQL status: CREATE SCHEMA in 0.013 seconds
[0m18:03:34.368103 [debug] [ThreadPool]: Using postgres connection "create_dbt_tutorial_analytics_marts"
[0m18:03:34.376107 [debug] [ThreadPool]: On create_dbt_tutorial_analytics_staging: COMMIT
[0m18:03:34.387001 [debug] [ThreadPool]: On create_dbt_tutorial_analytics_intermediate: COMMIT
[0m18:03:34.393710 [debug] [ThreadPool]: On create_dbt_tutorial_analytics_marts: /* {"app": "dbt", "dbt_version": "1.9.0", "profile_name": "dbt_pg_tutorial", "target_name": "dev", "connection_name": "create_dbt_tutorial_analytics_marts"} */
create schema if not exists "analytics_marts"
[0m18:03:34.400716 [debug] [ThreadPool]: Using postgres connection "create_dbt_tutorial_analytics_intermediate"
[0m18:03:34.406062 [debug] [ThreadPool]: SQL status: COMMIT in 0.007 seconds
[0m18:03:34.417177 [debug] [ThreadPool]: On create_dbt_tutorial_analytics_intermediate: COMMIT
[0m18:03:34.421090 [debug] [ThreadPool]: SQL status: CREATE SCHEMA in 0.009 seconds
[0m18:03:34.425679 [debug] [ThreadPool]: On create_dbt_tutorial_analytics_staging: Close
[0m18:03:34.439275 [debug] [ThreadPool]: On create_dbt_tutorial_analytics_marts: COMMIT
[0m18:03:34.443328 [debug] [ThreadPool]: SQL status: COMMIT in 0.012 seconds
[0m18:03:34.455337 [debug] [ThreadPool]: Using postgres connection "create_dbt_tutorial_analytics_marts"
[0m18:03:34.462969 [debug] [ThreadPool]: On create_dbt_tutorial_analytics_intermediate: Close
[0m18:03:34.470987 [debug] [ThreadPool]: On create_dbt_tutorial_analytics_marts: COMMIT
[0m18:03:34.489009 [debug] [ThreadPool]: SQL status: COMMIT in 0.005 seconds
[0m18:03:34.496612 [debug] [ThreadPool]: On create_dbt_tutorial_analytics_marts: Close
[0m18:03:34.521233 [debug] [ThreadPool]: Acquiring new postgres connection 'list_dbt_tutorial_analytics_staging'
[0m18:03:34.529236 [debug] [ThreadPool]: Acquiring new postgres connection 'list_dbt_tutorial_analytics_intermediate'
[0m18:03:34.536248 [debug] [ThreadPool]: Acquiring new postgres connection 'list_dbt_tutorial_analytics_marts'
[0m18:03:34.601475 [debug] [ThreadPool]: Using postgres connection "list_dbt_tutorial_analytics_staging"
[0m18:03:34.622290 [debug] [ThreadPool]: Using postgres connection "list_dbt_tutorial_analytics_intermediate"
[0m18:03:34.642522 [debug] [ThreadPool]: Using postgres connection "list_dbt_tutorial_analytics_marts"
[0m18:03:34.649534 [debug] [ThreadPool]: On list_dbt_tutorial_analytics_staging: BEGIN
[0m18:03:34.658326 [debug] [ThreadPool]: On list_dbt_tutorial_analytics_intermediate: BEGIN
[0m18:03:34.669371 [debug] [ThreadPool]: On list_dbt_tutorial_analytics_marts: BEGIN
[0m18:03:34.678221 [debug] [ThreadPool]: Opening a new connection, currently in state init
[0m18:03:34.686306 [debug] [ThreadPool]: Opening a new connection, currently in state init
[0m18:03:34.693303 [debug] [ThreadPool]: Opening a new connection, currently in state init
[0m18:03:35.266384 [debug] [ThreadPool]: SQL status: BEGIN in 0.588 seconds
[0m18:03:35.274358 [debug] [ThreadPool]: Using postgres connection "list_dbt_tutorial_analytics_staging"
[0m18:03:35.282355 [debug] [ThreadPool]: On list_dbt_tutorial_analytics_staging: /* {"app": "dbt", "dbt_version": "1.9.0", "profile_name": "dbt_pg_tutorial", "target_name": "dev", "connection_name": "list_dbt_tutorial_analytics_staging"} */
select
      'dbt_tutorial' as database,
      tablename as name,
      schemaname as schema,
      'table' as type
    from pg_tables
    where schemaname ilike 'analytics_staging'
    union all
    select
      'dbt_tutorial' as database,
      viewname as name,
      schemaname as schema,
      'view' as type
    from pg_views
    where schemaname ilike 'analytics_staging'
    union all
    select
      'dbt_tutorial' as database,
      matviewname as name,
      schemaname as schema,
      'materialized_view' as type
    from pg_matviews
    where schemaname ilike 'analytics_staging'
  
[0m18:03:35.288372 [debug] [ThreadPool]: SQL status: BEGIN in 0.601 seconds
[0m18:03:35.300374 [debug] [ThreadPool]: Using postgres connection "list_dbt_tutorial_analytics_intermediate"
[0m18:03:35.307360 [debug] [ThreadPool]: On list_dbt_tutorial_analytics_intermediate: /* {"app": "dbt", "dbt_version": "1.9.0", "profile_name": "dbt_pg_tutorial", "target_name": "dev", "connection_name": "list_dbt_tutorial_analytics_intermediate"} */
select
      'dbt_tutorial' as database,
      tablename as name,
      schemaname as schema,
      'table' as type
    from pg_tables
    where schemaname ilike 'analytics_intermediate'
    union all
    select
      'dbt_tutorial' as database,
      viewname as name,
      schemaname as schema,
      'view' as type
    from pg_views
    where schemaname ilike 'analytics_intermediate'
    union all
    select
      'dbt_tutorial' as database,
      matviewname as name,
      schemaname as schema,
      'materialized_view' as type
    from pg_matviews
    where schemaname ilike 'analytics_intermediate'
  
[0m18:03:35.322367 [debug] [ThreadPool]: SQL status: SELECT 0 in 0.026 seconds
[0m18:03:35.339378 [debug] [ThreadPool]: On list_dbt_tutorial_analytics_staging: ROLLBACK
[0m18:03:35.343366 [debug] [ThreadPool]: SQL status: SELECT 0 in 0.028 seconds
[0m18:03:35.350404 [debug] [ThreadPool]: On list_dbt_tutorial_analytics_staging: Close
[0m18:03:35.368007 [debug] [ThreadPool]: On list_dbt_tutorial_analytics_intermediate: ROLLBACK
[0m18:03:35.371490 [debug] [ThreadPool]: SQL status: BEGIN in 0.679 seconds
[0m18:03:35.382608 [debug] [ThreadPool]: On list_dbt_tutorial_analytics_intermediate: Close
[0m18:03:35.388693 [debug] [ThreadPool]: Using postgres connection "list_dbt_tutorial_analytics_marts"
[0m18:03:35.401290 [debug] [ThreadPool]: On list_dbt_tutorial_analytics_marts: /* {"app": "dbt", "dbt_version": "1.9.0", "profile_name": "dbt_pg_tutorial", "target_name": "dev", "connection_name": "list_dbt_tutorial_analytics_marts"} */
select
      'dbt_tutorial' as database,
      tablename as name,
      schemaname as schema,
      'table' as type
    from pg_tables
    where schemaname ilike 'analytics_marts'
    union all
    select
      'dbt_tutorial' as database,
      viewname as name,
      schemaname as schema,
      'view' as type
    from pg_views
    where schemaname ilike 'analytics_marts'
    union all
    select
      'dbt_tutorial' as database,
      matviewname as name,
      schemaname as schema,
      'materialized_view' as type
    from pg_matviews
    where schemaname ilike 'analytics_marts'
  
[0m18:03:35.435116 [debug] [ThreadPool]: SQL status: SELECT 0 in 0.027 seconds
[0m18:03:35.451030 [debug] [ThreadPool]: On list_dbt_tutorial_analytics_marts: ROLLBACK
[0m18:03:35.460740 [debug] [ThreadPool]: On list_dbt_tutorial_analytics_marts: Close
[0m18:03:35.510934 [debug] [MainThread]: Using postgres connection "master"
[0m18:03:35.518477 [debug] [MainThread]: On master: BEGIN
[0m18:03:35.525407 [debug] [MainThread]: Opening a new connection, currently in state init
[0m18:03:36.032024 [debug] [MainThread]: SQL status: BEGIN in 0.506 seconds
[0m18:03:36.039502 [debug] [MainThread]: Using postgres connection "master"
[0m18:03:36.047423 [debug] [MainThread]: On master: /* {"app": "dbt", "dbt_version": "1.9.0", "profile_name": "dbt_pg_tutorial", "target_name": "dev", "connection_name": "master"} */
select distinct
        dependent_namespace.nspname as dependent_schema,
        dependent_class.relname as dependent_name,
        referenced_namespace.nspname as referenced_schema,
        referenced_class.relname as referenced_name

    -- Query for views: views are entries in pg_class with an entry in pg_rewrite, but we avoid
    -- a seq scan on pg_rewrite by leveraging the fact there is an "internal" row in pg_depend for
    -- the view...
    from pg_class as dependent_class
    join pg_namespace as dependent_namespace on dependent_namespace.oid = dependent_class.relnamespace
    join pg_depend as dependent_depend on dependent_depend.refobjid = dependent_class.oid
        and dependent_depend.classid = 'pg_rewrite'::regclass
        and dependent_depend.refclassid = 'pg_class'::regclass
        and dependent_depend.deptype = 'i'

    -- ... and via pg_depend (that has a row per column, hence the need for "distinct" above, and
    -- making sure to exclude the internal row to avoid a view appearing to depend on itself)...
    join pg_depend as joining_depend on joining_depend.objid = dependent_depend.objid
        and joining_depend.classid = 'pg_rewrite'::regclass
        and joining_depend.refclassid = 'pg_class'::regclass
        and joining_depend.refobjid != dependent_depend.refobjid

    -- ... we can find the tables they query from in pg_class, but excluding system tables. Note we
    -- don't need need to exclude _dependent_ system tables, because they only query from other
    -- system tables, and so are automatically excluded by excluding _referenced_ system tables
    join pg_class as referenced_class on referenced_class.oid = joining_depend.refobjid
    join pg_namespace as referenced_namespace on referenced_namespace.oid = referenced_class.relnamespace
        and referenced_namespace.nspname != 'information_schema'
        and referenced_namespace.nspname not like 'pg\_%'

    order by
        dependent_schema, dependent_name, referenced_schema, referenced_name;
[0m18:03:36.081394 [debug] [MainThread]: SQL status: SELECT 0 in 0.027 seconds
[0m18:03:36.096645 [debug] [MainThread]: Sending event: {'category': 'dbt', 'action': 'runnable_timing', 'label': '26e3957c-0804-41d7-95b1-9a95a1260078', 'context': [<snowplow_tracker.self_describing_json.SelfDescribingJson object at 0x000001A8FA7E61E0>]}
[0m18:03:36.105391 [debug] [MainThread]: On master: ROLLBACK
[0m18:03:36.113228 [debug] [MainThread]: Using postgres connection "master"
[0m18:03:36.119305 [debug] [MainThread]: On master: BEGIN
[0m18:03:36.128028 [debug] [MainThread]: SQL status: BEGIN in 0.003 seconds
[0m18:03:36.135021 [debug] [MainThread]: On master: COMMIT
[0m18:03:36.143111 [debug] [MainThread]: Using postgres connection "master"
[0m18:03:36.150247 [debug] [MainThread]: On master: COMMIT
[0m18:03:36.160238 [debug] [MainThread]: SQL status: COMMIT in 0.001 seconds
[0m18:03:36.167022 [debug] [MainThread]: On master: Close
[0m18:03:36.197886 [debug] [Thread-1 (]: Began running node model.dbt_pg_tutorial.stg_customers
[0m18:03:36.204063 [debug] [Thread-2 (]: Began running node model.dbt_pg_tutorial.stg_orders
[0m18:03:36.208699 [debug] [Thread-3 (]: Began running node model.dbt_pg_tutorial.stg_payments
[0m18:03:36.215778 [info ] [Thread-1 (]: 1 of 8 START sql view model analytics_staging.stg_customers .................... [RUN]
[0m18:03:36.225688 [info ] [Thread-2 (]: 2 of 8 START sql view model analytics_staging.stg_orders ....................... [RUN]
[0m18:03:36.235033 [info ] [Thread-3 (]: 3 of 8 START sql view model analytics_staging.stg_payments ..................... [RUN]
[0m18:03:36.245942 [debug] [Thread-1 (]: Acquiring new postgres connection 'model.dbt_pg_tutorial.stg_customers'
[0m18:03:36.256131 [debug] [Thread-2 (]: Acquiring new postgres connection 'model.dbt_pg_tutorial.stg_orders'
[0m18:03:36.264871 [debug] [Thread-3 (]: Acquiring new postgres connection 'model.dbt_pg_tutorial.stg_payments'
[0m18:03:36.272167 [debug] [Thread-1 (]: Began compiling node model.dbt_pg_tutorial.stg_customers
[0m18:03:36.281071 [debug] [Thread-2 (]: Began compiling node model.dbt_pg_tutorial.stg_orders
[0m18:03:36.291059 [debug] [Thread-3 (]: Began compiling node model.dbt_pg_tutorial.stg_payments
[0m18:03:36.395682 [debug] [Thread-1 (]: Writing injected SQL for node "model.dbt_pg_tutorial.stg_customers"
[0m18:03:36.408716 [debug] [Thread-2 (]: Writing injected SQL for node "model.dbt_pg_tutorial.stg_orders"
[0m18:03:36.437858 [debug] [Thread-3 (]: Writing injected SQL for node "model.dbt_pg_tutorial.stg_payments"
[0m18:03:36.527731 [debug] [Thread-1 (]: Began executing node model.dbt_pg_tutorial.stg_customers
[0m18:03:36.532725 [debug] [Thread-2 (]: Began executing node model.dbt_pg_tutorial.stg_orders
[0m18:03:36.537113 [debug] [Thread-3 (]: Began executing node model.dbt_pg_tutorial.stg_payments
[0m18:03:37.351967 [debug] [Thread-2 (]: Writing runtime sql for node "model.dbt_pg_tutorial.stg_orders"
[0m18:03:37.381162 [debug] [Thread-3 (]: Writing runtime sql for node "model.dbt_pg_tutorial.stg_payments"
[0m18:03:37.381162 [debug] [Thread-1 (]: Writing runtime sql for node "model.dbt_pg_tutorial.stg_customers"
[0m18:03:37.481632 [debug] [Thread-3 (]: Using postgres connection "model.dbt_pg_tutorial.stg_payments"
[0m18:03:37.489637 [debug] [Thread-2 (]: Using postgres connection "model.dbt_pg_tutorial.stg_orders"
[0m18:03:37.494741 [debug] [Thread-1 (]: Using postgres connection "model.dbt_pg_tutorial.stg_customers"
[0m18:03:37.500845 [debug] [Thread-3 (]: On model.dbt_pg_tutorial.stg_payments: BEGIN
[0m18:03:37.508743 [debug] [Thread-2 (]: On model.dbt_pg_tutorial.stg_orders: BEGIN
[0m18:03:37.516937 [debug] [Thread-1 (]: On model.dbt_pg_tutorial.stg_customers: BEGIN
[0m18:03:37.524823 [debug] [Thread-3 (]: Opening a new connection, currently in state init
[0m18:03:37.534363 [debug] [Thread-2 (]: Opening a new connection, currently in state init
[0m18:03:37.543939 [debug] [Thread-1 (]: Opening a new connection, currently in state init
[0m18:03:38.295481 [debug] [Thread-3 (]: SQL status: BEGIN in 0.769 seconds
[0m18:03:38.301995 [debug] [Thread-3 (]: Using postgres connection "model.dbt_pg_tutorial.stg_payments"
[0m18:03:38.309314 [debug] [Thread-3 (]: On model.dbt_pg_tutorial.stg_payments: /* {"app": "dbt", "dbt_version": "1.9.0", "profile_name": "dbt_pg_tutorial", "target_name": "dev", "node_id": "model.dbt_pg_tutorial.stg_payments"} */

  create view "dbt_tutorial"."analytics_staging"."stg_payments__dbt_tmp"
    
    
  as (
    

with source as (
    select * from "dbt_tutorial"."raw"."payments"
),
casted as (
    select
        id           as payment_id,
        order_id,
        lower(payment_method) as payment_method,
        amount::numeric(10,2) as amount,
        paid_at::timestamp    as paid_at
    from source
)
select * from casted
  );
[0m18:03:38.322811 [debug] [Thread-3 (]: Postgres adapter: Postgres error: relation "raw.payments" does not exist
LINE 10:     select * from "dbt_tutorial"."raw"."payments"
                           ^

[0m18:03:38.330731 [debug] [Thread-3 (]: On model.dbt_pg_tutorial.stg_payments: ROLLBACK
[0m18:03:38.342346 [debug] [Thread-3 (]: On model.dbt_pg_tutorial.stg_payments: Close
[0m18:03:38.363577 [debug] [Thread-2 (]: SQL status: BEGIN in 0.830 seconds
[0m18:03:38.370893 [debug] [Thread-2 (]: Using postgres connection "model.dbt_pg_tutorial.stg_orders"
[0m18:03:38.380402 [debug] [Thread-2 (]: On model.dbt_pg_tutorial.stg_orders: /* {"app": "dbt", "dbt_version": "1.9.0", "profile_name": "dbt_pg_tutorial", "target_name": "dev", "node_id": "model.dbt_pg_tutorial.stg_orders"} */

  create view "dbt_tutorial"."analytics_staging"."stg_orders__dbt_tmp"
    
    
  as (
    

with source as (
    select * from "dbt_tutorial"."raw"."orders"
),
casted as (
    select
        id           as order_id,
        user_id      as customer_id,
        order_date::timestamp as order_timestamp,
        lower(status) as status,
        total_amount::numeric(10,2) as total_amount
    from source
)
select * from casted
  );
[0m18:03:38.390640 [debug] [Thread-2 (]: Postgres adapter: Postgres error: relation "raw.orders" does not exist
LINE 10:     select * from "dbt_tutorial"."raw"."orders"
                           ^

[0m18:03:38.398251 [debug] [Thread-2 (]: On model.dbt_pg_tutorial.stg_orders: ROLLBACK
[0m18:03:38.409663 [debug] [Thread-2 (]: On model.dbt_pg_tutorial.stg_orders: Close
[0m18:03:38.434100 [debug] [Thread-1 (]: SQL status: BEGIN in 0.889 seconds
[0m18:03:38.440098 [debug] [Thread-1 (]: Using postgres connection "model.dbt_pg_tutorial.stg_customers"
[0m18:03:38.448932 [debug] [Thread-1 (]: On model.dbt_pg_tutorial.stg_customers: /* {"app": "dbt", "dbt_version": "1.9.0", "profile_name": "dbt_pg_tutorial", "target_name": "dev", "node_id": "model.dbt_pg_tutorial.stg_customers"} */

  create view "dbt_tutorial"."analytics_staging"."stg_customers__dbt_tmp"
    
    
  as (
    

with source as (
    select * from "dbt_tutorial"."raw"."customers"
),
renamed as (
    select
        id                as customer_id,
        lower(trim(first_name)) as first_name,
        lower(trim(last_name))  as last_name,
        lower(trim(email))      as email,
        created_at
    from source
)
select * from renamed
  );
[0m18:03:38.463450 [debug] [Thread-1 (]: Postgres adapter: Postgres error: relation "raw.customers" does not exist
LINE 10:     select * from "dbt_tutorial"."raw"."customers"
                           ^

[0m18:03:38.471202 [debug] [Thread-1 (]: On model.dbt_pg_tutorial.stg_customers: ROLLBACK
[0m18:03:38.483357 [debug] [Thread-1 (]: On model.dbt_pg_tutorial.stg_customers: Close
[0m18:03:38.519395 [debug] [Thread-3 (]: Database Error in model stg_payments (models\staging\stg_payments.sql)
  relation "raw.payments" does not exist
  LINE 10:     select * from "dbt_tutorial"."raw"."payments"
                             ^
  compiled code at target\run\dbt_pg_tutorial\models\staging\stg_payments.sql
[0m18:03:38.534445 [debug] [Thread-2 (]: Database Error in model stg_orders (models\staging\stg_orders.sql)
  relation "raw.orders" does not exist
  LINE 10:     select * from "dbt_tutorial"."raw"."orders"
                             ^
  compiled code at target\run\dbt_pg_tutorial\models\staging\stg_orders.sql
[0m18:03:38.566667 [debug] [Thread-1 (]: Database Error in model stg_customers (models\staging\stg_customers.sql)
  relation "raw.customers" does not exist
  LINE 10:     select * from "dbt_tutorial"."raw"."customers"
                             ^
  compiled code at target\run\dbt_pg_tutorial\models\staging\stg_customers.sql
[0m18:03:38.572243 [debug] [Thread-3 (]: Sending event: {'category': 'dbt', 'action': 'run_model', 'label': '26e3957c-0804-41d7-95b1-9a95a1260078', 'context': [<snowplow_tracker.self_describing_json.SelfDescribingJson object at 0x000001A8FCAC9370>]}
[0m18:03:38.575235 [debug] [Thread-2 (]: Sending event: {'category': 'dbt', 'action': 'run_model', 'label': '26e3957c-0804-41d7-95b1-9a95a1260078', 'context': [<snowplow_tracker.self_describing_json.SelfDescribingJson object at 0x000001A8FF352060>]}
[0m18:03:38.580242 [debug] [Thread-1 (]: Sending event: {'category': 'dbt', 'action': 'run_model', 'label': '26e3957c-0804-41d7-95b1-9a95a1260078', 'context': [<snowplow_tracker.self_describing_json.SelfDescribingJson object at 0x000001A8FF325B20>]}
[0m18:03:38.587242 [error] [Thread-3 (]: 3 of 8 ERROR creating sql view model analytics_staging.stg_payments ............ [[31mERROR[0m in 2.28s]
[0m18:03:38.596240 [error] [Thread-2 (]: 2 of 8 ERROR creating sql view model analytics_staging.stg_orders .............. [[31mERROR[0m in 2.30s]
[0m18:03:38.606292 [error] [Thread-1 (]: 1 of 8 ERROR creating sql view model analytics_staging.stg_customers ........... [[31mERROR[0m in 2.34s]
[0m18:03:38.614287 [debug] [Thread-3 (]: Finished running node model.dbt_pg_tutorial.stg_payments
[0m18:03:38.623871 [debug] [Thread-2 (]: Finished running node model.dbt_pg_tutorial.stg_orders
[0m18:03:38.630506 [debug] [Thread-1 (]: Finished running node model.dbt_pg_tutorial.stg_customers
[0m18:03:38.639567 [debug] [Thread-7 (]: Marking all children of 'model.dbt_pg_tutorial.stg_payments' to be skipped because of status 'error'.  Reason: Database Error in model stg_payments (models\staging\stg_payments.sql)
  relation "raw.payments" does not exist
  LINE 10:     select * from "dbt_tutorial"."raw"."payments"
                             ^
  compiled code at target\run\dbt_pg_tutorial\models\staging\stg_payments.sql.
[0m18:03:38.656714 [debug] [Thread-7 (]: Marking all children of 'model.dbt_pg_tutorial.stg_orders' to be skipped because of status 'error'.  Reason: Database Error in model stg_orders (models\staging\stg_orders.sql)
  relation "raw.orders" does not exist
  LINE 10:     select * from "dbt_tutorial"."raw"."orders"
                             ^
  compiled code at target\run\dbt_pg_tutorial\models\staging\stg_orders.sql.
[0m18:03:38.664612 [debug] [Thread-7 (]: Marking all children of 'model.dbt_pg_tutorial.stg_customers' to be skipped because of status 'error'.  Reason: Database Error in model stg_customers (models\staging\stg_customers.sql)
  relation "raw.customers" does not exist
  LINE 10:     select * from "dbt_tutorial"."raw"."customers"
                             ^
  compiled code at target\run\dbt_pg_tutorial\models\staging\stg_customers.sql.
[0m18:03:38.668227 [debug] [Thread-4 (]: Began running node model.dbt_pg_tutorial.int_order_payments
[0m18:03:38.677002 [debug] [Thread-2 (]: Began running node model.dbt_pg_tutorial.dim_customers
[0m18:03:38.681617 [info ] [Thread-4 (]: 4 of 8 SKIP relation analytics_intermediate.int_order_payments ................. [[33mSKIP[0m]
[0m18:03:38.689632 [info ] [Thread-2 (]: 5 of 8 SKIP relation analytics_marts.dim_customers ............................. [[33mSKIP[0m]
[0m18:03:38.697528 [debug] [Thread-4 (]: Finished running node model.dbt_pg_tutorial.int_order_payments
[0m18:03:38.702530 [debug] [Thread-2 (]: Finished running node model.dbt_pg_tutorial.dim_customers
[0m18:03:38.709615 [debug] [Thread-7 (]: Marking all children of 'model.dbt_pg_tutorial.int_order_payments' to be skipped because of status 'skipped'. 
[0m18:03:38.721517 [debug] [Thread-7 (]: Marking all children of 'model.dbt_pg_tutorial.dim_customers' to be skipped because of status 'skipped'. 
[0m18:03:38.726530 [debug] [Thread-3 (]: Began running node model.dbt_pg_tutorial.fct_orders
[0m18:03:38.734539 [debug] [Thread-4 (]: Began running node test.dbt_pg_tutorial.not_null_dim_customers_customer_id.dd91cd1c8d
[0m18:03:38.738729 [debug] [Thread-2 (]: Began running node test.dbt_pg_tutorial.unique_dim_customers_customer_id.15c9f1e2fd
[0m18:03:38.743717 [info ] [Thread-3 (]: 6 of 8 SKIP relation analytics_marts.fct_orders ................................ [[33mSKIP[0m]
[0m18:03:38.751128 [info ] [Thread-4 (]: 7 of 8 SKIP test not_null_dim_customers_customer_id ............................ [[33mSKIP[0m]
[0m18:03:38.757120 [info ] [Thread-2 (]: 8 of 8 SKIP test unique_dim_customers_customer_id .............................. [[33mSKIP[0m]
[0m18:03:38.764722 [debug] [Thread-3 (]: Finished running node model.dbt_pg_tutorial.fct_orders
[0m18:03:38.772340 [debug] [Thread-4 (]: Finished running node test.dbt_pg_tutorial.not_null_dim_customers_customer_id.dd91cd1c8d
[0m18:03:38.778342 [debug] [Thread-2 (]: Finished running node test.dbt_pg_tutorial.unique_dim_customers_customer_id.15c9f1e2fd
[0m18:03:38.784341 [debug] [Thread-7 (]: Marking all children of 'model.dbt_pg_tutorial.fct_orders' to be skipped because of status 'skipped'. 
[0m18:03:38.796343 [debug] [Thread-7 (]: Marking all children of 'test.dbt_pg_tutorial.not_null_dim_customers_customer_id.dd91cd1c8d' to be skipped because of status 'skipped'. 
[0m18:03:38.801337 [debug] [Thread-7 (]: Marking all children of 'test.dbt_pg_tutorial.unique_dim_customers_customer_id.15c9f1e2fd' to be skipped because of status 'skipped'. 
[0m18:03:38.816336 [debug] [MainThread]: Using postgres connection "master"
[0m18:03:38.821330 [debug] [MainThread]: On master: BEGIN
[0m18:03:38.826402 [debug] [MainThread]: Opening a new connection, currently in state closed
[0m18:03:39.312775 [debug] [MainThread]: SQL status: BEGIN in 0.486 seconds
[0m18:03:39.317769 [debug] [MainThread]: On master: COMMIT
[0m18:03:39.324004 [debug] [MainThread]: Using postgres connection "master"
[0m18:03:39.331756 [debug] [MainThread]: On master: COMMIT
[0m18:03:39.337660 [debug] [MainThread]: SQL status: COMMIT in 0.002 seconds
[0m18:03:39.343666 [debug] [MainThread]: On master: Close
[0m18:03:39.348714 [debug] [MainThread]: Connection 'master' was properly closed.
[0m18:03:39.352724 [debug] [MainThread]: Connection 'create_dbt_tutorial_analytics_marts' was properly closed.
[0m18:03:39.356814 [debug] [MainThread]: Connection 'create_dbt_tutorial_analytics_staging' was properly closed.
[0m18:03:39.360529 [debug] [MainThread]: Connection 'create_dbt_tutorial_analytics_intermediate' was properly closed.
[0m18:03:39.364526 [debug] [MainThread]: Connection 'list_dbt_tutorial_analytics_staging' was properly closed.
[0m18:03:39.367448 [debug] [MainThread]: Connection 'list_dbt_tutorial_analytics_intermediate' was properly closed.
[0m18:03:39.372636 [debug] [MainThread]: Connection 'list_dbt_tutorial_analytics_marts' was properly closed.
[0m18:03:39.376557 [debug] [MainThread]: Connection 'model.dbt_pg_tutorial.stg_customers' was properly closed.
[0m18:03:39.380336 [debug] [MainThread]: Connection 'model.dbt_pg_tutorial.stg_orders' was properly closed.
[0m18:03:39.386234 [debug] [MainThread]: Connection 'model.dbt_pg_tutorial.stg_payments' was properly closed.
[0m18:03:39.393240 [info ] [MainThread]: 
[0m18:03:39.401946 [info ] [MainThread]: Finished running 2 table models, 2 data tests, 4 view models in 0 hours 0 minutes and 9.11 seconds (9.11s).
[0m18:03:39.415036 [debug] [MainThread]: Command end result
[0m18:03:39.704796 [debug] [MainThread]: Wrote artifact WritableManifest to C:\Users\kashv\dbt_workspace\dbt_pg_tutorial\target\manifest.json
[0m18:03:39.745786 [debug] [MainThread]: Wrote artifact SemanticManifest to C:\Users\kashv\dbt_workspace\dbt_pg_tutorial\target\semantic_manifest.json
[0m18:03:39.840947 [debug] [MainThread]: Wrote artifact RunExecutionResult to C:\Users\kashv\dbt_workspace\dbt_pg_tutorial\target\run_results.json
[0m18:03:39.847530 [info ] [MainThread]: 
[0m18:03:39.857530 [info ] [MainThread]: [31mCompleted with 3 errors, 0 partial successes, and 0 warnings:[0m
[0m18:03:39.866108 [info ] [MainThread]: 
[0m18:03:39.875786 [error] [MainThread]:   Database Error in model stg_payments (models\staging\stg_payments.sql)
  relation "raw.payments" does not exist
  LINE 10:     select * from "dbt_tutorial"."raw"."payments"
                             ^
  compiled code at target\run\dbt_pg_tutorial\models\staging\stg_payments.sql
[0m18:03:39.884928 [info ] [MainThread]: 
[0m18:03:39.892285 [error] [MainThread]:   Database Error in model stg_orders (models\staging\stg_orders.sql)
  relation "raw.orders" does not exist
  LINE 10:     select * from "dbt_tutorial"."raw"."orders"
                             ^
  compiled code at target\run\dbt_pg_tutorial\models\staging\stg_orders.sql
[0m18:03:39.899394 [info ] [MainThread]: 
[0m18:03:39.908341 [error] [MainThread]:   Database Error in model stg_customers (models\staging\stg_customers.sql)
  relation "raw.customers" does not exist
  LINE 10:     select * from "dbt_tutorial"."raw"."customers"
                             ^
  compiled code at target\run\dbt_pg_tutorial\models\staging\stg_customers.sql
[0m18:03:39.917345 [info ] [MainThread]: 
[0m18:03:39.925363 [info ] [MainThread]: Done. PASS=0 WARN=0 ERROR=3 SKIP=5 TOTAL=8
[0m18:03:39.938331 [debug] [MainThread]: Command `dbt build` failed at 18:03:39.937332 after 22.19 seconds
[0m18:03:39.943333 [debug] [MainThread]: Sending event: {'category': 'dbt', 'action': 'invocation', 'label': 'end', 'context': [<snowplow_tracker.self_describing_json.SelfDescribingJson object at 0x000001A8FD17A180>, <snowplow_tracker.self_describing_json.SelfDescribingJson object at 0x000001A8FD17B110>, <snowplow_tracker.self_describing_json.SelfDescribingJson object at 0x000001A8FD17AF60>]}
[0m18:03:39.949334 [debug] [MainThread]: Flushing usage events
[0m18:03:39.970385 [debug] [MainThread]: An error was encountered while trying to flush usage events
[0m18:07:29.948422 [debug] [MainThread]: Sending event: {'category': 'dbt', 'action': 'invocation', 'label': 'start', 'context': [<snowplow_tracker.self_describing_json.SelfDescribingJson object at 0x0000015C65468590>, <snowplow_tracker.self_describing_json.SelfDescribingJson object at 0x0000015C65986000>, <snowplow_tracker.self_describing_json.SelfDescribingJson object at 0x0000015C65987FE0>]}


============================== 18:07:29.981053 | aac87a36-a87f-4a5e-a7dc-1fe5a9ca9e5a ==============================
[0m18:07:29.981053 [info ] [MainThread]: Running with dbt=1.9.0
[0m18:07:29.988964 [debug] [MainThread]: running dbt with arguments {'printer_width': '80', 'indirect_selection': 'eager', 'log_cache_events': 'False', 'write_json': 'True', 'partial_parse': 'True', 'cache_selected_only': 'False', 'warn_error': 'None', 'debug': 'False', 'version_check': 'True', 'log_path': 'C:\\Users\\kashv\\dbt_workspace\\dbt_pg_tutorial\\logs', 'profiles_dir': 'C:\\Users\\kashv\\.dbt', 'fail_fast': 'False', 'use_colors': 'True', 'use_experimental_parser': 'False', 'empty': 'False', 'quiet': 'False', 'no_print': 'None', 'warn_error_options': 'WarnErrorOptions(include=[], exclude=[])', 'invocation_command': 'dbt build', 'log_format': 'default', 'static_parser': 'True', 'target_path': 'None', 'introspect': 'True', 'send_anonymous_usage_stats': 'True'}
[0m18:07:31.545710 [debug] [MainThread]: Sending event: {'category': 'dbt', 'action': 'project_id', 'label': 'aac87a36-a87f-4a5e-a7dc-1fe5a9ca9e5a', 'context': [<snowplow_tracker.self_describing_json.SelfDescribingJson object at 0x0000015C6601ED50>]}
[0m18:07:31.998034 [debug] [MainThread]: Sending event: {'category': 'dbt', 'action': 'adapter_info', 'label': 'aac87a36-a87f-4a5e-a7dc-1fe5a9ca9e5a', 'context': [<snowplow_tracker.self_describing_json.SelfDescribingJson object at 0x0000015C66133800>]}
[0m18:07:32.009114 [info ] [MainThread]: Registered adapter: postgres=1.9.1
[0m18:07:35.534176 [debug] [MainThread]: checksum: c99e828bba267739642b5a3ce85f17518764ea526e0e6c4fdc649171c1a66bff, vars: {}, profile: , target: , version: 1.9.0
[0m18:07:37.386497 [debug] [MainThread]: Partial parsing enabled: 0 files deleted, 0 files added, 0 files changed.
[0m18:07:37.394519 [debug] [MainThread]: Partial parsing enabled, no changes found, skipping parsing
[0m18:07:37.717158 [debug] [MainThread]: Sending event: {'category': 'dbt', 'action': 'load_project', 'label': 'aac87a36-a87f-4a5e-a7dc-1fe5a9ca9e5a', 'context': [<snowplow_tracker.self_describing_json.SelfDescribingJson object at 0x0000015C6625C4A0>]}
[0m18:07:38.425623 [debug] [MainThread]: Wrote artifact WritableManifest to C:\Users\kashv\dbt_workspace\dbt_pg_tutorial\target\manifest.json
[0m18:07:38.574905 [debug] [MainThread]: Wrote artifact SemanticManifest to C:\Users\kashv\dbt_workspace\dbt_pg_tutorial\target\semantic_manifest.json
[0m18:07:39.022144 [debug] [MainThread]: Sending event: {'category': 'dbt', 'action': 'resource_counts', 'label': 'aac87a36-a87f-4a5e-a7dc-1fe5a9ca9e5a', 'context': [<snowplow_tracker.self_describing_json.SelfDescribingJson object at 0x0000015C674A9550>]}
[0m18:07:39.029199 [info ] [MainThread]: Found 6 models, 2 data tests, 3 sources, 434 macros
[0m18:07:39.051395 [info ] [MainThread]: 
[0m18:07:39.059385 [info ] [MainThread]: Concurrency: 4 threads (target='dev')
[0m18:07:39.067395 [info ] [MainThread]: 
[0m18:07:39.076411 [debug] [MainThread]: Acquiring new postgres connection 'master'
[0m18:07:39.119027 [debug] [ThreadPool]: Acquiring new postgres connection 'list_dbt_tutorial'
[0m18:07:39.133077 [debug] [ThreadPool]: Acquiring new postgres connection 'list_dbt_tutorial'
[0m18:07:39.163769 [debug] [ThreadPool]: Acquiring new postgres connection 'list_dbt_tutorial'
[0m18:07:40.228819 [debug] [ThreadPool]: Using postgres connection "list_dbt_tutorial"
[0m18:07:40.231771 [debug] [ThreadPool]: Using postgres connection "list_dbt_tutorial"
[0m18:07:40.235760 [debug] [ThreadPool]: Using postgres connection "list_dbt_tutorial"
[0m18:07:40.239595 [debug] [ThreadPool]: On list_dbt_tutorial: /* {"app": "dbt", "dbt_version": "1.9.0", "profile_name": "dbt_pg_tutorial", "target_name": "dev", "connection_name": "list_dbt_tutorial"} */

    select distinct nspname from pg_namespace
  
[0m18:07:40.245551 [debug] [ThreadPool]: On list_dbt_tutorial: /* {"app": "dbt", "dbt_version": "1.9.0", "profile_name": "dbt_pg_tutorial", "target_name": "dev", "connection_name": "list_dbt_tutorial"} */

    select distinct nspname from pg_namespace
  
[0m18:07:40.251428 [debug] [ThreadPool]: On list_dbt_tutorial: /* {"app": "dbt", "dbt_version": "1.9.0", "profile_name": "dbt_pg_tutorial", "target_name": "dev", "connection_name": "list_dbt_tutorial"} */

    select distinct nspname from pg_namespace
  
[0m18:07:40.256337 [debug] [ThreadPool]: Opening a new connection, currently in state init
[0m18:07:40.262415 [debug] [ThreadPool]: Opening a new connection, currently in state init
[0m18:07:40.268424 [debug] [ThreadPool]: Opening a new connection, currently in state init
[0m18:07:40.945495 [debug] [ThreadPool]: SQL status: SELECT 9 in 0.693 seconds
[0m18:07:40.957806 [debug] [ThreadPool]: On list_dbt_tutorial: Close
[0m18:07:40.957806 [debug] [ThreadPool]: SQL status: SELECT 9 in 0.703 seconds
[0m18:07:40.979774 [debug] [ThreadPool]: On list_dbt_tutorial: Close
[0m18:07:40.979774 [debug] [ThreadPool]: SQL status: SELECT 9 in 0.715 seconds
[0m18:07:40.988041 [debug] [ThreadPool]: On list_dbt_tutorial: Close
[0m18:07:41.019247 [debug] [ThreadPool]: Acquiring new postgres connection 'list_dbt_tutorial_analytics_marts'
[0m18:07:41.019596 [debug] [ThreadPool]: Acquiring new postgres connection 'list_dbt_tutorial_analytics_intermediate'
[0m18:07:41.019596 [debug] [ThreadPool]: Acquiring new postgres connection 'list_dbt_tutorial_analytics_staging'
[0m18:07:41.067577 [debug] [ThreadPool]: Using postgres connection "list_dbt_tutorial_analytics_marts"
[0m18:07:41.083767 [debug] [ThreadPool]: Using postgres connection "list_dbt_tutorial_analytics_intermediate"
[0m18:07:41.100436 [debug] [ThreadPool]: Using postgres connection "list_dbt_tutorial_analytics_staging"
[0m18:07:41.100436 [debug] [ThreadPool]: On list_dbt_tutorial_analytics_marts: BEGIN
[0m18:07:41.115634 [debug] [ThreadPool]: On list_dbt_tutorial_analytics_intermediate: BEGIN
[0m18:07:41.115634 [debug] [ThreadPool]: On list_dbt_tutorial_analytics_staging: BEGIN
[0m18:07:41.115634 [debug] [ThreadPool]: Opening a new connection, currently in state init
[0m18:07:41.115634 [debug] [ThreadPool]: Opening a new connection, currently in state init
[0m18:07:41.131750 [debug] [ThreadPool]: Opening a new connection, currently in state init
[0m18:07:41.637859 [debug] [ThreadPool]: SQL status: BEGIN in 0.511 seconds
[0m18:07:41.642946 [debug] [ThreadPool]: Using postgres connection "list_dbt_tutorial_analytics_marts"
[0m18:07:41.647599 [debug] [ThreadPool]: On list_dbt_tutorial_analytics_marts: /* {"app": "dbt", "dbt_version": "1.9.0", "profile_name": "dbt_pg_tutorial", "target_name": "dev", "connection_name": "list_dbt_tutorial_analytics_marts"} */
select
      'dbt_tutorial' as database,
      tablename as name,
      schemaname as schema,
      'table' as type
    from pg_tables
    where schemaname ilike 'analytics_marts'
    union all
    select
      'dbt_tutorial' as database,
      viewname as name,
      schemaname as schema,
      'view' as type
    from pg_views
    where schemaname ilike 'analytics_marts'
    union all
    select
      'dbt_tutorial' as database,
      matviewname as name,
      schemaname as schema,
      'materialized_view' as type
    from pg_matviews
    where schemaname ilike 'analytics_marts'
  
[0m18:07:41.687067 [debug] [ThreadPool]: SQL status: SELECT 0 in 0.035 seconds
[0m18:07:41.698061 [debug] [ThreadPool]: On list_dbt_tutorial_analytics_marts: ROLLBACK
[0m18:07:41.705064 [debug] [ThreadPool]: On list_dbt_tutorial_analytics_marts: Close
[0m18:07:41.714060 [debug] [ThreadPool]: SQL status: BEGIN in 0.583 seconds
[0m18:07:41.719063 [debug] [ThreadPool]: Using postgres connection "list_dbt_tutorial_analytics_intermediate"
[0m18:07:41.726064 [debug] [ThreadPool]: On list_dbt_tutorial_analytics_intermediate: /* {"app": "dbt", "dbt_version": "1.9.0", "profile_name": "dbt_pg_tutorial", "target_name": "dev", "connection_name": "list_dbt_tutorial_analytics_intermediate"} */
select
      'dbt_tutorial' as database,
      tablename as name,
      schemaname as schema,
      'table' as type
    from pg_tables
    where schemaname ilike 'analytics_intermediate'
    union all
    select
      'dbt_tutorial' as database,
      viewname as name,
      schemaname as schema,
      'view' as type
    from pg_views
    where schemaname ilike 'analytics_intermediate'
    union all
    select
      'dbt_tutorial' as database,
      matviewname as name,
      schemaname as schema,
      'materialized_view' as type
    from pg_matviews
    where schemaname ilike 'analytics_intermediate'
  
[0m18:07:41.766143 [debug] [ThreadPool]: SQL status: SELECT 0 in 0.033 seconds
[0m18:07:41.777075 [debug] [ThreadPool]: On list_dbt_tutorial_analytics_intermediate: ROLLBACK
[0m18:07:41.783076 [debug] [ThreadPool]: On list_dbt_tutorial_analytics_intermediate: Close
[0m18:07:41.825076 [debug] [ThreadPool]: SQL status: BEGIN in 0.690 seconds
[0m18:07:41.830070 [debug] [ThreadPool]: Using postgres connection "list_dbt_tutorial_analytics_staging"
[0m18:07:41.834203 [debug] [ThreadPool]: On list_dbt_tutorial_analytics_staging: /* {"app": "dbt", "dbt_version": "1.9.0", "profile_name": "dbt_pg_tutorial", "target_name": "dev", "connection_name": "list_dbt_tutorial_analytics_staging"} */
select
      'dbt_tutorial' as database,
      tablename as name,
      schemaname as schema,
      'table' as type
    from pg_tables
    where schemaname ilike 'analytics_staging'
    union all
    select
      'dbt_tutorial' as database,
      viewname as name,
      schemaname as schema,
      'view' as type
    from pg_views
    where schemaname ilike 'analytics_staging'
    union all
    select
      'dbt_tutorial' as database,
      matviewname as name,
      schemaname as schema,
      'materialized_view' as type
    from pg_matviews
    where schemaname ilike 'analytics_staging'
  
[0m18:07:41.864999 [debug] [ThreadPool]: SQL status: SELECT 0 in 0.026 seconds
[0m18:07:41.875996 [debug] [ThreadPool]: On list_dbt_tutorial_analytics_staging: ROLLBACK
[0m18:07:41.881997 [debug] [ThreadPool]: On list_dbt_tutorial_analytics_staging: Close
[0m18:07:41.922248 [debug] [MainThread]: Using postgres connection "master"
[0m18:07:41.927245 [debug] [MainThread]: On master: BEGIN
[0m18:07:41.930907 [debug] [MainThread]: Opening a new connection, currently in state init
[0m18:07:42.395770 [debug] [MainThread]: SQL status: BEGIN in 0.465 seconds
[0m18:07:42.400765 [debug] [MainThread]: Using postgres connection "master"
[0m18:07:42.406774 [debug] [MainThread]: On master: /* {"app": "dbt", "dbt_version": "1.9.0", "profile_name": "dbt_pg_tutorial", "target_name": "dev", "connection_name": "master"} */
select distinct
        dependent_namespace.nspname as dependent_schema,
        dependent_class.relname as dependent_name,
        referenced_namespace.nspname as referenced_schema,
        referenced_class.relname as referenced_name

    -- Query for views: views are entries in pg_class with an entry in pg_rewrite, but we avoid
    -- a seq scan on pg_rewrite by leveraging the fact there is an "internal" row in pg_depend for
    -- the view...
    from pg_class as dependent_class
    join pg_namespace as dependent_namespace on dependent_namespace.oid = dependent_class.relnamespace
    join pg_depend as dependent_depend on dependent_depend.refobjid = dependent_class.oid
        and dependent_depend.classid = 'pg_rewrite'::regclass
        and dependent_depend.refclassid = 'pg_class'::regclass
        and dependent_depend.deptype = 'i'

    -- ... and via pg_depend (that has a row per column, hence the need for "distinct" above, and
    -- making sure to exclude the internal row to avoid a view appearing to depend on itself)...
    join pg_depend as joining_depend on joining_depend.objid = dependent_depend.objid
        and joining_depend.classid = 'pg_rewrite'::regclass
        and joining_depend.refclassid = 'pg_class'::regclass
        and joining_depend.refobjid != dependent_depend.refobjid

    -- ... we can find the tables they query from in pg_class, but excluding system tables. Note we
    -- don't need need to exclude _dependent_ system tables, because they only query from other
    -- system tables, and so are automatically excluded by excluding _referenced_ system tables
    join pg_class as referenced_class on referenced_class.oid = joining_depend.refobjid
    join pg_namespace as referenced_namespace on referenced_namespace.oid = referenced_class.relnamespace
        and referenced_namespace.nspname != 'information_schema'
        and referenced_namespace.nspname not like 'pg\_%'

    order by
        dependent_schema, dependent_name, referenced_schema, referenced_name;
[0m18:07:42.440833 [debug] [MainThread]: SQL status: SELECT 0 in 0.029 seconds
[0m18:07:42.451469 [debug] [MainThread]: Sending event: {'category': 'dbt', 'action': 'runnable_timing', 'label': 'aac87a36-a87f-4a5e-a7dc-1fe5a9ca9e5a', 'context': [<snowplow_tracker.self_describing_json.SelfDescribingJson object at 0x0000015C661A36E0>]}
[0m18:07:42.456618 [debug] [MainThread]: On master: ROLLBACK
[0m18:07:42.463613 [debug] [MainThread]: Using postgres connection "master"
[0m18:07:42.467626 [debug] [MainThread]: On master: BEGIN
[0m18:07:42.475615 [debug] [MainThread]: SQL status: BEGIN in 0.003 seconds
[0m18:07:42.480616 [debug] [MainThread]: On master: COMMIT
[0m18:07:42.484616 [debug] [MainThread]: Using postgres connection "master"
[0m18:07:42.488636 [debug] [MainThread]: On master: COMMIT
[0m18:07:42.495668 [debug] [MainThread]: SQL status: COMMIT in 0.002 seconds
[0m18:07:42.500637 [debug] [MainThread]: On master: Close
[0m18:07:42.526616 [debug] [Thread-1 (]: Began running node model.dbt_pg_tutorial.stg_customers
[0m18:07:42.530619 [debug] [Thread-2 (]: Began running node model.dbt_pg_tutorial.stg_orders
[0m18:07:42.532624 [debug] [Thread-3 (]: Began running node model.dbt_pg_tutorial.stg_payments
[0m18:07:42.537813 [info ] [Thread-1 (]: 1 of 8 START sql view model analytics_staging.stg_customers .................... [RUN]
[0m18:07:42.544811 [info ] [Thread-2 (]: 2 of 8 START sql view model analytics_staging.stg_orders ....................... [RUN]
[0m18:07:42.552406 [info ] [Thread-3 (]: 3 of 8 START sql view model analytics_staging.stg_payments ..................... [RUN]
[0m18:07:42.558561 [debug] [Thread-1 (]: Acquiring new postgres connection 'model.dbt_pg_tutorial.stg_customers'
[0m18:07:42.565453 [debug] [Thread-2 (]: Acquiring new postgres connection 'model.dbt_pg_tutorial.stg_orders'
[0m18:07:42.573549 [debug] [Thread-3 (]: Acquiring new postgres connection 'model.dbt_pg_tutorial.stg_payments'
[0m18:07:42.579550 [debug] [Thread-1 (]: Began compiling node model.dbt_pg_tutorial.stg_customers
[0m18:07:42.585609 [debug] [Thread-2 (]: Began compiling node model.dbt_pg_tutorial.stg_orders
[0m18:07:42.590566 [debug] [Thread-3 (]: Began compiling node model.dbt_pg_tutorial.stg_payments
[0m18:07:42.644979 [debug] [Thread-1 (]: Writing injected SQL for node "model.dbt_pg_tutorial.stg_customers"
[0m18:07:42.668716 [debug] [Thread-2 (]: Writing injected SQL for node "model.dbt_pg_tutorial.stg_orders"
[0m18:07:42.691581 [debug] [Thread-3 (]: Writing injected SQL for node "model.dbt_pg_tutorial.stg_payments"
[0m18:07:42.786191 [debug] [Thread-1 (]: Began executing node model.dbt_pg_tutorial.stg_customers
[0m18:07:42.790195 [debug] [Thread-2 (]: Began executing node model.dbt_pg_tutorial.stg_orders
[0m18:07:42.793189 [debug] [Thread-3 (]: Began executing node model.dbt_pg_tutorial.stg_payments
[0m18:07:43.333396 [debug] [Thread-3 (]: Writing runtime sql for node "model.dbt_pg_tutorial.stg_payments"
[0m18:07:43.344540 [debug] [Thread-1 (]: Writing runtime sql for node "model.dbt_pg_tutorial.stg_customers"
[0m18:07:43.357357 [debug] [Thread-2 (]: Writing runtime sql for node "model.dbt_pg_tutorial.stg_orders"
[0m18:07:43.442256 [debug] [Thread-1 (]: Using postgres connection "model.dbt_pg_tutorial.stg_customers"
[0m18:07:43.445807 [debug] [Thread-3 (]: Using postgres connection "model.dbt_pg_tutorial.stg_payments"
[0m18:07:43.449154 [debug] [Thread-2 (]: Using postgres connection "model.dbt_pg_tutorial.stg_orders"
[0m18:07:43.455234 [debug] [Thread-1 (]: On model.dbt_pg_tutorial.stg_customers: BEGIN
[0m18:07:43.460186 [debug] [Thread-3 (]: On model.dbt_pg_tutorial.stg_payments: BEGIN
[0m18:07:43.466233 [debug] [Thread-2 (]: On model.dbt_pg_tutorial.stg_orders: BEGIN
[0m18:07:43.471091 [debug] [Thread-1 (]: Opening a new connection, currently in state init
[0m18:07:43.476176 [debug] [Thread-3 (]: Opening a new connection, currently in state init
[0m18:07:43.481082 [debug] [Thread-2 (]: Opening a new connection, currently in state init
[0m18:07:44.081902 [debug] [Thread-1 (]: SQL status: BEGIN in 0.610 seconds
[0m18:07:44.087033 [debug] [Thread-1 (]: Using postgres connection "model.dbt_pg_tutorial.stg_customers"
[0m18:07:44.094186 [debug] [Thread-1 (]: On model.dbt_pg_tutorial.stg_customers: /* {"app": "dbt", "dbt_version": "1.9.0", "profile_name": "dbt_pg_tutorial", "target_name": "dev", "node_id": "model.dbt_pg_tutorial.stg_customers"} */

  create view "dbt_tutorial"."analytics_staging"."stg_customers__dbt_tmp"
    
    
  as (
    

with source as (
    select * from "dbt_tutorial"."raw"."customers"
),
renamed as (
    select
        id                as customer_id,
        lower(trim(first_name)) as first_name,
        lower(trim(last_name))  as last_name,
        lower(trim(email))      as email,
        created_at
    from source
)
select * from renamed
  );
[0m18:07:44.133134 [debug] [Thread-1 (]: SQL status: CREATE VIEW in 0.031 seconds
[0m18:07:44.179225 [debug] [Thread-1 (]: Using postgres connection "model.dbt_pg_tutorial.stg_customers"
[0m18:07:44.186221 [debug] [Thread-1 (]: On model.dbt_pg_tutorial.stg_customers: /* {"app": "dbt", "dbt_version": "1.9.0", "profile_name": "dbt_pg_tutorial", "target_name": "dev", "node_id": "model.dbt_pg_tutorial.stg_customers"} */
alter table "dbt_tutorial"."analytics_staging"."stg_customers__dbt_tmp" rename to "stg_customers"
[0m18:07:44.190222 [debug] [Thread-3 (]: SQL status: BEGIN in 0.713 seconds
[0m18:07:44.199213 [debug] [Thread-1 (]: SQL status: ALTER TABLE in 0.004 seconds
[0m18:07:44.203441 [debug] [Thread-3 (]: Using postgres connection "model.dbt_pg_tutorial.stg_payments"
[0m18:07:44.207350 [debug] [Thread-2 (]: SQL status: BEGIN in 0.726 seconds
[0m18:07:44.308690 [debug] [Thread-3 (]: On model.dbt_pg_tutorial.stg_payments: /* {"app": "dbt", "dbt_version": "1.9.0", "profile_name": "dbt_pg_tutorial", "target_name": "dev", "node_id": "model.dbt_pg_tutorial.stg_payments"} */

  create view "dbt_tutorial"."analytics_staging"."stg_payments__dbt_tmp"
    
    
  as (
    

with source as (
    select * from "dbt_tutorial"."raw"."payments"
),
casted as (
    select
        id           as payment_id,
        order_id,
        lower(payment_method) as payment_method,
        amount::numeric(10,2) as amount,
        paid_at::timestamp    as paid_at
    from source
)
select * from casted
  );
[0m18:07:44.331680 [debug] [Thread-1 (]: On model.dbt_pg_tutorial.stg_customers: COMMIT
[0m18:07:44.338692 [debug] [Thread-2 (]: Using postgres connection "model.dbt_pg_tutorial.stg_orders"
[0m18:07:44.349524 [debug] [Thread-1 (]: Using postgres connection "model.dbt_pg_tutorial.stg_customers"
[0m18:07:44.356076 [debug] [Thread-2 (]: On model.dbt_pg_tutorial.stg_orders: /* {"app": "dbt", "dbt_version": "1.9.0", "profile_name": "dbt_pg_tutorial", "target_name": "dev", "node_id": "model.dbt_pg_tutorial.stg_orders"} */

  create view "dbt_tutorial"."analytics_staging"."stg_orders__dbt_tmp"
    
    
  as (
    

with source as (
    select * from "dbt_tutorial"."raw"."orders"
),
casted as (
    select
        id           as order_id,
        user_id      as customer_id,
        order_date::timestamp as order_timestamp,
        lower(status) as status,
        total_amount::numeric(10,2) as total_amount
    from source
)
select * from casted
  );
[0m18:07:44.364117 [debug] [Thread-1 (]: On model.dbt_pg_tutorial.stg_customers: COMMIT
[0m18:07:44.369136 [debug] [Thread-3 (]: SQL status: CREATE VIEW in 0.023 seconds
[0m18:07:44.400797 [debug] [Thread-1 (]: SQL status: COMMIT in 0.022 seconds
[0m18:07:44.409309 [debug] [Thread-3 (]: Using postgres connection "model.dbt_pg_tutorial.stg_payments"
[0m18:07:44.411922 [debug] [Thread-2 (]: SQL status: CREATE VIEW in 0.039 seconds
[0m18:07:44.463188 [debug] [Thread-1 (]: Applying DROP to: "dbt_tutorial"."analytics_staging"."stg_customers__dbt_backup"
[0m18:07:44.467166 [debug] [Thread-3 (]: On model.dbt_pg_tutorial.stg_payments: /* {"app": "dbt", "dbt_version": "1.9.0", "profile_name": "dbt_pg_tutorial", "target_name": "dev", "node_id": "model.dbt_pg_tutorial.stg_payments"} */
alter table "dbt_tutorial"."analytics_staging"."stg_payments__dbt_tmp" rename to "stg_payments"
[0m18:07:44.490567 [debug] [Thread-2 (]: Using postgres connection "model.dbt_pg_tutorial.stg_orders"
[0m18:07:44.535939 [debug] [Thread-1 (]: Using postgres connection "model.dbt_pg_tutorial.stg_customers"
[0m18:07:44.544113 [debug] [Thread-2 (]: On model.dbt_pg_tutorial.stg_orders: /* {"app": "dbt", "dbt_version": "1.9.0", "profile_name": "dbt_pg_tutorial", "target_name": "dev", "node_id": "model.dbt_pg_tutorial.stg_orders"} */
alter table "dbt_tutorial"."analytics_staging"."stg_orders__dbt_tmp" rename to "stg_orders"
[0m18:07:44.547112 [debug] [Thread-3 (]: SQL status: ALTER TABLE in 0.007 seconds
[0m18:07:44.552120 [debug] [Thread-1 (]: On model.dbt_pg_tutorial.stg_customers: /* {"app": "dbt", "dbt_version": "1.9.0", "profile_name": "dbt_pg_tutorial", "target_name": "dev", "node_id": "model.dbt_pg_tutorial.stg_customers"} */
drop view if exists "dbt_tutorial"."analytics_staging"."stg_customers__dbt_backup" cascade
[0m18:07:44.561742 [debug] [Thread-2 (]: SQL status: ALTER TABLE in 0.004 seconds
[0m18:07:44.573764 [debug] [Thread-3 (]: On model.dbt_pg_tutorial.stg_payments: COMMIT
[0m18:07:44.582365 [debug] [Thread-1 (]: SQL status: DROP VIEW in 0.002 seconds
[0m18:07:44.595560 [debug] [Thread-2 (]: On model.dbt_pg_tutorial.stg_orders: COMMIT
[0m18:07:44.601204 [debug] [Thread-3 (]: Using postgres connection "model.dbt_pg_tutorial.stg_payments"
[0m18:07:44.621972 [debug] [Thread-1 (]: On model.dbt_pg_tutorial.stg_customers: Close
[0m18:07:44.626445 [debug] [Thread-2 (]: Using postgres connection "model.dbt_pg_tutorial.stg_orders"
[0m18:07:44.632456 [debug] [Thread-3 (]: On model.dbt_pg_tutorial.stg_payments: COMMIT
[0m18:07:44.649501 [debug] [Thread-2 (]: On model.dbt_pg_tutorial.stg_orders: COMMIT
[0m18:07:44.653504 [debug] [Thread-1 (]: Sending event: {'category': 'dbt', 'action': 'run_model', 'label': 'aac87a36-a87f-4a5e-a7dc-1fe5a9ca9e5a', 'context': [<snowplow_tracker.self_describing_json.SelfDescribingJson object at 0x0000015C6317FA70>]}
[0m18:07:44.664081 [debug] [Thread-3 (]: SQL status: COMMIT in 0.004 seconds
[0m18:07:44.677834 [debug] [Thread-2 (]: SQL status: COMMIT in 0.010 seconds
[0m18:07:44.673837 [info ] [Thread-1 (]: 1 of 8 OK created sql view model analytics_staging.stg_customers ............... [[32mCREATE VIEW[0m in 2.08s]
[0m18:07:44.703603 [debug] [Thread-3 (]: Applying DROP to: "dbt_tutorial"."analytics_staging"."stg_payments__dbt_backup"
[0m18:07:44.721773 [debug] [Thread-2 (]: Applying DROP to: "dbt_tutorial"."analytics_staging"."stg_orders__dbt_backup"
[0m18:07:44.729772 [debug] [Thread-1 (]: Finished running node model.dbt_pg_tutorial.stg_customers
[0m18:07:44.737775 [debug] [Thread-3 (]: Using postgres connection "model.dbt_pg_tutorial.stg_payments"
[0m18:07:44.745292 [debug] [Thread-2 (]: Using postgres connection "model.dbt_pg_tutorial.stg_orders"
[0m18:07:44.752879 [debug] [Thread-4 (]: Began running node model.dbt_pg_tutorial.dim_customers
[0m18:07:44.757524 [debug] [Thread-3 (]: On model.dbt_pg_tutorial.stg_payments: /* {"app": "dbt", "dbt_version": "1.9.0", "profile_name": "dbt_pg_tutorial", "target_name": "dev", "node_id": "model.dbt_pg_tutorial.stg_payments"} */
drop view if exists "dbt_tutorial"."analytics_staging"."stg_payments__dbt_backup" cascade
[0m18:07:44.762537 [debug] [Thread-2 (]: On model.dbt_pg_tutorial.stg_orders: /* {"app": "dbt", "dbt_version": "1.9.0", "profile_name": "dbt_pg_tutorial", "target_name": "dev", "node_id": "model.dbt_pg_tutorial.stg_orders"} */
drop view if exists "dbt_tutorial"."analytics_staging"."stg_orders__dbt_backup" cascade
[0m18:07:44.767094 [info ] [Thread-4 (]: 4 of 8 START sql table model analytics_marts.dim_customers ..................... [RUN]
[0m18:07:44.776108 [debug] [Thread-3 (]: SQL status: DROP VIEW in 0.002 seconds
[0m18:07:44.781122 [debug] [Thread-2 (]: SQL status: DROP VIEW in 0.002 seconds
[0m18:07:44.785099 [debug] [Thread-4 (]: Acquiring new postgres connection 'model.dbt_pg_tutorial.dim_customers'
[0m18:07:44.798093 [debug] [Thread-3 (]: On model.dbt_pg_tutorial.stg_payments: Close
[0m18:07:44.811542 [debug] [Thread-2 (]: On model.dbt_pg_tutorial.stg_orders: Close
[0m18:07:44.817550 [debug] [Thread-4 (]: Began compiling node model.dbt_pg_tutorial.dim_customers
[0m18:07:44.825046 [debug] [Thread-3 (]: Sending event: {'category': 'dbt', 'action': 'run_model', 'label': 'aac87a36-a87f-4a5e-a7dc-1fe5a9ca9e5a', 'context': [<snowplow_tracker.self_describing_json.SelfDescribingJson object at 0x0000015C67D6FC20>]}
[0m18:07:44.832701 [debug] [Thread-2 (]: Sending event: {'category': 'dbt', 'action': 'run_model', 'label': 'aac87a36-a87f-4a5e-a7dc-1fe5a9ca9e5a', 'context': [<snowplow_tracker.self_describing_json.SelfDescribingJson object at 0x0000015C67D4F320>]}
[0m18:07:44.864075 [debug] [Thread-4 (]: Writing injected SQL for node "model.dbt_pg_tutorial.dim_customers"
[0m18:07:44.870431 [info ] [Thread-3 (]: 3 of 8 OK created sql view model analytics_staging.stg_payments ................ [[32mCREATE VIEW[0m in 2.25s]
[0m18:07:44.880438 [info ] [Thread-2 (]: 2 of 8 OK created sql view model analytics_staging.stg_orders .................. [[32mCREATE VIEW[0m in 2.27s]
[0m18:07:44.891429 [debug] [Thread-3 (]: Finished running node model.dbt_pg_tutorial.stg_payments
[0m18:07:44.899541 [debug] [Thread-2 (]: Finished running node model.dbt_pg_tutorial.stg_orders
[0m18:07:44.909556 [debug] [Thread-1 (]: Began running node model.dbt_pg_tutorial.int_order_payments
[0m18:07:44.917969 [info ] [Thread-1 (]: 5 of 8 START sql view model analytics_intermediate.int_order_payments .......... [RUN]
[0m18:07:44.924977 [debug] [Thread-1 (]: Re-using an available connection from the pool (formerly model.dbt_pg_tutorial.stg_customers, now model.dbt_pg_tutorial.int_order_payments)
[0m18:07:44.930983 [debug] [Thread-1 (]: Began compiling node model.dbt_pg_tutorial.int_order_payments
[0m18:07:44.958739 [debug] [Thread-4 (]: Began executing node model.dbt_pg_tutorial.dim_customers
[0m18:07:44.955118 [debug] [Thread-1 (]: Writing injected SQL for node "model.dbt_pg_tutorial.int_order_payments"
[0m18:07:45.123706 [debug] [Thread-4 (]: Writing runtime sql for node "model.dbt_pg_tutorial.dim_customers"
[0m18:07:45.144617 [debug] [Thread-1 (]: Began executing node model.dbt_pg_tutorial.int_order_payments
[0m18:07:45.168923 [debug] [Thread-1 (]: Writing runtime sql for node "model.dbt_pg_tutorial.int_order_payments"
[0m18:07:45.191347 [debug] [Thread-4 (]: Using postgres connection "model.dbt_pg_tutorial.dim_customers"
[0m18:07:45.197332 [debug] [Thread-4 (]: On model.dbt_pg_tutorial.dim_customers: BEGIN
[0m18:07:45.202400 [debug] [Thread-4 (]: Opening a new connection, currently in state init
[0m18:07:45.221343 [debug] [Thread-1 (]: Using postgres connection "model.dbt_pg_tutorial.int_order_payments"
[0m18:07:45.225908 [debug] [Thread-1 (]: On model.dbt_pg_tutorial.int_order_payments: BEGIN
[0m18:07:45.231016 [debug] [Thread-1 (]: Opening a new connection, currently in state closed
[0m18:07:45.736622 [debug] [Thread-4 (]: SQL status: BEGIN in 0.533 seconds
[0m18:07:45.741500 [debug] [Thread-4 (]: Using postgres connection "model.dbt_pg_tutorial.dim_customers"
[0m18:07:45.746638 [debug] [Thread-4 (]: On model.dbt_pg_tutorial.dim_customers: /* {"app": "dbt", "dbt_version": "1.9.0", "profile_name": "dbt_pg_tutorial", "target_name": "dev", "node_id": "model.dbt_pg_tutorial.dim_customers"} */

  
    

  create  table "dbt_tutorial"."analytics_marts"."dim_customers__dbt_tmp"
  
  
    as
  
  (
    

select
    c.customer_id,
    initcap(c.first_name) as first_name,
    initcap(c.last_name)  as last_name,
    c.email,
    c.created_at
from "dbt_tutorial"."analytics_staging"."stg_customers" c
  );
  
[0m18:07:45.756651 [debug] [Thread-1 (]: SQL status: BEGIN in 0.526 seconds
[0m18:07:45.762491 [debug] [Thread-1 (]: Using postgres connection "model.dbt_pg_tutorial.int_order_payments"
[0m18:07:45.765502 [debug] [Thread-4 (]: Postgres adapter: Postgres error: permission denied for table customers

[0m18:07:45.770500 [debug] [Thread-1 (]: On model.dbt_pg_tutorial.int_order_payments: /* {"app": "dbt", "dbt_version": "1.9.0", "profile_name": "dbt_pg_tutorial", "target_name": "dev", "node_id": "model.dbt_pg_tutorial.int_order_payments"} */

  create view "dbt_tutorial"."analytics_intermediate"."int_order_payments__dbt_tmp"
    
    
  as (
    

with payments as (
    select
        order_id,
        sum(amount) as total_paid,
        count(*)    as payment_count
    from "dbt_tutorial"."analytics_staging"."stg_payments"
    group by 1
)

select
    o.order_id,
    o.customer_id,
    o.order_timestamp,
    o.status,
    o.total_amount,
    coalesce(p.total_paid, 0)   as total_paid,
    coalesce(p.payment_count, 0) as payment_count,
    (o.total_amount - coalesce(p.total_paid, 0)) as outstanding_amount
from "dbt_tutorial"."analytics_staging"."stg_orders" o
left join payments p on o.order_id = p.order_id
  );
[0m18:07:45.775495 [debug] [Thread-4 (]: On model.dbt_pg_tutorial.dim_customers: ROLLBACK
[0m18:07:45.784514 [debug] [Thread-4 (]: On model.dbt_pg_tutorial.dim_customers: Close
[0m18:07:45.813759 [debug] [Thread-1 (]: SQL status: CREATE VIEW in 0.034 seconds
[0m18:07:45.837124 [debug] [Thread-1 (]: Using postgres connection "model.dbt_pg_tutorial.int_order_payments"
[0m18:07:45.842127 [debug] [Thread-1 (]: On model.dbt_pg_tutorial.int_order_payments: /* {"app": "dbt", "dbt_version": "1.9.0", "profile_name": "dbt_pg_tutorial", "target_name": "dev", "node_id": "model.dbt_pg_tutorial.int_order_payments"} */
alter table "dbt_tutorial"."analytics_intermediate"."int_order_payments__dbt_tmp" rename to "int_order_payments"
[0m18:07:45.851284 [debug] [Thread-1 (]: SQL status: ALTER TABLE in 0.004 seconds
[0m18:07:45.864563 [debug] [Thread-1 (]: On model.dbt_pg_tutorial.int_order_payments: COMMIT
[0m18:07:45.869886 [debug] [Thread-1 (]: Using postgres connection "model.dbt_pg_tutorial.int_order_payments"
[0m18:07:45.874897 [debug] [Thread-1 (]: On model.dbt_pg_tutorial.int_order_payments: COMMIT
[0m18:07:45.884964 [debug] [Thread-1 (]: SQL status: COMMIT in 0.005 seconds
[0m18:07:45.902213 [debug] [Thread-1 (]: Applying DROP to: "dbt_tutorial"."analytics_intermediate"."int_order_payments__dbt_backup"
[0m18:07:45.910174 [debug] [Thread-1 (]: Using postgres connection "model.dbt_pg_tutorial.int_order_payments"
[0m18:07:45.916425 [debug] [Thread-1 (]: On model.dbt_pg_tutorial.int_order_payments: /* {"app": "dbt", "dbt_version": "1.9.0", "profile_name": "dbt_pg_tutorial", "target_name": "dev", "node_id": "model.dbt_pg_tutorial.int_order_payments"} */
drop view if exists "dbt_tutorial"."analytics_intermediate"."int_order_payments__dbt_backup" cascade
[0m18:07:45.922632 [debug] [Thread-1 (]: SQL status: DROP VIEW in 0.002 seconds
[0m18:07:45.934390 [debug] [Thread-1 (]: On model.dbt_pg_tutorial.int_order_payments: Close
[0m18:07:45.945511 [debug] [Thread-4 (]: Database Error in model dim_customers (models\marts\dim_customers.sql)
  permission denied for table customers
  compiled code at target\run\dbt_pg_tutorial\models\marts\dim_customers.sql
[0m18:07:45.951210 [debug] [Thread-1 (]: Sending event: {'category': 'dbt', 'action': 'run_model', 'label': 'aac87a36-a87f-4a5e-a7dc-1fe5a9ca9e5a', 'context': [<snowplow_tracker.self_describing_json.SelfDescribingJson object at 0x0000015C68117470>]}
[0m18:07:45.955191 [debug] [Thread-4 (]: Sending event: {'category': 'dbt', 'action': 'run_model', 'label': 'aac87a36-a87f-4a5e-a7dc-1fe5a9ca9e5a', 'context': [<snowplow_tracker.self_describing_json.SelfDescribingJson object at 0x0000015C68117260>]}
[0m18:07:45.962568 [info ] [Thread-1 (]: 5 of 8 OK created sql view model analytics_intermediate.int_order_payments ..... [[32mCREATE VIEW[0m in 1.03s]
[0m18:07:45.971684 [error] [Thread-4 (]: 4 of 8 ERROR creating sql table model analytics_marts.dim_customers ............ [[31mERROR[0m in 1.17s]
[0m18:07:45.981646 [debug] [Thread-1 (]: Finished running node model.dbt_pg_tutorial.int_order_payments
[0m18:07:45.988636 [debug] [Thread-4 (]: Finished running node model.dbt_pg_tutorial.dim_customers
[0m18:07:45.996608 [debug] [Thread-2 (]: Began running node model.dbt_pg_tutorial.fct_orders
[0m18:07:46.001686 [debug] [Thread-7 (]: Marking all children of 'model.dbt_pg_tutorial.dim_customers' to be skipped because of status 'error'.  Reason: Database Error in model dim_customers (models\marts\dim_customers.sql)
  permission denied for table customers
  compiled code at target\run\dbt_pg_tutorial\models\marts\dim_customers.sql.
[0m18:07:46.008620 [info ] [Thread-2 (]: 6 of 8 START sql table model analytics_marts.fct_orders ........................ [RUN]
[0m18:07:46.018635 [debug] [Thread-1 (]: Began running node test.dbt_pg_tutorial.not_null_dim_customers_customer_id.dd91cd1c8d
[0m18:07:46.021687 [debug] [Thread-3 (]: Began running node test.dbt_pg_tutorial.unique_dim_customers_customer_id.15c9f1e2fd
[0m18:07:46.026684 [debug] [Thread-2 (]: Re-using an available connection from the pool (formerly model.dbt_pg_tutorial.stg_orders, now model.dbt_pg_tutorial.fct_orders)
[0m18:07:46.031619 [info ] [Thread-1 (]: 7 of 8 SKIP test not_null_dim_customers_customer_id ............................ [[33mSKIP[0m]
[0m18:07:46.037622 [info ] [Thread-3 (]: 8 of 8 SKIP test unique_dim_customers_customer_id .............................. [[33mSKIP[0m]
[0m18:07:46.043689 [debug] [Thread-2 (]: Began compiling node model.dbt_pg_tutorial.fct_orders
[0m18:07:46.050216 [debug] [Thread-1 (]: Finished running node test.dbt_pg_tutorial.not_null_dim_customers_customer_id.dd91cd1c8d
[0m18:07:46.056069 [debug] [Thread-3 (]: Finished running node test.dbt_pg_tutorial.unique_dim_customers_customer_id.15c9f1e2fd
[0m18:07:46.079543 [debug] [Thread-2 (]: Writing injected SQL for node "model.dbt_pg_tutorial.fct_orders"
[0m18:07:46.084490 [debug] [Thread-7 (]: Marking all children of 'test.dbt_pg_tutorial.not_null_dim_customers_customer_id.dd91cd1c8d' to be skipped because of status 'skipped'. 
[0m18:07:46.094378 [debug] [Thread-7 (]: Marking all children of 'test.dbt_pg_tutorial.unique_dim_customers_customer_id.15c9f1e2fd' to be skipped because of status 'skipped'. 
[0m18:07:46.137161 [debug] [Thread-2 (]: Began executing node model.dbt_pg_tutorial.fct_orders
[0m18:07:46.161352 [debug] [Thread-2 (]: Writing runtime sql for node "model.dbt_pg_tutorial.fct_orders"
[0m18:07:46.208378 [debug] [Thread-2 (]: Using postgres connection "model.dbt_pg_tutorial.fct_orders"
[0m18:07:46.214261 [debug] [Thread-2 (]: On model.dbt_pg_tutorial.fct_orders: BEGIN
[0m18:07:46.219267 [debug] [Thread-2 (]: Opening a new connection, currently in state closed
[0m18:07:46.704211 [debug] [Thread-2 (]: SQL status: BEGIN in 0.485 seconds
[0m18:07:46.709213 [debug] [Thread-2 (]: Using postgres connection "model.dbt_pg_tutorial.fct_orders"
[0m18:07:46.714138 [debug] [Thread-2 (]: On model.dbt_pg_tutorial.fct_orders: /* {"app": "dbt", "dbt_version": "1.9.0", "profile_name": "dbt_pg_tutorial", "target_name": "dev", "node_id": "model.dbt_pg_tutorial.fct_orders"} */

  
    

  create  table "dbt_tutorial"."analytics_marts"."fct_orders__dbt_tmp"
  
  
    as
  
  (
    

select
    i.order_id,
    i.customer_id,
    i.order_timestamp,
    i.status,
    i.total_amount,
    i.total_paid,
    i.payment_count,
    i.outstanding_amount,
    case
        when i.outstanding_amount = 0 and i.total_amount > 0 then true
        else false
    end as is_fully_paid
from "dbt_tutorial"."analytics_intermediate"."int_order_payments" i
  );
  
[0m18:07:46.740649 [debug] [Thread-2 (]: Postgres adapter: Postgres error: permission denied for table orders

[0m18:07:46.745659 [debug] [Thread-2 (]: On model.dbt_pg_tutorial.fct_orders: ROLLBACK
[0m18:07:46.751850 [debug] [Thread-2 (]: On model.dbt_pg_tutorial.fct_orders: Close
[0m18:07:46.775784 [debug] [Thread-2 (]: Database Error in model fct_orders (models\marts\fct_orders.sql)
  permission denied for table orders
  compiled code at target\run\dbt_pg_tutorial\models\marts\fct_orders.sql
[0m18:07:46.781322 [debug] [Thread-2 (]: Sending event: {'category': 'dbt', 'action': 'run_model', 'label': 'aac87a36-a87f-4a5e-a7dc-1fe5a9ca9e5a', 'context': [<snowplow_tracker.self_describing_json.SelfDescribingJson object at 0x0000015C67C9BAA0>]}
[0m18:07:46.788053 [error] [Thread-2 (]: 6 of 8 ERROR creating sql table model analytics_marts.fct_orders ............... [[31mERROR[0m in 0.75s]
[0m18:07:46.797208 [debug] [Thread-2 (]: Finished running node model.dbt_pg_tutorial.fct_orders
[0m18:07:46.803119 [debug] [Thread-7 (]: Marking all children of 'model.dbt_pg_tutorial.fct_orders' to be skipped because of status 'error'.  Reason: Database Error in model fct_orders (models\marts\fct_orders.sql)
  permission denied for table orders
  compiled code at target\run\dbt_pg_tutorial\models\marts\fct_orders.sql.
[0m18:07:46.816961 [debug] [MainThread]: Using postgres connection "master"
[0m18:07:46.821921 [debug] [MainThread]: On master: BEGIN
[0m18:07:46.827165 [debug] [MainThread]: Opening a new connection, currently in state closed
[0m18:07:47.289708 [debug] [MainThread]: SQL status: BEGIN in 0.463 seconds
[0m18:07:47.295510 [debug] [MainThread]: On master: COMMIT
[0m18:07:47.299650 [debug] [MainThread]: Using postgres connection "master"
[0m18:07:47.303656 [debug] [MainThread]: On master: COMMIT
[0m18:07:47.309588 [debug] [MainThread]: SQL status: COMMIT in 0.001 seconds
[0m18:07:47.313576 [debug] [MainThread]: On master: Close
[0m18:07:47.319534 [debug] [MainThread]: Connection 'master' was properly closed.
[0m18:07:47.324681 [debug] [MainThread]: Connection 'list_dbt_tutorial' was properly closed.
[0m18:07:47.328593 [debug] [MainThread]: Connection 'list_dbt_tutorial' was properly closed.
[0m18:07:47.332679 [debug] [MainThread]: Connection 'list_dbt_tutorial' was properly closed.
[0m18:07:47.336382 [debug] [MainThread]: Connection 'list_dbt_tutorial_analytics_marts' was properly closed.
[0m18:07:47.340471 [debug] [MainThread]: Connection 'list_dbt_tutorial_analytics_intermediate' was properly closed.
[0m18:07:47.344483 [debug] [MainThread]: Connection 'list_dbt_tutorial_analytics_staging' was properly closed.
[0m18:07:47.347502 [debug] [MainThread]: Connection 'model.dbt_pg_tutorial.int_order_payments' was properly closed.
[0m18:07:47.352017 [debug] [MainThread]: Connection 'model.dbt_pg_tutorial.fct_orders' was properly closed.
[0m18:07:47.355214 [debug] [MainThread]: Connection 'model.dbt_pg_tutorial.stg_payments' was properly closed.
[0m18:07:47.359536 [debug] [MainThread]: Connection 'model.dbt_pg_tutorial.dim_customers' was properly closed.
[0m18:07:47.365300 [info ] [MainThread]: 
[0m18:07:47.371190 [info ] [MainThread]: Finished running 2 table models, 2 data tests, 4 view models in 0 hours 0 minutes and 8.29 seconds (8.29s).
[0m18:07:47.384611 [debug] [MainThread]: Command end result
[0m18:07:47.641590 [debug] [MainThread]: Wrote artifact WritableManifest to C:\Users\kashv\dbt_workspace\dbt_pg_tutorial\target\manifest.json
[0m18:07:47.677909 [debug] [MainThread]: Wrote artifact SemanticManifest to C:\Users\kashv\dbt_workspace\dbt_pg_tutorial\target\semantic_manifest.json
[0m18:07:47.751023 [debug] [MainThread]: Wrote artifact RunExecutionResult to C:\Users\kashv\dbt_workspace\dbt_pg_tutorial\target\run_results.json
[0m18:07:47.755627 [info ] [MainThread]: 
[0m18:07:47.762829 [info ] [MainThread]: [31mCompleted with 2 errors, 0 partial successes, and 0 warnings:[0m
[0m18:07:47.768563 [info ] [MainThread]: 
[0m18:07:47.775607 [error] [MainThread]:   Database Error in model dim_customers (models\marts\dim_customers.sql)
  permission denied for table customers
  compiled code at target\run\dbt_pg_tutorial\models\marts\dim_customers.sql
[0m18:07:47.781570 [info ] [MainThread]: 
[0m18:07:47.788558 [error] [MainThread]:   Database Error in model fct_orders (models\marts\fct_orders.sql)
  permission denied for table orders
  compiled code at target\run\dbt_pg_tutorial\models\marts\fct_orders.sql
[0m18:07:47.795554 [info ] [MainThread]: 
[0m18:07:47.802561 [info ] [MainThread]: Done. PASS=4 WARN=0 ERROR=2 SKIP=2 TOTAL=8
[0m18:07:47.814752 [debug] [MainThread]: Command `dbt build` failed at 18:07:47.813745 after 18.99 seconds
[0m18:07:47.819603 [debug] [MainThread]: Sending event: {'category': 'dbt', 'action': 'invocation', 'label': 'end', 'context': [<snowplow_tracker.self_describing_json.SelfDescribingJson object at 0x0000015C6581F0B0>, <snowplow_tracker.self_describing_json.SelfDescribingJson object at 0x0000015C65F10740>, <snowplow_tracker.self_describing_json.SelfDescribingJson object at 0x0000015C65987FE0>]}
[0m18:07:47.824689 [debug] [MainThread]: Flushing usage events
[0m18:07:47.843811 [debug] [MainThread]: An error was encountered while trying to flush usage events
[0m18:14:16.918012 [debug] [MainThread]: Sending event: {'category': 'dbt', 'action': 'invocation', 'label': 'start', 'context': [<snowplow_tracker.self_describing_json.SelfDescribingJson object at 0x000001E84F2CB8C0>, <snowplow_tracker.self_describing_json.SelfDescribingJson object at 0x000001E851B6D250>, <snowplow_tracker.self_describing_json.SelfDescribingJson object at 0x000001E84F197620>]}


============================== 18:14:16.949008 | b5549edf-6415-48c7-b825-3285e68e5492 ==============================
[0m18:14:16.949008 [info ] [MainThread]: Running with dbt=1.9.0
[0m18:14:16.957965 [debug] [MainThread]: running dbt with arguments {'printer_width': '80', 'indirect_selection': 'eager', 'log_cache_events': 'False', 'write_json': 'True', 'partial_parse': 'True', 'cache_selected_only': 'False', 'warn_error': 'None', 'debug': 'False', 'fail_fast': 'False', 'log_path': 'C:\\Users\\kashv\\dbt_workspace\\dbt_pg_tutorial\\logs', 'version_check': 'True', 'profiles_dir': 'C:\\Users\\kashv\\.dbt', 'use_colors': 'True', 'use_experimental_parser': 'False', 'empty': 'False', 'quiet': 'False', 'no_print': 'None', 'log_format': 'default', 'static_parser': 'True', 'warn_error_options': 'WarnErrorOptions(include=[], exclude=[])', 'introspect': 'True', 'target_path': 'None', 'invocation_command': 'dbt build', 'send_anonymous_usage_stats': 'True'}
[0m18:14:18.487148 [debug] [MainThread]: Sending event: {'category': 'dbt', 'action': 'project_id', 'label': 'b5549edf-6415-48c7-b825-3285e68e5492', 'context': [<snowplow_tracker.self_describing_json.SelfDescribingJson object at 0x000001E85219FBF0>]}
[0m18:14:18.929722 [debug] [MainThread]: Sending event: {'category': 'dbt', 'action': 'adapter_info', 'label': 'b5549edf-6415-48c7-b825-3285e68e5492', 'context': [<snowplow_tracker.self_describing_json.SelfDescribingJson object at 0x000001E852300D70>]}
[0m18:14:18.941240 [info ] [MainThread]: Registered adapter: postgres=1.9.1
[0m18:14:21.755438 [debug] [MainThread]: checksum: c99e828bba267739642b5a3ce85f17518764ea526e0e6c4fdc649171c1a66bff, vars: {}, profile: , target: , version: 1.9.0
[0m18:14:23.348110 [debug] [MainThread]: Partial parsing enabled: 0 files deleted, 0 files added, 0 files changed.
[0m18:14:23.354061 [debug] [MainThread]: Partial parsing enabled, no changes found, skipping parsing
[0m18:14:23.660220 [debug] [MainThread]: Sending event: {'category': 'dbt', 'action': 'load_project', 'label': 'b5549edf-6415-48c7-b825-3285e68e5492', 'context': [<snowplow_tracker.self_describing_json.SelfDescribingJson object at 0x000001E8536FC710>]}
[0m18:14:24.334718 [debug] [MainThread]: Wrote artifact WritableManifest to C:\Users\kashv\dbt_workspace\dbt_pg_tutorial\target\manifest.json
[0m18:14:24.475752 [debug] [MainThread]: Wrote artifact SemanticManifest to C:\Users\kashv\dbt_workspace\dbt_pg_tutorial\target\semantic_manifest.json
[0m18:14:24.895207 [debug] [MainThread]: Sending event: {'category': 'dbt', 'action': 'resource_counts', 'label': 'b5549edf-6415-48c7-b825-3285e68e5492', 'context': [<snowplow_tracker.self_describing_json.SelfDescribingJson object at 0x000001E8535988C0>]}
[0m18:14:24.901264 [info ] [MainThread]: Found 6 models, 2 data tests, 3 sources, 434 macros
[0m18:14:24.922049 [info ] [MainThread]: 
[0m18:14:24.929065 [info ] [MainThread]: Concurrency: 4 threads (target='dev')
[0m18:14:24.935056 [info ] [MainThread]: 
[0m18:14:24.942980 [debug] [MainThread]: Acquiring new postgres connection 'master'
[0m18:14:24.982022 [debug] [ThreadPool]: Acquiring new postgres connection 'list_dbt_tutorial'
[0m18:14:24.989059 [debug] [ThreadPool]: Acquiring new postgres connection 'list_dbt_tutorial'
[0m18:14:25.007005 [debug] [ThreadPool]: Acquiring new postgres connection 'list_dbt_tutorial'
[0m18:14:26.004695 [debug] [ThreadPool]: Using postgres connection "list_dbt_tutorial"
[0m18:14:26.007678 [debug] [ThreadPool]: Using postgres connection "list_dbt_tutorial"
[0m18:14:26.010701 [debug] [ThreadPool]: Using postgres connection "list_dbt_tutorial"
[0m18:14:26.014694 [debug] [ThreadPool]: On list_dbt_tutorial: /* {"app": "dbt", "dbt_version": "1.9.0", "profile_name": "dbt_pg_tutorial", "target_name": "dev", "connection_name": "list_dbt_tutorial"} */

    select distinct nspname from pg_namespace
  
[0m18:14:26.020784 [debug] [ThreadPool]: On list_dbt_tutorial: /* {"app": "dbt", "dbt_version": "1.9.0", "profile_name": "dbt_pg_tutorial", "target_name": "dev", "connection_name": "list_dbt_tutorial"} */

    select distinct nspname from pg_namespace
  
[0m18:14:26.025631 [debug] [ThreadPool]: On list_dbt_tutorial: /* {"app": "dbt", "dbt_version": "1.9.0", "profile_name": "dbt_pg_tutorial", "target_name": "dev", "connection_name": "list_dbt_tutorial"} */

    select distinct nspname from pg_namespace
  
[0m18:14:26.029782 [debug] [ThreadPool]: Opening a new connection, currently in state init
[0m18:14:26.034644 [debug] [ThreadPool]: Opening a new connection, currently in state init
[0m18:14:26.038686 [debug] [ThreadPool]: Opening a new connection, currently in state init
[0m18:14:26.676665 [debug] [ThreadPool]: SQL status: SELECT 9 in 0.638 seconds
[0m18:14:26.687574 [debug] [ThreadPool]: On list_dbt_tutorial: Close
[0m18:14:26.714703 [debug] [ThreadPool]: SQL status: SELECT 9 in 0.685 seconds
[0m18:14:26.727294 [debug] [ThreadPool]: On list_dbt_tutorial: Close
[0m18:14:26.837140 [debug] [ThreadPool]: SQL status: SELECT 9 in 0.804 seconds
[0m18:14:26.847980 [debug] [ThreadPool]: On list_dbt_tutorial: Close
[0m18:14:26.863702 [debug] [ThreadPool]: Acquiring new postgres connection 'list_dbt_tutorial_analytics_staging'
[0m18:14:26.869717 [debug] [ThreadPool]: Acquiring new postgres connection 'list_dbt_tutorial_analytics_intermediate'
[0m18:14:26.894516 [debug] [ThreadPool]: Acquiring new postgres connection 'list_dbt_tutorial_analytics_marts'
[0m18:14:26.922401 [debug] [ThreadPool]: Using postgres connection "list_dbt_tutorial_analytics_staging"
[0m18:14:26.938579 [debug] [ThreadPool]: Using postgres connection "list_dbt_tutorial_analytics_intermediate"
[0m18:14:26.952206 [debug] [ThreadPool]: Using postgres connection "list_dbt_tutorial_analytics_marts"
[0m18:14:26.956159 [debug] [ThreadPool]: On list_dbt_tutorial_analytics_staging: BEGIN
[0m18:14:26.960072 [debug] [ThreadPool]: On list_dbt_tutorial_analytics_intermediate: BEGIN
[0m18:14:26.965150 [debug] [ThreadPool]: On list_dbt_tutorial_analytics_marts: BEGIN
[0m18:14:26.969059 [debug] [ThreadPool]: Opening a new connection, currently in state init
[0m18:14:26.974215 [debug] [ThreadPool]: Opening a new connection, currently in state init
[0m18:14:26.979151 [debug] [ThreadPool]: Opening a new connection, currently in state init
[0m18:14:27.499633 [debug] [ThreadPool]: SQL status: BEGIN in 0.525 seconds
[0m18:14:27.506924 [debug] [ThreadPool]: Using postgres connection "list_dbt_tutorial_analytics_intermediate"
[0m18:14:27.511785 [debug] [ThreadPool]: On list_dbt_tutorial_analytics_intermediate: /* {"app": "dbt", "dbt_version": "1.9.0", "profile_name": "dbt_pg_tutorial", "target_name": "dev", "connection_name": "list_dbt_tutorial_analytics_intermediate"} */
select
      'dbt_tutorial' as database,
      tablename as name,
      schemaname as schema,
      'table' as type
    from pg_tables
    where schemaname ilike 'analytics_intermediate'
    union all
    select
      'dbt_tutorial' as database,
      viewname as name,
      schemaname as schema,
      'view' as type
    from pg_views
    where schemaname ilike 'analytics_intermediate'
    union all
    select
      'dbt_tutorial' as database,
      matviewname as name,
      schemaname as schema,
      'materialized_view' as type
    from pg_matviews
    where schemaname ilike 'analytics_intermediate'
  
[0m18:14:27.544581 [debug] [ThreadPool]: SQL status: SELECT 1 in 0.027 seconds
[0m18:14:27.549043 [debug] [ThreadPool]: SQL status: BEGIN in 0.569 seconds
[0m18:14:27.559010 [debug] [ThreadPool]: On list_dbt_tutorial_analytics_intermediate: ROLLBACK
[0m18:14:27.564008 [debug] [ThreadPool]: Using postgres connection "list_dbt_tutorial_analytics_marts"
[0m18:14:27.569927 [debug] [ThreadPool]: On list_dbt_tutorial_analytics_intermediate: Close
[0m18:14:27.573551 [debug] [ThreadPool]: On list_dbt_tutorial_analytics_marts: /* {"app": "dbt", "dbt_version": "1.9.0", "profile_name": "dbt_pg_tutorial", "target_name": "dev", "connection_name": "list_dbt_tutorial_analytics_marts"} */
select
      'dbt_tutorial' as database,
      tablename as name,
      schemaname as schema,
      'table' as type
    from pg_tables
    where schemaname ilike 'analytics_marts'
    union all
    select
      'dbt_tutorial' as database,
      viewname as name,
      schemaname as schema,
      'view' as type
    from pg_views
    where schemaname ilike 'analytics_marts'
    union all
    select
      'dbt_tutorial' as database,
      matviewname as name,
      schemaname as schema,
      'materialized_view' as type
    from pg_matviews
    where schemaname ilike 'analytics_marts'
  
[0m18:14:27.610422 [debug] [ThreadPool]: SQL status: SELECT 0 in 0.027 seconds
[0m18:14:27.620960 [debug] [ThreadPool]: On list_dbt_tutorial_analytics_marts: ROLLBACK
[0m18:14:27.626005 [debug] [ThreadPool]: On list_dbt_tutorial_analytics_marts: Close
[0m18:14:27.672012 [debug] [ThreadPool]: SQL status: BEGIN in 0.702 seconds
[0m18:14:27.677011 [debug] [ThreadPool]: Using postgres connection "list_dbt_tutorial_analytics_staging"
[0m18:14:27.681012 [debug] [ThreadPool]: On list_dbt_tutorial_analytics_staging: /* {"app": "dbt", "dbt_version": "1.9.0", "profile_name": "dbt_pg_tutorial", "target_name": "dev", "connection_name": "list_dbt_tutorial_analytics_staging"} */
select
      'dbt_tutorial' as database,
      tablename as name,
      schemaname as schema,
      'table' as type
    from pg_tables
    where schemaname ilike 'analytics_staging'
    union all
    select
      'dbt_tutorial' as database,
      viewname as name,
      schemaname as schema,
      'view' as type
    from pg_views
    where schemaname ilike 'analytics_staging'
    union all
    select
      'dbt_tutorial' as database,
      matviewname as name,
      schemaname as schema,
      'materialized_view' as type
    from pg_matviews
    where schemaname ilike 'analytics_staging'
  
[0m18:14:27.712361 [debug] [ThreadPool]: SQL status: SELECT 3 in 0.027 seconds
[0m18:14:27.723282 [debug] [ThreadPool]: On list_dbt_tutorial_analytics_staging: ROLLBACK
[0m18:14:27.729216 [debug] [ThreadPool]: On list_dbt_tutorial_analytics_staging: Close
[0m18:14:27.768800 [debug] [MainThread]: Using postgres connection "master"
[0m18:14:27.773755 [debug] [MainThread]: On master: BEGIN
[0m18:14:27.776809 [debug] [MainThread]: Opening a new connection, currently in state init
[0m18:14:28.281644 [debug] [MainThread]: SQL status: BEGIN in 0.504 seconds
[0m18:14:28.288366 [debug] [MainThread]: Using postgres connection "master"
[0m18:14:28.295023 [debug] [MainThread]: On master: /* {"app": "dbt", "dbt_version": "1.9.0", "profile_name": "dbt_pg_tutorial", "target_name": "dev", "connection_name": "master"} */
select distinct
        dependent_namespace.nspname as dependent_schema,
        dependent_class.relname as dependent_name,
        referenced_namespace.nspname as referenced_schema,
        referenced_class.relname as referenced_name

    -- Query for views: views are entries in pg_class with an entry in pg_rewrite, but we avoid
    -- a seq scan on pg_rewrite by leveraging the fact there is an "internal" row in pg_depend for
    -- the view...
    from pg_class as dependent_class
    join pg_namespace as dependent_namespace on dependent_namespace.oid = dependent_class.relnamespace
    join pg_depend as dependent_depend on dependent_depend.refobjid = dependent_class.oid
        and dependent_depend.classid = 'pg_rewrite'::regclass
        and dependent_depend.refclassid = 'pg_class'::regclass
        and dependent_depend.deptype = 'i'

    -- ... and via pg_depend (that has a row per column, hence the need for "distinct" above, and
    -- making sure to exclude the internal row to avoid a view appearing to depend on itself)...
    join pg_depend as joining_depend on joining_depend.objid = dependent_depend.objid
        and joining_depend.classid = 'pg_rewrite'::regclass
        and joining_depend.refclassid = 'pg_class'::regclass
        and joining_depend.refobjid != dependent_depend.refobjid

    -- ... we can find the tables they query from in pg_class, but excluding system tables. Note we
    -- don't need need to exclude _dependent_ system tables, because they only query from other
    -- system tables, and so are automatically excluded by excluding _referenced_ system tables
    join pg_class as referenced_class on referenced_class.oid = joining_depend.refobjid
    join pg_namespace as referenced_namespace on referenced_namespace.oid = referenced_class.relnamespace
        and referenced_namespace.nspname != 'information_schema'
        and referenced_namespace.nspname not like 'pg\_%'

    order by
        dependent_schema, dependent_name, referenced_schema, referenced_name;
[0m18:14:28.331413 [debug] [MainThread]: SQL status: SELECT 5 in 0.029 seconds
[0m18:14:28.345312 [debug] [MainThread]: Sending event: {'category': 'dbt', 'action': 'runnable_timing', 'label': 'b5549edf-6415-48c7-b825-3285e68e5492', 'context': [<snowplow_tracker.self_describing_json.SelfDescribingJson object at 0x000001E853FF4650>]}
[0m18:14:28.350299 [debug] [MainThread]: On master: ROLLBACK
[0m18:14:28.356303 [debug] [MainThread]: Using postgres connection "master"
[0m18:14:28.361300 [debug] [MainThread]: On master: BEGIN
[0m18:14:28.368314 [debug] [MainThread]: SQL status: BEGIN in 0.002 seconds
[0m18:14:28.372299 [debug] [MainThread]: On master: COMMIT
[0m18:14:28.377304 [debug] [MainThread]: Using postgres connection "master"
[0m18:14:28.381298 [debug] [MainThread]: On master: COMMIT
[0m18:14:28.387301 [debug] [MainThread]: SQL status: COMMIT in 0.002 seconds
[0m18:14:28.391300 [debug] [MainThread]: On master: Close
[0m18:14:28.414449 [debug] [Thread-1 (]: Began running node model.dbt_pg_tutorial.stg_customers
[0m18:14:28.418453 [debug] [Thread-2 (]: Began running node model.dbt_pg_tutorial.stg_orders
[0m18:14:28.421456 [debug] [Thread-3 (]: Began running node model.dbt_pg_tutorial.stg_payments
[0m18:14:28.426223 [info ] [Thread-1 (]: 1 of 8 START sql view model analytics_staging.stg_customers .................... [RUN]
[0m18:14:28.432999 [info ] [Thread-2 (]: 2 of 8 START sql view model analytics_staging.stg_orders ....................... [RUN]
[0m18:14:28.441910 [info ] [Thread-3 (]: 3 of 8 START sql view model analytics_staging.stg_payments ..................... [RUN]
[0m18:14:28.449713 [debug] [Thread-1 (]: Acquiring new postgres connection 'model.dbt_pg_tutorial.stg_customers'
[0m18:14:28.456494 [debug] [Thread-2 (]: Acquiring new postgres connection 'model.dbt_pg_tutorial.stg_orders'
[0m18:14:28.463126 [debug] [Thread-3 (]: Acquiring new postgres connection 'model.dbt_pg_tutorial.stg_payments'
[0m18:14:28.468276 [debug] [Thread-1 (]: Began compiling node model.dbt_pg_tutorial.stg_customers
[0m18:14:28.473299 [debug] [Thread-2 (]: Began compiling node model.dbt_pg_tutorial.stg_orders
[0m18:14:28.480196 [debug] [Thread-3 (]: Began compiling node model.dbt_pg_tutorial.stg_payments
[0m18:14:28.535822 [debug] [Thread-1 (]: Writing injected SQL for node "model.dbt_pg_tutorial.stg_customers"
[0m18:14:28.557255 [debug] [Thread-2 (]: Writing injected SQL for node "model.dbt_pg_tutorial.stg_orders"
[0m18:14:28.577805 [debug] [Thread-3 (]: Writing injected SQL for node "model.dbt_pg_tutorial.stg_payments"
[0m18:14:28.662232 [debug] [Thread-1 (]: Began executing node model.dbt_pg_tutorial.stg_customers
[0m18:14:28.665138 [debug] [Thread-2 (]: Began executing node model.dbt_pg_tutorial.stg_orders
[0m18:14:28.668891 [debug] [Thread-3 (]: Began executing node model.dbt_pg_tutorial.stg_payments
[0m18:14:29.112613 [debug] [Thread-2 (]: Writing runtime sql for node "model.dbt_pg_tutorial.stg_orders"
[0m18:14:29.116687 [debug] [Thread-3 (]: Writing runtime sql for node "model.dbt_pg_tutorial.stg_payments"
[0m18:14:29.120516 [debug] [Thread-1 (]: Writing runtime sql for node "model.dbt_pg_tutorial.stg_customers"
[0m18:14:29.216230 [debug] [Thread-1 (]: Using postgres connection "model.dbt_pg_tutorial.stg_customers"
[0m18:14:29.220317 [debug] [Thread-2 (]: Using postgres connection "model.dbt_pg_tutorial.stg_orders"
[0m18:14:29.224407 [debug] [Thread-1 (]: On model.dbt_pg_tutorial.stg_customers: BEGIN
[0m18:14:29.229091 [debug] [Thread-3 (]: Using postgres connection "model.dbt_pg_tutorial.stg_payments"
[0m18:14:29.232194 [debug] [Thread-2 (]: On model.dbt_pg_tutorial.stg_orders: BEGIN
[0m18:14:29.237892 [debug] [Thread-1 (]: Opening a new connection, currently in state init
[0m18:14:29.241996 [debug] [Thread-3 (]: On model.dbt_pg_tutorial.stg_payments: BEGIN
[0m18:14:29.249280 [debug] [Thread-2 (]: Opening a new connection, currently in state init
[0m18:14:29.251335 [debug] [Thread-3 (]: Opening a new connection, currently in state init
[0m18:14:29.857294 [debug] [Thread-1 (]: SQL status: BEGIN in 0.618 seconds
[0m18:14:29.864332 [debug] [Thread-1 (]: Using postgres connection "model.dbt_pg_tutorial.stg_customers"
[0m18:14:29.870326 [debug] [Thread-1 (]: On model.dbt_pg_tutorial.stg_customers: /* {"app": "dbt", "dbt_version": "1.9.0", "profile_name": "dbt_pg_tutorial", "target_name": "dev", "node_id": "model.dbt_pg_tutorial.stg_customers"} */

  create view "dbt_tutorial"."analytics_staging"."stg_customers__dbt_tmp"
    
    
  as (
    

with source as (
    select * from "dbt_tutorial"."raw"."customers"
),
renamed as (
    select
        id                as customer_id,
        lower(trim(first_name)) as first_name,
        lower(trim(last_name))  as last_name,
        lower(trim(email))      as email,
        created_at
    from source
)
select * from renamed
  );
[0m18:14:29.901543 [debug] [Thread-1 (]: SQL status: CREATE VIEW in 0.026 seconds
[0m18:14:29.928660 [debug] [Thread-2 (]: SQL status: BEGIN in 0.679 seconds
[0m18:14:29.967545 [debug] [Thread-1 (]: Using postgres connection "model.dbt_pg_tutorial.stg_customers"
[0m18:14:29.971542 [debug] [Thread-2 (]: Using postgres connection "model.dbt_pg_tutorial.stg_orders"
[0m18:14:29.977514 [debug] [Thread-1 (]: On model.dbt_pg_tutorial.stg_customers: /* {"app": "dbt", "dbt_version": "1.9.0", "profile_name": "dbt_pg_tutorial", "target_name": "dev", "node_id": "model.dbt_pg_tutorial.stg_customers"} */
alter table "dbt_tutorial"."analytics_staging"."stg_customers" rename to "stg_customers__dbt_backup"
[0m18:14:29.984585 [debug] [Thread-2 (]: On model.dbt_pg_tutorial.stg_orders: /* {"app": "dbt", "dbt_version": "1.9.0", "profile_name": "dbt_pg_tutorial", "target_name": "dev", "node_id": "model.dbt_pg_tutorial.stg_orders"} */

  create view "dbt_tutorial"."analytics_staging"."stg_orders__dbt_tmp"
    
    
  as (
    

with source as (
    select * from "dbt_tutorial"."raw"."orders"
),
casted as (
    select
        id           as order_id,
        user_id      as customer_id,
        order_date::timestamp as order_timestamp,
        lower(status) as status,
        total_amount::numeric(10,2) as total_amount
    from source
)
select * from casted
  );
[0m18:14:29.987611 [debug] [Thread-3 (]: SQL status: BEGIN in 0.731 seconds
[0m18:14:29.994619 [debug] [Thread-1 (]: SQL status: ALTER TABLE in 0.003 seconds
[0m18:14:30.001138 [debug] [Thread-3 (]: Using postgres connection "model.dbt_pg_tutorial.stg_payments"
[0m18:14:30.025558 [debug] [Thread-1 (]: Using postgres connection "model.dbt_pg_tutorial.stg_customers"
[0m18:14:30.028559 [debug] [Thread-2 (]: SQL status: CREATE VIEW in 0.030 seconds
[0m18:14:30.033149 [debug] [Thread-3 (]: On model.dbt_pg_tutorial.stg_payments: /* {"app": "dbt", "dbt_version": "1.9.0", "profile_name": "dbt_pg_tutorial", "target_name": "dev", "node_id": "model.dbt_pg_tutorial.stg_payments"} */

  create view "dbt_tutorial"."analytics_staging"."stg_payments__dbt_tmp"
    
    
  as (
    

with source as (
    select * from "dbt_tutorial"."raw"."payments"
),
casted as (
    select
        id           as payment_id,
        order_id,
        lower(payment_method) as payment_method,
        amount::numeric(10,2) as amount,
        paid_at::timestamp    as paid_at
    from source
)
select * from casted
  );
[0m18:14:30.040154 [debug] [Thread-1 (]: On model.dbt_pg_tutorial.stg_customers: /* {"app": "dbt", "dbt_version": "1.9.0", "profile_name": "dbt_pg_tutorial", "target_name": "dev", "node_id": "model.dbt_pg_tutorial.stg_customers"} */
alter table "dbt_tutorial"."analytics_staging"."stg_customers__dbt_tmp" rename to "stg_customers"
[0m18:14:30.069152 [debug] [Thread-2 (]: Using postgres connection "model.dbt_pg_tutorial.stg_orders"
[0m18:14:30.079224 [debug] [Thread-2 (]: On model.dbt_pg_tutorial.stg_orders: /* {"app": "dbt", "dbt_version": "1.9.0", "profile_name": "dbt_pg_tutorial", "target_name": "dev", "node_id": "model.dbt_pg_tutorial.stg_orders"} */
alter table "dbt_tutorial"."analytics_staging"."stg_orders" rename to "stg_orders__dbt_backup"
[0m18:14:30.083195 [debug] [Thread-1 (]: SQL status: ALTER TABLE in 0.006 seconds
[0m18:14:30.116897 [debug] [Thread-3 (]: SQL status: CREATE VIEW in 0.043 seconds
[0m18:14:30.132327 [debug] [Thread-2 (]: SQL status: ALTER TABLE in 0.045 seconds
[0m18:14:30.216601 [debug] [Thread-3 (]: Using postgres connection "model.dbt_pg_tutorial.stg_payments"
[0m18:14:30.238432 [debug] [Thread-1 (]: On model.dbt_pg_tutorial.stg_customers: COMMIT
[0m18:14:30.258786 [debug] [Thread-2 (]: Using postgres connection "model.dbt_pg_tutorial.stg_orders"
[0m18:14:30.263993 [debug] [Thread-3 (]: On model.dbt_pg_tutorial.stg_payments: /* {"app": "dbt", "dbt_version": "1.9.0", "profile_name": "dbt_pg_tutorial", "target_name": "dev", "node_id": "model.dbt_pg_tutorial.stg_payments"} */
alter table "dbt_tutorial"."analytics_staging"."stg_payments" rename to "stg_payments__dbt_backup"
[0m18:14:30.269938 [debug] [Thread-1 (]: Using postgres connection "model.dbt_pg_tutorial.stg_customers"
[0m18:14:30.274377 [debug] [Thread-2 (]: On model.dbt_pg_tutorial.stg_orders: /* {"app": "dbt", "dbt_version": "1.9.0", "profile_name": "dbt_pg_tutorial", "target_name": "dev", "node_id": "model.dbt_pg_tutorial.stg_orders"} */
alter table "dbt_tutorial"."analytics_staging"."stg_orders__dbt_tmp" rename to "stg_orders"
[0m18:14:30.282449 [debug] [Thread-1 (]: On model.dbt_pg_tutorial.stg_customers: COMMIT
[0m18:14:30.285588 [debug] [Thread-3 (]: SQL status: ALTER TABLE in 0.006 seconds
[0m18:14:30.292563 [debug] [Thread-2 (]: SQL status: ALTER TABLE in 0.003 seconds
[0m18:14:30.295573 [debug] [Thread-1 (]: SQL status: COMMIT in 0.004 seconds
[0m18:14:30.316487 [debug] [Thread-3 (]: Using postgres connection "model.dbt_pg_tutorial.stg_payments"
[0m18:14:30.327505 [debug] [Thread-2 (]: On model.dbt_pg_tutorial.stg_orders: COMMIT
[0m18:14:30.376084 [debug] [Thread-1 (]: Applying DROP to: "dbt_tutorial"."analytics_staging"."stg_customers__dbt_backup"
[0m18:14:30.379993 [debug] [Thread-3 (]: On model.dbt_pg_tutorial.stg_payments: /* {"app": "dbt", "dbt_version": "1.9.0", "profile_name": "dbt_pg_tutorial", "target_name": "dev", "node_id": "model.dbt_pg_tutorial.stg_payments"} */
alter table "dbt_tutorial"."analytics_staging"."stg_payments__dbt_tmp" rename to "stg_payments"
[0m18:14:30.387239 [debug] [Thread-2 (]: Using postgres connection "model.dbt_pg_tutorial.stg_orders"
[0m18:14:30.426219 [debug] [Thread-1 (]: Using postgres connection "model.dbt_pg_tutorial.stg_customers"
[0m18:14:30.434118 [debug] [Thread-2 (]: On model.dbt_pg_tutorial.stg_orders: COMMIT
[0m18:14:30.437025 [debug] [Thread-3 (]: SQL status: ALTER TABLE in 0.007 seconds
[0m18:14:30.442304 [debug] [Thread-1 (]: On model.dbt_pg_tutorial.stg_customers: /* {"app": "dbt", "dbt_version": "1.9.0", "profile_name": "dbt_pg_tutorial", "target_name": "dev", "node_id": "model.dbt_pg_tutorial.stg_customers"} */
drop view if exists "dbt_tutorial"."analytics_staging"."stg_customers__dbt_backup" cascade
[0m18:14:30.458252 [debug] [Thread-3 (]: On model.dbt_pg_tutorial.stg_payments: COMMIT
[0m18:14:30.461261 [debug] [Thread-2 (]: SQL status: COMMIT in 0.014 seconds
[0m18:14:30.467282 [debug] [Thread-3 (]: Using postgres connection "model.dbt_pg_tutorial.stg_payments"
[0m18:14:30.478262 [debug] [Thread-1 (]: SQL status: DROP VIEW in 0.014 seconds
[0m18:14:30.489412 [debug] [Thread-2 (]: Applying DROP to: "dbt_tutorial"."analytics_staging"."stg_orders__dbt_backup"
[0m18:14:30.493358 [debug] [Thread-3 (]: On model.dbt_pg_tutorial.stg_payments: COMMIT
[0m18:14:30.512319 [debug] [Thread-1 (]: On model.dbt_pg_tutorial.stg_customers: Close
[0m18:14:30.519456 [debug] [Thread-2 (]: Using postgres connection "model.dbt_pg_tutorial.stg_orders"
[0m18:14:30.529456 [debug] [Thread-3 (]: SQL status: COMMIT in 0.004 seconds
[0m18:14:30.544503 [debug] [Thread-2 (]: On model.dbt_pg_tutorial.stg_orders: /* {"app": "dbt", "dbt_version": "1.9.0", "profile_name": "dbt_pg_tutorial", "target_name": "dev", "node_id": "model.dbt_pg_tutorial.stg_orders"} */
drop view if exists "dbt_tutorial"."analytics_staging"."stg_orders__dbt_backup" cascade
[0m18:14:30.550607 [debug] [Thread-1 (]: Sending event: {'category': 'dbt', 'action': 'run_model', 'label': 'b5549edf-6415-48c7-b825-3285e68e5492', 'context': [<snowplow_tracker.self_describing_json.SelfDescribingJson object at 0x000001E84F3CBCB0>]}
[0m18:14:30.567596 [debug] [Thread-3 (]: Applying DROP to: "dbt_tutorial"."analytics_staging"."stg_payments__dbt_backup"
[0m18:14:30.577898 [info ] [Thread-1 (]: 1 of 8 OK created sql view model analytics_staging.stg_customers ............... [[32mCREATE VIEW[0m in 2.09s]
[0m18:14:30.582893 [debug] [Thread-2 (]: SQL status: DROP VIEW in 0.011 seconds
[0m18:14:30.589985 [debug] [Thread-3 (]: Using postgres connection "model.dbt_pg_tutorial.stg_payments"
[0m18:14:30.597137 [debug] [Thread-1 (]: Finished running node model.dbt_pg_tutorial.stg_customers
[0m18:14:30.610650 [debug] [Thread-2 (]: On model.dbt_pg_tutorial.stg_orders: Close
[0m18:14:30.615988 [debug] [Thread-3 (]: On model.dbt_pg_tutorial.stg_payments: /* {"app": "dbt", "dbt_version": "1.9.0", "profile_name": "dbt_pg_tutorial", "target_name": "dev", "node_id": "model.dbt_pg_tutorial.stg_payments"} */
drop view if exists "dbt_tutorial"."analytics_staging"."stg_payments__dbt_backup" cascade
[0m18:14:30.623481 [debug] [Thread-4 (]: Began running node model.dbt_pg_tutorial.dim_customers
[0m18:14:30.629991 [debug] [Thread-2 (]: Sending event: {'category': 'dbt', 'action': 'run_model', 'label': 'b5549edf-6415-48c7-b825-3285e68e5492', 'context': [<snowplow_tracker.self_describing_json.SelfDescribingJson object at 0x000001E853FC1490>]}
[0m18:14:30.644520 [debug] [Thread-3 (]: SQL status: DROP VIEW in 0.010 seconds
[0m18:14:30.641523 [info ] [Thread-4 (]: 4 of 8 START sql table model analytics_marts.dim_customers ..................... [RUN]
[0m18:14:30.652102 [info ] [Thread-2 (]: 2 of 8 OK created sql view model analytics_staging.stg_orders .................. [[32mCREATE VIEW[0m in 2.17s]
[0m18:14:30.666123 [debug] [Thread-3 (]: On model.dbt_pg_tutorial.stg_payments: Close
[0m18:14:30.673278 [debug] [Thread-4 (]: Acquiring new postgres connection 'model.dbt_pg_tutorial.dim_customers'
[0m18:14:30.680224 [debug] [Thread-2 (]: Finished running node model.dbt_pg_tutorial.stg_orders
[0m18:14:30.688226 [debug] [Thread-3 (]: Sending event: {'category': 'dbt', 'action': 'run_model', 'label': 'b5549edf-6415-48c7-b825-3285e68e5492', 'context': [<snowplow_tracker.self_describing_json.SelfDescribingJson object at 0x000001E8540BFBC0>]}
[0m18:14:30.692214 [debug] [Thread-4 (]: Began compiling node model.dbt_pg_tutorial.dim_customers
[0m18:14:30.704138 [info ] [Thread-3 (]: 3 of 8 OK created sql view model analytics_staging.stg_payments ................ [[32mCREATE VIEW[0m in 2.23s]
[0m18:14:30.739143 [debug] [Thread-4 (]: Writing injected SQL for node "model.dbt_pg_tutorial.dim_customers"
[0m18:14:30.744126 [debug] [Thread-3 (]: Finished running node model.dbt_pg_tutorial.stg_payments
[0m18:14:30.753979 [debug] [Thread-1 (]: Began running node model.dbt_pg_tutorial.int_order_payments
[0m18:14:30.760083 [info ] [Thread-1 (]: 5 of 8 START sql view model analytics_intermediate.int_order_payments .......... [RUN]
[0m18:14:30.768297 [debug] [Thread-1 (]: Re-using an available connection from the pool (formerly model.dbt_pg_tutorial.stg_customers, now model.dbt_pg_tutorial.int_order_payments)
[0m18:14:30.773771 [debug] [Thread-1 (]: Began compiling node model.dbt_pg_tutorial.int_order_payments
[0m18:14:30.796505 [debug] [Thread-1 (]: Writing injected SQL for node "model.dbt_pg_tutorial.int_order_payments"
[0m18:14:30.813541 [debug] [Thread-4 (]: Began executing node model.dbt_pg_tutorial.dim_customers
[0m18:14:30.920558 [debug] [Thread-1 (]: Began executing node model.dbt_pg_tutorial.int_order_payments
[0m18:14:30.977589 [debug] [Thread-4 (]: Writing runtime sql for node "model.dbt_pg_tutorial.dim_customers"
[0m18:14:31.000457 [debug] [Thread-1 (]: Writing runtime sql for node "model.dbt_pg_tutorial.int_order_payments"
[0m18:14:31.063873 [debug] [Thread-4 (]: Using postgres connection "model.dbt_pg_tutorial.dim_customers"
[0m18:14:31.066851 [debug] [Thread-1 (]: Using postgres connection "model.dbt_pg_tutorial.int_order_payments"
[0m18:14:31.072072 [debug] [Thread-4 (]: On model.dbt_pg_tutorial.dim_customers: BEGIN
[0m18:14:31.076074 [debug] [Thread-1 (]: On model.dbt_pg_tutorial.int_order_payments: BEGIN
[0m18:14:31.081039 [debug] [Thread-4 (]: Opening a new connection, currently in state init
[0m18:14:31.086854 [debug] [Thread-1 (]: Opening a new connection, currently in state closed
[0m18:14:31.565543 [debug] [Thread-4 (]: SQL status: BEGIN in 0.483 seconds
[0m18:14:31.570887 [debug] [Thread-4 (]: Using postgres connection "model.dbt_pg_tutorial.dim_customers"
[0m18:14:31.575893 [debug] [Thread-4 (]: On model.dbt_pg_tutorial.dim_customers: /* {"app": "dbt", "dbt_version": "1.9.0", "profile_name": "dbt_pg_tutorial", "target_name": "dev", "node_id": "model.dbt_pg_tutorial.dim_customers"} */

  
    

  create  table "dbt_tutorial"."analytics_marts"."dim_customers__dbt_tmp"
  
  
    as
  
  (
    

select
    c.customer_id,
    initcap(c.first_name) as first_name,
    initcap(c.last_name)  as last_name,
    c.email,
    c.created_at
from "dbt_tutorial"."analytics_staging"."stg_customers" c
  );
  
[0m18:14:31.591885 [debug] [Thread-4 (]: Postgres adapter: Postgres error: permission denied for table customers

[0m18:14:31.597839 [debug] [Thread-4 (]: On model.dbt_pg_tutorial.dim_customers: ROLLBACK
[0m18:14:31.603840 [debug] [Thread-4 (]: On model.dbt_pg_tutorial.dim_customers: Close
[0m18:14:31.622969 [debug] [Thread-1 (]: SQL status: BEGIN in 0.536 seconds
[0m18:14:31.628971 [debug] [Thread-1 (]: Using postgres connection "model.dbt_pg_tutorial.int_order_payments"
[0m18:14:31.634569 [debug] [Thread-1 (]: On model.dbt_pg_tutorial.int_order_payments: /* {"app": "dbt", "dbt_version": "1.9.0", "profile_name": "dbt_pg_tutorial", "target_name": "dev", "node_id": "model.dbt_pg_tutorial.int_order_payments"} */

  create view "dbt_tutorial"."analytics_intermediate"."int_order_payments__dbt_tmp"
    
    
  as (
    

with payments as (
    select
        order_id,
        sum(amount) as total_paid,
        count(*)    as payment_count
    from "dbt_tutorial"."analytics_staging"."stg_payments"
    group by 1
)

select
    o.order_id,
    o.customer_id,
    o.order_timestamp,
    o.status,
    o.total_amount,
    coalesce(p.total_paid, 0)   as total_paid,
    coalesce(p.payment_count, 0) as payment_count,
    (o.total_amount - coalesce(p.total_paid, 0)) as outstanding_amount
from "dbt_tutorial"."analytics_staging"."stg_orders" o
left join payments p on o.order_id = p.order_id
  );
[0m18:14:31.666234 [debug] [Thread-1 (]: SQL status: CREATE VIEW in 0.025 seconds
[0m18:14:31.689121 [debug] [Thread-1 (]: Using postgres connection "model.dbt_pg_tutorial.int_order_payments"
[0m18:14:31.695120 [debug] [Thread-1 (]: On model.dbt_pg_tutorial.int_order_payments: /* {"app": "dbt", "dbt_version": "1.9.0", "profile_name": "dbt_pg_tutorial", "target_name": "dev", "node_id": "model.dbt_pg_tutorial.int_order_payments"} */
alter table "dbt_tutorial"."analytics_intermediate"."int_order_payments__dbt_tmp" rename to "int_order_payments"
[0m18:14:31.704139 [debug] [Thread-1 (]: SQL status: ALTER TABLE in 0.004 seconds
[0m18:14:31.718149 [debug] [Thread-1 (]: On model.dbt_pg_tutorial.int_order_payments: COMMIT
[0m18:14:31.724216 [debug] [Thread-1 (]: Using postgres connection "model.dbt_pg_tutorial.int_order_payments"
[0m18:14:31.728218 [debug] [Thread-1 (]: On model.dbt_pg_tutorial.int_order_payments: COMMIT
[0m18:14:31.742840 [debug] [Thread-4 (]: Database Error in model dim_customers (models\marts\dim_customers.sql)
  permission denied for table customers
  compiled code at target\run\dbt_pg_tutorial\models\marts\dim_customers.sql
[0m18:14:31.745840 [debug] [Thread-1 (]: SQL status: COMMIT in 0.011 seconds
[0m18:14:31.750858 [debug] [Thread-4 (]: Sending event: {'category': 'dbt', 'action': 'run_model', 'label': 'b5549edf-6415-48c7-b825-3285e68e5492', 'context': [<snowplow_tracker.self_describing_json.SelfDescribingJson object at 0x000001E853CF38C0>]}
[0m18:14:31.769651 [debug] [Thread-1 (]: Applying DROP to: "dbt_tutorial"."analytics_intermediate"."int_order_payments__dbt_backup"
[0m18:14:31.775622 [error] [Thread-4 (]: 4 of 8 ERROR creating sql table model analytics_marts.dim_customers ............ [[31mERROR[0m in 1.08s]
[0m18:14:31.784771 [debug] [Thread-1 (]: Using postgres connection "model.dbt_pg_tutorial.int_order_payments"
[0m18:14:31.791775 [debug] [Thread-4 (]: Finished running node model.dbt_pg_tutorial.dim_customers
[0m18:14:31.796771 [debug] [Thread-1 (]: On model.dbt_pg_tutorial.int_order_payments: /* {"app": "dbt", "dbt_version": "1.9.0", "profile_name": "dbt_pg_tutorial", "target_name": "dev", "node_id": "model.dbt_pg_tutorial.int_order_payments"} */
drop view if exists "dbt_tutorial"."analytics_intermediate"."int_order_payments__dbt_backup" cascade
[0m18:14:31.804785 [debug] [Thread-7 (]: Marking all children of 'model.dbt_pg_tutorial.dim_customers' to be skipped because of status 'error'.  Reason: Database Error in model dim_customers (models\marts\dim_customers.sql)
  permission denied for table customers
  compiled code at target\run\dbt_pg_tutorial\models\marts\dim_customers.sql.
[0m18:14:31.811780 [debug] [Thread-1 (]: SQL status: DROP VIEW in 0.002 seconds
[0m18:14:31.819937 [debug] [Thread-3 (]: Began running node test.dbt_pg_tutorial.not_null_dim_customers_customer_id.dd91cd1c8d
[0m18:14:31.823003 [debug] [Thread-2 (]: Began running node test.dbt_pg_tutorial.unique_dim_customers_customer_id.15c9f1e2fd
[0m18:14:31.833999 [debug] [Thread-1 (]: On model.dbt_pg_tutorial.int_order_payments: Close
[0m18:14:31.839932 [info ] [Thread-3 (]: 6 of 8 SKIP test not_null_dim_customers_customer_id ............................ [[33mSKIP[0m]
[0m18:14:31.845930 [info ] [Thread-2 (]: 7 of 8 SKIP test unique_dim_customers_customer_id .............................. [[33mSKIP[0m]
[0m18:14:31.853778 [debug] [Thread-1 (]: Sending event: {'category': 'dbt', 'action': 'run_model', 'label': 'b5549edf-6415-48c7-b825-3285e68e5492', 'context': [<snowplow_tracker.self_describing_json.SelfDescribingJson object at 0x000001E854456D80>]}
[0m18:14:31.858782 [debug] [Thread-3 (]: Finished running node test.dbt_pg_tutorial.not_null_dim_customers_customer_id.dd91cd1c8d
[0m18:14:31.865799 [debug] [Thread-2 (]: Finished running node test.dbt_pg_tutorial.unique_dim_customers_customer_id.15c9f1e2fd
[0m18:14:31.873789 [info ] [Thread-1 (]: 5 of 8 OK created sql view model analytics_intermediate.int_order_payments ..... [[32mCREATE VIEW[0m in 1.09s]
[0m18:14:31.881889 [debug] [Thread-7 (]: Marking all children of 'test.dbt_pg_tutorial.not_null_dim_customers_customer_id.dd91cd1c8d' to be skipped because of status 'skipped'. 
[0m18:14:31.891032 [debug] [Thread-1 (]: Finished running node model.dbt_pg_tutorial.int_order_payments
[0m18:14:31.897161 [debug] [Thread-7 (]: Marking all children of 'test.dbt_pg_tutorial.unique_dim_customers_customer_id.15c9f1e2fd' to be skipped because of status 'skipped'. 
[0m18:14:31.905766 [debug] [Thread-4 (]: Began running node model.dbt_pg_tutorial.fct_orders
[0m18:14:31.912865 [info ] [Thread-4 (]: 8 of 8 START sql table model analytics_marts.fct_orders ........................ [RUN]
[0m18:14:31.918917 [debug] [Thread-4 (]: Re-using an available connection from the pool (formerly model.dbt_pg_tutorial.dim_customers, now model.dbt_pg_tutorial.fct_orders)
[0m18:14:31.924965 [debug] [Thread-4 (]: Began compiling node model.dbt_pg_tutorial.fct_orders
[0m18:14:31.948930 [debug] [Thread-4 (]: Writing injected SQL for node "model.dbt_pg_tutorial.fct_orders"
[0m18:14:31.998822 [debug] [Thread-4 (]: Began executing node model.dbt_pg_tutorial.fct_orders
[0m18:14:32.024115 [debug] [Thread-4 (]: Writing runtime sql for node "model.dbt_pg_tutorial.fct_orders"
[0m18:14:32.068714 [debug] [Thread-4 (]: Using postgres connection "model.dbt_pg_tutorial.fct_orders"
[0m18:14:32.073711 [debug] [Thread-4 (]: On model.dbt_pg_tutorial.fct_orders: BEGIN
[0m18:14:32.078869 [debug] [Thread-4 (]: Opening a new connection, currently in state closed
[0m18:14:32.550114 [debug] [Thread-4 (]: SQL status: BEGIN in 0.471 seconds
[0m18:14:32.555201 [debug] [Thread-4 (]: Using postgres connection "model.dbt_pg_tutorial.fct_orders"
[0m18:14:32.560105 [debug] [Thread-4 (]: On model.dbt_pg_tutorial.fct_orders: /* {"app": "dbt", "dbt_version": "1.9.0", "profile_name": "dbt_pg_tutorial", "target_name": "dev", "node_id": "model.dbt_pg_tutorial.fct_orders"} */

  
    

  create  table "dbt_tutorial"."analytics_marts"."fct_orders__dbt_tmp"
  
  
    as
  
  (
    

select
    i.order_id,
    i.customer_id,
    i.order_timestamp,
    i.status,
    i.total_amount,
    i.total_paid,
    i.payment_count,
    i.outstanding_amount,
    case
        when i.outstanding_amount = 0 and i.total_amount > 0 then true
        else false
    end as is_fully_paid
from "dbt_tutorial"."analytics_intermediate"."int_order_payments" i
  );
  
[0m18:14:32.582777 [debug] [Thread-4 (]: Postgres adapter: Postgres error: permission denied for table orders

[0m18:14:32.586981 [debug] [Thread-4 (]: On model.dbt_pg_tutorial.fct_orders: ROLLBACK
[0m18:14:32.592934 [debug] [Thread-4 (]: On model.dbt_pg_tutorial.fct_orders: Close
[0m18:14:32.619583 [debug] [Thread-4 (]: Database Error in model fct_orders (models\marts\fct_orders.sql)
  permission denied for table orders
  compiled code at target\run\dbt_pg_tutorial\models\marts\fct_orders.sql
[0m18:14:32.624788 [debug] [Thread-4 (]: Sending event: {'category': 'dbt', 'action': 'run_model', 'label': 'b5549edf-6415-48c7-b825-3285e68e5492', 'context': [<snowplow_tracker.self_describing_json.SelfDescribingJson object at 0x000001E8544B49B0>]}
[0m18:14:32.632791 [error] [Thread-4 (]: 8 of 8 ERROR creating sql table model analytics_marts.fct_orders ............... [[31mERROR[0m in 0.71s]
[0m18:14:32.640590 [debug] [Thread-4 (]: Finished running node model.dbt_pg_tutorial.fct_orders
[0m18:14:32.647337 [debug] [Thread-7 (]: Marking all children of 'model.dbt_pg_tutorial.fct_orders' to be skipped because of status 'error'.  Reason: Database Error in model fct_orders (models\marts\fct_orders.sql)
  permission denied for table orders
  compiled code at target\run\dbt_pg_tutorial\models\marts\fct_orders.sql.
[0m18:14:32.660115 [debug] [MainThread]: Using postgres connection "master"
[0m18:14:32.665261 [debug] [MainThread]: On master: BEGIN
[0m18:14:32.669267 [debug] [MainThread]: Opening a new connection, currently in state closed
[0m18:14:33.148238 [debug] [MainThread]: SQL status: BEGIN in 0.479 seconds
[0m18:14:33.152443 [debug] [MainThread]: On master: COMMIT
[0m18:14:33.157319 [debug] [MainThread]: Using postgres connection "master"
[0m18:14:33.161093 [debug] [MainThread]: On master: COMMIT
[0m18:14:33.166486 [debug] [MainThread]: SQL status: COMMIT in 0.001 seconds
[0m18:14:33.170661 [debug] [MainThread]: On master: Close
[0m18:14:33.176540 [debug] [MainThread]: Connection 'master' was properly closed.
[0m18:14:33.180628 [debug] [MainThread]: Connection 'list_dbt_tutorial' was properly closed.
[0m18:14:33.185082 [debug] [MainThread]: Connection 'list_dbt_tutorial' was properly closed.
[0m18:14:33.188228 [debug] [MainThread]: Connection 'list_dbt_tutorial' was properly closed.
[0m18:14:33.192635 [debug] [MainThread]: Connection 'list_dbt_tutorial_analytics_staging' was properly closed.
[0m18:14:33.196850 [debug] [MainThread]: Connection 'list_dbt_tutorial_analytics_intermediate' was properly closed.
[0m18:14:33.200763 [debug] [MainThread]: Connection 'list_dbt_tutorial_analytics_marts' was properly closed.
[0m18:14:33.203858 [debug] [MainThread]: Connection 'model.dbt_pg_tutorial.int_order_payments' was properly closed.
[0m18:14:33.210781 [debug] [MainThread]: Connection 'model.dbt_pg_tutorial.stg_orders' was properly closed.
[0m18:14:33.214756 [debug] [MainThread]: Connection 'model.dbt_pg_tutorial.stg_payments' was properly closed.
[0m18:14:33.218747 [debug] [MainThread]: Connection 'model.dbt_pg_tutorial.fct_orders' was properly closed.
[0m18:14:33.222912 [info ] [MainThread]: 
[0m18:14:33.230042 [info ] [MainThread]: Finished running 2 table models, 2 data tests, 4 view models in 0 hours 0 minutes and 8.28 seconds (8.28s).
[0m18:14:33.244760 [debug] [MainThread]: Command end result
[0m18:14:33.500273 [debug] [MainThread]: Wrote artifact WritableManifest to C:\Users\kashv\dbt_workspace\dbt_pg_tutorial\target\manifest.json
[0m18:14:33.539192 [debug] [MainThread]: Wrote artifact SemanticManifest to C:\Users\kashv\dbt_workspace\dbt_pg_tutorial\target\semantic_manifest.json
[0m18:14:33.609667 [debug] [MainThread]: Wrote artifact RunExecutionResult to C:\Users\kashv\dbt_workspace\dbt_pg_tutorial\target\run_results.json
[0m18:14:33.616188 [info ] [MainThread]: 
[0m18:14:33.622189 [info ] [MainThread]: [31mCompleted with 2 errors, 0 partial successes, and 0 warnings:[0m
[0m18:14:33.629644 [info ] [MainThread]: 
[0m18:14:33.642433 [error] [MainThread]:   Database Error in model dim_customers (models\marts\dim_customers.sql)
  permission denied for table customers
  compiled code at target\run\dbt_pg_tutorial\models\marts\dim_customers.sql
[0m18:14:33.650426 [info ] [MainThread]: 
[0m18:14:33.657125 [error] [MainThread]:   Database Error in model fct_orders (models\marts\fct_orders.sql)
  permission denied for table orders
  compiled code at target\run\dbt_pg_tutorial\models\marts\fct_orders.sql
[0m18:14:33.664658 [info ] [MainThread]: 
[0m18:14:33.670913 [info ] [MainThread]: Done. PASS=4 WARN=0 ERROR=2 SKIP=2 TOTAL=8
[0m18:14:33.684071 [debug] [MainThread]: Command `dbt build` failed at 18:14:33.683018 after 17.96 seconds
[0m18:14:33.689009 [debug] [MainThread]: Sending event: {'category': 'dbt', 'action': 'invocation', 'label': 'end', 'context': [<snowplow_tracker.self_describing_json.SelfDescribingJson object at 0x000001E851FE6EA0>, <snowplow_tracker.self_describing_json.SelfDescribingJson object at 0x000001E851FB75F0>, <snowplow_tracker.self_describing_json.SelfDescribingJson object at 0x000001E851FB6300>]}
[0m18:14:33.695036 [debug] [MainThread]: Flushing usage events
[0m18:14:33.712069 [debug] [MainThread]: An error was encountered while trying to flush usage events
[0m18:16:08.722590 [debug] [MainThread]: Sending event: {'category': 'dbt', 'action': 'invocation', 'label': 'start', 'context': [<snowplow_tracker.self_describing_json.SelfDescribingJson object at 0x000002046A74ACF0>, <snowplow_tracker.self_describing_json.SelfDescribingJson object at 0x000002046A2F7560>, <snowplow_tracker.self_describing_json.SelfDescribingJson object at 0x000002046A2F7C80>]}


============================== 18:16:08.766923 | c5904836-14b3-4206-b4ad-7ddbc41ab6c4 ==============================
[0m18:16:08.766923 [info ] [MainThread]: Running with dbt=1.9.0
[0m18:16:08.778179 [debug] [MainThread]: running dbt with arguments {'printer_width': '80', 'indirect_selection': 'eager', 'write_json': 'True', 'log_cache_events': 'False', 'partial_parse': 'True', 'cache_selected_only': 'False', 'profiles_dir': 'C:\\Users\\kashv\\.dbt', 'fail_fast': 'False', 'warn_error': 'None', 'log_path': 'C:\\Users\\kashv\\dbt_workspace\\dbt_pg_tutorial\\logs', 'version_check': 'True', 'debug': 'False', 'use_colors': 'True', 'use_experimental_parser': 'False', 'empty': 'False', 'quiet': 'False', 'no_print': 'None', 'log_format': 'default', 'introspect': 'True', 'static_parser': 'True', 'warn_error_options': 'WarnErrorOptions(include=[], exclude=[])', 'target_path': 'None', 'invocation_command': 'dbt build', 'send_anonymous_usage_stats': 'True'}
[0m18:16:11.122141 [debug] [MainThread]: Sending event: {'category': 'dbt', 'action': 'project_id', 'label': 'c5904836-14b3-4206-b4ad-7ddbc41ab6c4', 'context': [<snowplow_tracker.self_describing_json.SelfDescribingJson object at 0x000002046AE20FB0>]}
[0m18:16:11.750832 [debug] [MainThread]: Sending event: {'category': 'dbt', 'action': 'adapter_info', 'label': 'c5904836-14b3-4206-b4ad-7ddbc41ab6c4', 'context': [<snowplow_tracker.self_describing_json.SelfDescribingJson object at 0x000002046888ACC0>]}
[0m18:16:11.769191 [info ] [MainThread]: Registered adapter: postgres=1.9.1
[0m18:16:18.056096 [debug] [MainThread]: checksum: c99e828bba267739642b5a3ce85f17518764ea526e0e6c4fdc649171c1a66bff, vars: {}, profile: , target: , version: 1.9.0
[0m18:16:20.689748 [debug] [MainThread]: Partial parsing enabled: 0 files deleted, 0 files added, 0 files changed.
[0m18:16:20.698803 [debug] [MainThread]: Partial parsing enabled, no changes found, skipping parsing
[0m18:16:21.161276 [debug] [MainThread]: Sending event: {'category': 'dbt', 'action': 'load_project', 'label': 'c5904836-14b3-4206-b4ad-7ddbc41ab6c4', 'context': [<snowplow_tracker.self_describing_json.SelfDescribingJson object at 0x0000020469E191F0>]}
[0m18:16:22.136097 [debug] [MainThread]: Wrote artifact WritableManifest to C:\Users\kashv\dbt_workspace\dbt_pg_tutorial\target\manifest.json
[0m18:16:22.308073 [debug] [MainThread]: Wrote artifact SemanticManifest to C:\Users\kashv\dbt_workspace\dbt_pg_tutorial\target\semantic_manifest.json
[0m18:16:22.799618 [debug] [MainThread]: Sending event: {'category': 'dbt', 'action': 'resource_counts', 'label': 'c5904836-14b3-4206-b4ad-7ddbc41ab6c4', 'context': [<snowplow_tracker.self_describing_json.SelfDescribingJson object at 0x000002046AE21D60>]}
[0m18:16:22.805538 [info ] [MainThread]: Found 6 models, 2 data tests, 3 sources, 434 macros
[0m18:16:22.828521 [info ] [MainThread]: 
[0m18:16:22.835740 [info ] [MainThread]: Concurrency: 4 threads (target='dev')
[0m18:16:22.841812 [info ] [MainThread]: 
[0m18:16:22.850890 [debug] [MainThread]: Acquiring new postgres connection 'master'
[0m18:16:22.896261 [debug] [ThreadPool]: Acquiring new postgres connection 'list_dbt_tutorial'
[0m18:16:22.902379 [debug] [ThreadPool]: Acquiring new postgres connection 'list_dbt_tutorial'
[0m18:16:22.906628 [debug] [ThreadPool]: Acquiring new postgres connection 'list_dbt_tutorial'
[0m18:16:24.054830 [debug] [ThreadPool]: Using postgres connection "list_dbt_tutorial"
[0m18:16:24.059825 [debug] [ThreadPool]: Using postgres connection "list_dbt_tutorial"
[0m18:16:24.062876 [debug] [ThreadPool]: Using postgres connection "list_dbt_tutorial"
[0m18:16:24.067297 [debug] [ThreadPool]: On list_dbt_tutorial: /* {"app": "dbt", "dbt_version": "1.9.0", "profile_name": "dbt_pg_tutorial", "target_name": "dev", "connection_name": "list_dbt_tutorial"} */

    select distinct nspname from pg_namespace
  
[0m18:16:24.072915 [debug] [ThreadPool]: On list_dbt_tutorial: /* {"app": "dbt", "dbt_version": "1.9.0", "profile_name": "dbt_pg_tutorial", "target_name": "dev", "connection_name": "list_dbt_tutorial"} */

    select distinct nspname from pg_namespace
  
[0m18:16:24.076915 [debug] [ThreadPool]: On list_dbt_tutorial: /* {"app": "dbt", "dbt_version": "1.9.0", "profile_name": "dbt_pg_tutorial", "target_name": "dev", "connection_name": "list_dbt_tutorial"} */

    select distinct nspname from pg_namespace
  
[0m18:16:24.084076 [debug] [ThreadPool]: Opening a new connection, currently in state init
[0m18:16:24.089758 [debug] [ThreadPool]: Opening a new connection, currently in state init
[0m18:16:24.094768 [debug] [ThreadPool]: Opening a new connection, currently in state init
[0m18:16:24.763101 [debug] [ThreadPool]: SQL status: SELECT 9 in 0.673 seconds
[0m18:16:24.775101 [debug] [ThreadPool]: On list_dbt_tutorial: Close
[0m18:16:24.777959 [debug] [ThreadPool]: SQL status: SELECT 9 in 0.683 seconds
[0m18:16:24.793253 [debug] [ThreadPool]: On list_dbt_tutorial: Close
[0m18:16:24.900083 [debug] [ThreadPool]: SQL status: SELECT 9 in 0.816 seconds
[0m18:16:24.910773 [debug] [ThreadPool]: On list_dbt_tutorial: Close
[0m18:16:24.928484 [debug] [ThreadPool]: Acquiring new postgres connection 'list_dbt_tutorial_analytics_staging'
[0m18:16:24.935691 [debug] [ThreadPool]: Acquiring new postgres connection 'list_dbt_tutorial_analytics_marts'
[0m18:16:24.952406 [debug] [ThreadPool]: Acquiring new postgres connection 'list_dbt_tutorial_analytics_intermediate'
[0m18:16:24.992746 [debug] [ThreadPool]: Using postgres connection "list_dbt_tutorial_analytics_staging"
[0m18:16:25.006631 [debug] [ThreadPool]: Using postgres connection "list_dbt_tutorial_analytics_marts"
[0m18:16:25.021483 [debug] [ThreadPool]: Using postgres connection "list_dbt_tutorial_analytics_intermediate"
[0m18:16:25.026482 [debug] [ThreadPool]: On list_dbt_tutorial_analytics_staging: BEGIN
[0m18:16:25.032576 [debug] [ThreadPool]: On list_dbt_tutorial_analytics_marts: BEGIN
[0m18:16:25.036589 [debug] [ThreadPool]: On list_dbt_tutorial_analytics_intermediate: BEGIN
[0m18:16:25.041503 [debug] [ThreadPool]: Opening a new connection, currently in state init
[0m18:16:25.046500 [debug] [ThreadPool]: Opening a new connection, currently in state init
[0m18:16:25.051578 [debug] [ThreadPool]: Opening a new connection, currently in state init
[0m18:16:25.584819 [debug] [ThreadPool]: SQL status: BEGIN in 0.543 seconds
[0m18:16:25.589819 [debug] [ThreadPool]: Using postgres connection "list_dbt_tutorial_analytics_staging"
[0m18:16:25.595868 [debug] [ThreadPool]: On list_dbt_tutorial_analytics_staging: /* {"app": "dbt", "dbt_version": "1.9.0", "profile_name": "dbt_pg_tutorial", "target_name": "dev", "connection_name": "list_dbt_tutorial_analytics_staging"} */
select
      'dbt_tutorial' as database,
      tablename as name,
      schemaname as schema,
      'table' as type
    from pg_tables
    where schemaname ilike 'analytics_staging'
    union all
    select
      'dbt_tutorial' as database,
      viewname as name,
      schemaname as schema,
      'view' as type
    from pg_views
    where schemaname ilike 'analytics_staging'
    union all
    select
      'dbt_tutorial' as database,
      matviewname as name,
      schemaname as schema,
      'materialized_view' as type
    from pg_matviews
    where schemaname ilike 'analytics_staging'
  
[0m18:16:25.631995 [debug] [ThreadPool]: SQL status: BEGIN in 0.586 seconds
[0m18:16:25.635559 [debug] [ThreadPool]: SQL status: SELECT 3 in 0.034 seconds
[0m18:16:25.640657 [debug] [ThreadPool]: Using postgres connection "list_dbt_tutorial_analytics_marts"
[0m18:16:25.652556 [debug] [ThreadPool]: On list_dbt_tutorial_analytics_staging: ROLLBACK
[0m18:16:25.657588 [debug] [ThreadPool]: On list_dbt_tutorial_analytics_marts: /* {"app": "dbt", "dbt_version": "1.9.0", "profile_name": "dbt_pg_tutorial", "target_name": "dev", "connection_name": "list_dbt_tutorial_analytics_marts"} */
select
      'dbt_tutorial' as database,
      tablename as name,
      schemaname as schema,
      'table' as type
    from pg_tables
    where schemaname ilike 'analytics_marts'
    union all
    select
      'dbt_tutorial' as database,
      viewname as name,
      schemaname as schema,
      'view' as type
    from pg_views
    where schemaname ilike 'analytics_marts'
    union all
    select
      'dbt_tutorial' as database,
      matviewname as name,
      schemaname as schema,
      'materialized_view' as type
    from pg_matviews
    where schemaname ilike 'analytics_marts'
  
[0m18:16:25.665574 [debug] [ThreadPool]: On list_dbt_tutorial_analytics_staging: Close
[0m18:16:25.704606 [debug] [ThreadPool]: SQL status: SELECT 0 in 0.036 seconds
[0m18:16:25.718204 [debug] [ThreadPool]: On list_dbt_tutorial_analytics_marts: ROLLBACK
[0m18:16:25.725785 [debug] [ThreadPool]: On list_dbt_tutorial_analytics_marts: Close
[0m18:16:25.800428 [debug] [ThreadPool]: SQL status: BEGIN in 0.749 seconds
[0m18:16:25.804488 [debug] [ThreadPool]: Using postgres connection "list_dbt_tutorial_analytics_intermediate"
[0m18:16:25.809125 [debug] [ThreadPool]: On list_dbt_tutorial_analytics_intermediate: /* {"app": "dbt", "dbt_version": "1.9.0", "profile_name": "dbt_pg_tutorial", "target_name": "dev", "connection_name": "list_dbt_tutorial_analytics_intermediate"} */
select
      'dbt_tutorial' as database,
      tablename as name,
      schemaname as schema,
      'table' as type
    from pg_tables
    where schemaname ilike 'analytics_intermediate'
    union all
    select
      'dbt_tutorial' as database,
      viewname as name,
      schemaname as schema,
      'view' as type
    from pg_views
    where schemaname ilike 'analytics_intermediate'
    union all
    select
      'dbt_tutorial' as database,
      matviewname as name,
      schemaname as schema,
      'materialized_view' as type
    from pg_matviews
    where schemaname ilike 'analytics_intermediate'
  
[0m18:16:25.840263 [debug] [ThreadPool]: SQL status: SELECT 1 in 0.026 seconds
[0m18:16:25.851263 [debug] [ThreadPool]: On list_dbt_tutorial_analytics_intermediate: ROLLBACK
[0m18:16:25.858127 [debug] [ThreadPool]: On list_dbt_tutorial_analytics_intermediate: Close
[0m18:16:25.897314 [debug] [MainThread]: Using postgres connection "master"
[0m18:16:25.901943 [debug] [MainThread]: On master: BEGIN
[0m18:16:25.907461 [debug] [MainThread]: Opening a new connection, currently in state init
[0m18:16:26.428410 [debug] [MainThread]: SQL status: BEGIN in 0.529 seconds
[0m18:16:26.438947 [debug] [MainThread]: Using postgres connection "master"
[0m18:16:26.447768 [debug] [MainThread]: On master: /* {"app": "dbt", "dbt_version": "1.9.0", "profile_name": "dbt_pg_tutorial", "target_name": "dev", "connection_name": "master"} */
select distinct
        dependent_namespace.nspname as dependent_schema,
        dependent_class.relname as dependent_name,
        referenced_namespace.nspname as referenced_schema,
        referenced_class.relname as referenced_name

    -- Query for views: views are entries in pg_class with an entry in pg_rewrite, but we avoid
    -- a seq scan on pg_rewrite by leveraging the fact there is an "internal" row in pg_depend for
    -- the view...
    from pg_class as dependent_class
    join pg_namespace as dependent_namespace on dependent_namespace.oid = dependent_class.relnamespace
    join pg_depend as dependent_depend on dependent_depend.refobjid = dependent_class.oid
        and dependent_depend.classid = 'pg_rewrite'::regclass
        and dependent_depend.refclassid = 'pg_class'::regclass
        and dependent_depend.deptype = 'i'

    -- ... and via pg_depend (that has a row per column, hence the need for "distinct" above, and
    -- making sure to exclude the internal row to avoid a view appearing to depend on itself)...
    join pg_depend as joining_depend on joining_depend.objid = dependent_depend.objid
        and joining_depend.classid = 'pg_rewrite'::regclass
        and joining_depend.refclassid = 'pg_class'::regclass
        and joining_depend.refobjid != dependent_depend.refobjid

    -- ... we can find the tables they query from in pg_class, but excluding system tables. Note we
    -- don't need need to exclude _dependent_ system tables, because they only query from other
    -- system tables, and so are automatically excluded by excluding _referenced_ system tables
    join pg_class as referenced_class on referenced_class.oid = joining_depend.refobjid
    join pg_namespace as referenced_namespace on referenced_namespace.oid = referenced_class.relnamespace
        and referenced_namespace.nspname != 'information_schema'
        and referenced_namespace.nspname not like 'pg\_%'

    order by
        dependent_schema, dependent_name, referenced_schema, referenced_name;
[0m18:16:26.477007 [debug] [MainThread]: SQL status: SELECT 5 in 0.031 seconds
[0m18:16:26.500920 [debug] [MainThread]: Sending event: {'category': 'dbt', 'action': 'runnable_timing', 'label': 'c5904836-14b3-4206-b4ad-7ddbc41ab6c4', 'context': [<snowplow_tracker.self_describing_json.SelfDescribingJson object at 0x000002046C73F1A0>]}
[0m18:16:26.507104 [debug] [MainThread]: On master: ROLLBACK
[0m18:16:26.509652 [debug] [MainThread]: Using postgres connection "master"
[0m18:16:26.509652 [debug] [MainThread]: On master: BEGIN
[0m18:16:26.524004 [debug] [MainThread]: SQL status: BEGIN in 0.003 seconds
[0m18:16:26.524004 [debug] [MainThread]: On master: COMMIT
[0m18:16:26.534185 [debug] [MainThread]: Using postgres connection "master"
[0m18:16:26.538642 [debug] [MainThread]: On master: COMMIT
[0m18:16:26.538642 [debug] [MainThread]: SQL status: COMMIT in 0.001 seconds
[0m18:16:26.538642 [debug] [MainThread]: On master: Close
[0m18:16:26.574435 [debug] [Thread-1 (]: Began running node model.dbt_pg_tutorial.stg_customers
[0m18:16:26.574435 [debug] [Thread-2 (]: Began running node model.dbt_pg_tutorial.stg_orders
[0m18:16:26.581393 [debug] [Thread-3 (]: Began running node model.dbt_pg_tutorial.stg_payments
[0m18:16:26.586452 [info ] [Thread-1 (]: 1 of 8 START sql view model analytics_staging.stg_customers .................... [RUN]
[0m18:16:26.595263 [info ] [Thread-2 (]: 2 of 8 START sql view model analytics_staging.stg_orders ....................... [RUN]
[0m18:16:26.604648 [info ] [Thread-3 (]: 3 of 8 START sql view model analytics_staging.stg_payments ..................... [RUN]
[0m18:16:26.610118 [debug] [Thread-1 (]: Acquiring new postgres connection 'model.dbt_pg_tutorial.stg_customers'
[0m18:16:26.618358 [debug] [Thread-2 (]: Acquiring new postgres connection 'model.dbt_pg_tutorial.stg_orders'
[0m18:16:26.618358 [debug] [Thread-3 (]: Acquiring new postgres connection 'model.dbt_pg_tutorial.stg_payments'
[0m18:16:26.634214 [debug] [Thread-1 (]: Began compiling node model.dbt_pg_tutorial.stg_customers
[0m18:16:26.636270 [debug] [Thread-2 (]: Began compiling node model.dbt_pg_tutorial.stg_orders
[0m18:16:26.636270 [debug] [Thread-3 (]: Began compiling node model.dbt_pg_tutorial.stg_payments
[0m18:16:26.698265 [debug] [Thread-1 (]: Writing injected SQL for node "model.dbt_pg_tutorial.stg_customers"
[0m18:16:26.726893 [debug] [Thread-2 (]: Writing injected SQL for node "model.dbt_pg_tutorial.stg_orders"
[0m18:16:26.750146 [debug] [Thread-3 (]: Writing injected SQL for node "model.dbt_pg_tutorial.stg_payments"
[0m18:16:26.838753 [debug] [Thread-1 (]: Began executing node model.dbt_pg_tutorial.stg_customers
[0m18:16:26.844349 [debug] [Thread-2 (]: Began executing node model.dbt_pg_tutorial.stg_orders
[0m18:16:26.846374 [debug] [Thread-3 (]: Began executing node model.dbt_pg_tutorial.stg_payments
[0m18:16:27.413739 [debug] [Thread-1 (]: Writing runtime sql for node "model.dbt_pg_tutorial.stg_customers"
[0m18:16:27.435921 [debug] [Thread-2 (]: Writing runtime sql for node "model.dbt_pg_tutorial.stg_orders"
[0m18:16:27.458997 [debug] [Thread-3 (]: Writing runtime sql for node "model.dbt_pg_tutorial.stg_payments"
[0m18:16:27.546415 [debug] [Thread-1 (]: Using postgres connection "model.dbt_pg_tutorial.stg_customers"
[0m18:16:27.550458 [debug] [Thread-2 (]: Using postgres connection "model.dbt_pg_tutorial.stg_orders"
[0m18:16:27.554482 [debug] [Thread-3 (]: Using postgres connection "model.dbt_pg_tutorial.stg_payments"
[0m18:16:27.559451 [debug] [Thread-1 (]: On model.dbt_pg_tutorial.stg_customers: BEGIN
[0m18:16:27.566286 [debug] [Thread-2 (]: On model.dbt_pg_tutorial.stg_orders: BEGIN
[0m18:16:27.571871 [debug] [Thread-3 (]: On model.dbt_pg_tutorial.stg_payments: BEGIN
[0m18:16:27.578507 [debug] [Thread-1 (]: Opening a new connection, currently in state init
[0m18:16:27.585512 [debug] [Thread-2 (]: Opening a new connection, currently in state init
[0m18:16:27.591512 [debug] [Thread-3 (]: Opening a new connection, currently in state init
[0m18:16:28.150707 [debug] [Thread-1 (]: SQL status: BEGIN in 0.572 seconds
[0m18:16:28.156722 [debug] [Thread-1 (]: Using postgres connection "model.dbt_pg_tutorial.stg_customers"
[0m18:16:28.162953 [debug] [Thread-1 (]: On model.dbt_pg_tutorial.stg_customers: /* {"app": "dbt", "dbt_version": "1.9.0", "profile_name": "dbt_pg_tutorial", "target_name": "dev", "node_id": "model.dbt_pg_tutorial.stg_customers"} */

  create view "dbt_tutorial"."analytics_staging"."stg_customers__dbt_tmp"
    
    
  as (
    

with source as (
    select * from "dbt_tutorial"."raw"."customers"
),
renamed as (
    select
        id                as customer_id,
        lower(trim(first_name)) as first_name,
        lower(trim(last_name))  as last_name,
        lower(trim(email))      as email,
        created_at
    from source
)
select * from renamed
  );
[0m18:16:28.192538 [debug] [Thread-1 (]: SQL status: CREATE VIEW in 0.021 seconds
[0m18:16:28.255445 [debug] [Thread-1 (]: Using postgres connection "model.dbt_pg_tutorial.stg_customers"
[0m18:16:28.262448 [debug] [Thread-1 (]: On model.dbt_pg_tutorial.stg_customers: /* {"app": "dbt", "dbt_version": "1.9.0", "profile_name": "dbt_pg_tutorial", "target_name": "dev", "node_id": "model.dbt_pg_tutorial.stg_customers"} */
alter table "dbt_tutorial"."analytics_staging"."stg_customers" rename to "stg_customers__dbt_backup"
[0m18:16:28.272440 [debug] [Thread-2 (]: SQL status: BEGIN in 0.687 seconds
[0m18:16:28.276502 [debug] [Thread-1 (]: SQL status: ALTER TABLE in 0.008 seconds
[0m18:16:28.281438 [debug] [Thread-2 (]: Using postgres connection "model.dbt_pg_tutorial.stg_orders"
[0m18:16:28.306499 [debug] [Thread-1 (]: Using postgres connection "model.dbt_pg_tutorial.stg_customers"
[0m18:16:28.312079 [debug] [Thread-2 (]: On model.dbt_pg_tutorial.stg_orders: /* {"app": "dbt", "dbt_version": "1.9.0", "profile_name": "dbt_pg_tutorial", "target_name": "dev", "node_id": "model.dbt_pg_tutorial.stg_orders"} */

  create view "dbt_tutorial"."analytics_staging"."stg_orders__dbt_tmp"
    
    
  as (
    

with source as (
    select * from "dbt_tutorial"."raw"."orders"
),
casted as (
    select
        id           as order_id,
        user_id      as customer_id,
        order_date::timestamp as order_timestamp,
        lower(status) as status,
        total_amount::numeric(10,2) as total_amount
    from source
)
select * from casted
  );
[0m18:16:28.319742 [debug] [Thread-1 (]: On model.dbt_pg_tutorial.stg_customers: /* {"app": "dbt", "dbt_version": "1.9.0", "profile_name": "dbt_pg_tutorial", "target_name": "dev", "node_id": "model.dbt_pg_tutorial.stg_customers"} */
alter table "dbt_tutorial"."analytics_staging"."stg_customers__dbt_tmp" rename to "stg_customers"
[0m18:16:28.336335 [debug] [Thread-1 (]: SQL status: ALTER TABLE in 0.004 seconds
[0m18:16:28.366004 [debug] [Thread-2 (]: SQL status: CREATE VIEW in 0.039 seconds
[0m18:16:28.446283 [debug] [Thread-2 (]: Using postgres connection "model.dbt_pg_tutorial.stg_orders"
[0m18:16:28.449286 [debug] [Thread-3 (]: SQL status: BEGIN in 0.858 seconds
[0m18:16:28.507314 [debug] [Thread-1 (]: On model.dbt_pg_tutorial.stg_customers: COMMIT
[0m18:16:28.511331 [debug] [Thread-2 (]: On model.dbt_pg_tutorial.stg_orders: /* {"app": "dbt", "dbt_version": "1.9.0", "profile_name": "dbt_pg_tutorial", "target_name": "dev", "node_id": "model.dbt_pg_tutorial.stg_orders"} */
alter table "dbt_tutorial"."analytics_staging"."stg_orders" rename to "stg_orders__dbt_backup"
[0m18:16:28.517912 [debug] [Thread-3 (]: Using postgres connection "model.dbt_pg_tutorial.stg_payments"
[0m18:16:28.524954 [debug] [Thread-1 (]: Using postgres connection "model.dbt_pg_tutorial.stg_customers"
[0m18:16:28.537684 [debug] [Thread-2 (]: SQL status: ALTER TABLE in 0.004 seconds
[0m18:16:28.541685 [debug] [Thread-3 (]: On model.dbt_pg_tutorial.stg_payments: /* {"app": "dbt", "dbt_version": "1.9.0", "profile_name": "dbt_pg_tutorial", "target_name": "dev", "node_id": "model.dbt_pg_tutorial.stg_payments"} */

  create view "dbt_tutorial"."analytics_staging"."stg_payments__dbt_tmp"
    
    
  as (
    

with source as (
    select * from "dbt_tutorial"."raw"."payments"
),
casted as (
    select
        id           as payment_id,
        order_id,
        lower(payment_method) as payment_method,
        amount::numeric(10,2) as amount,
        paid_at::timestamp    as paid_at
    from source
)
select * from casted
  );
[0m18:16:28.549358 [debug] [Thread-1 (]: On model.dbt_pg_tutorial.stg_customers: COMMIT
[0m18:16:28.578156 [debug] [Thread-2 (]: Using postgres connection "model.dbt_pg_tutorial.stg_orders"
[0m18:16:28.593151 [debug] [Thread-2 (]: On model.dbt_pg_tutorial.stg_orders: /* {"app": "dbt", "dbt_version": "1.9.0", "profile_name": "dbt_pg_tutorial", "target_name": "dev", "node_id": "model.dbt_pg_tutorial.stg_orders"} */
alter table "dbt_tutorial"."analytics_staging"."stg_orders__dbt_tmp" rename to "stg_orders"
[0m18:16:28.598142 [debug] [Thread-1 (]: SQL status: COMMIT in 0.010 seconds
[0m18:16:28.611408 [debug] [Thread-2 (]: SQL status: ALTER TABLE in 0.005 seconds
[0m18:16:28.631421 [debug] [Thread-3 (]: SQL status: CREATE VIEW in 0.047 seconds
[0m18:16:28.673882 [debug] [Thread-1 (]: Applying DROP to: "dbt_tutorial"."analytics_staging"."stg_customers__dbt_backup"
[0m18:16:28.693500 [debug] [Thread-2 (]: On model.dbt_pg_tutorial.stg_orders: COMMIT
[0m18:16:28.729092 [debug] [Thread-3 (]: Using postgres connection "model.dbt_pg_tutorial.stg_payments"
[0m18:16:28.778254 [debug] [Thread-1 (]: Using postgres connection "model.dbt_pg_tutorial.stg_customers"
[0m18:16:28.784254 [debug] [Thread-2 (]: Using postgres connection "model.dbt_pg_tutorial.stg_orders"
[0m18:16:28.792253 [debug] [Thread-3 (]: On model.dbt_pg_tutorial.stg_payments: /* {"app": "dbt", "dbt_version": "1.9.0", "profile_name": "dbt_pg_tutorial", "target_name": "dev", "node_id": "model.dbt_pg_tutorial.stg_payments"} */
alter table "dbt_tutorial"."analytics_staging"."stg_payments" rename to "stg_payments__dbt_backup"
[0m18:16:28.801296 [debug] [Thread-1 (]: On model.dbt_pg_tutorial.stg_customers: /* {"app": "dbt", "dbt_version": "1.9.0", "profile_name": "dbt_pg_tutorial", "target_name": "dev", "node_id": "model.dbt_pg_tutorial.stg_customers"} */
drop view if exists "dbt_tutorial"."analytics_staging"."stg_customers__dbt_backup" cascade
[0m18:16:28.810299 [debug] [Thread-2 (]: On model.dbt_pg_tutorial.stg_orders: COMMIT
[0m18:16:28.822876 [debug] [Thread-3 (]: SQL status: ALTER TABLE in 0.005 seconds
[0m18:16:28.833876 [debug] [Thread-1 (]: SQL status: DROP VIEW in 0.010 seconds
[0m18:16:28.837900 [debug] [Thread-2 (]: SQL status: COMMIT in 0.005 seconds
[0m18:16:28.868911 [debug] [Thread-3 (]: Using postgres connection "model.dbt_pg_tutorial.stg_payments"
[0m18:16:28.893408 [debug] [Thread-1 (]: On model.dbt_pg_tutorial.stg_customers: Close
[0m18:16:28.920990 [debug] [Thread-2 (]: Applying DROP to: "dbt_tutorial"."analytics_staging"."stg_orders__dbt_backup"
[0m18:16:28.928002 [debug] [Thread-3 (]: On model.dbt_pg_tutorial.stg_payments: /* {"app": "dbt", "dbt_version": "1.9.0", "profile_name": "dbt_pg_tutorial", "target_name": "dev", "node_id": "model.dbt_pg_tutorial.stg_payments"} */
alter table "dbt_tutorial"."analytics_staging"."stg_payments__dbt_tmp" rename to "stg_payments"
[0m18:16:28.953585 [debug] [Thread-2 (]: Using postgres connection "model.dbt_pg_tutorial.stg_orders"
[0m18:16:28.964624 [debug] [Thread-1 (]: Sending event: {'category': 'dbt', 'action': 'run_model', 'label': 'c5904836-14b3-4206-b4ad-7ddbc41ab6c4', 'context': [<snowplow_tracker.self_describing_json.SelfDescribingJson object at 0x000002046C770950>]}
[0m18:16:28.968633 [debug] [Thread-3 (]: SQL status: ALTER TABLE in 0.006 seconds
[0m18:16:28.973620 [debug] [Thread-2 (]: On model.dbt_pg_tutorial.stg_orders: /* {"app": "dbt", "dbt_version": "1.9.0", "profile_name": "dbt_pg_tutorial", "target_name": "dev", "node_id": "model.dbt_pg_tutorial.stg_orders"} */
drop view if exists "dbt_tutorial"."analytics_staging"."stg_orders__dbt_backup" cascade
[0m18:16:28.984014 [info ] [Thread-1 (]: 1 of 8 OK created sql view model analytics_staging.stg_customers ............... [[32mCREATE VIEW[0m in 2.33s]
[0m18:16:29.005474 [debug] [Thread-3 (]: On model.dbt_pg_tutorial.stg_payments: COMMIT
[0m18:16:29.021425 [debug] [Thread-1 (]: Finished running node model.dbt_pg_tutorial.stg_customers
[0m18:16:29.028609 [debug] [Thread-3 (]: Using postgres connection "model.dbt_pg_tutorial.stg_payments"
[0m18:16:29.032589 [debug] [Thread-2 (]: SQL status: DROP VIEW in 0.019 seconds
[0m18:16:29.042221 [debug] [Thread-4 (]: Began running node model.dbt_pg_tutorial.dim_customers
[0m18:16:29.049667 [debug] [Thread-3 (]: On model.dbt_pg_tutorial.stg_payments: COMMIT
[0m18:16:29.066226 [debug] [Thread-2 (]: On model.dbt_pg_tutorial.stg_orders: Close
[0m18:16:29.074225 [info ] [Thread-4 (]: 4 of 8 START sql table model analytics_marts.dim_customers ..................... [RUN]
[0m18:16:29.088235 [debug] [Thread-2 (]: Sending event: {'category': 'dbt', 'action': 'run_model', 'label': 'c5904836-14b3-4206-b4ad-7ddbc41ab6c4', 'context': [<snowplow_tracker.self_describing_json.SelfDescribingJson object at 0x000002046C738C50>]}
[0m18:16:29.093227 [debug] [Thread-3 (]: SQL status: COMMIT in 0.010 seconds
[0m18:16:29.098234 [debug] [Thread-4 (]: Acquiring new postgres connection 'model.dbt_pg_tutorial.dim_customers'
[0m18:16:29.110280 [info ] [Thread-2 (]: 2 of 8 OK created sql view model analytics_staging.stg_orders .................. [[32mCREATE VIEW[0m in 2.47s]
[0m18:16:29.142230 [debug] [Thread-3 (]: Applying DROP to: "dbt_tutorial"."analytics_staging"."stg_payments__dbt_backup"
[0m18:16:29.150265 [debug] [Thread-4 (]: Began compiling node model.dbt_pg_tutorial.dim_customers
[0m18:16:29.160307 [debug] [Thread-2 (]: Finished running node model.dbt_pg_tutorial.stg_orders
[0m18:16:29.170298 [debug] [Thread-3 (]: Using postgres connection "model.dbt_pg_tutorial.stg_payments"
[0m18:16:29.206910 [debug] [Thread-4 (]: Writing injected SQL for node "model.dbt_pg_tutorial.dim_customers"
[0m18:16:29.216921 [debug] [Thread-3 (]: On model.dbt_pg_tutorial.stg_payments: /* {"app": "dbt", "dbt_version": "1.9.0", "profile_name": "dbt_pg_tutorial", "target_name": "dev", "node_id": "model.dbt_pg_tutorial.stg_payments"} */
drop view if exists "dbt_tutorial"."analytics_staging"."stg_payments__dbt_backup" cascade
[0m18:16:29.240517 [debug] [Thread-3 (]: SQL status: DROP VIEW in 0.010 seconds
[0m18:16:29.258502 [debug] [Thread-3 (]: On model.dbt_pg_tutorial.stg_payments: Close
[0m18:16:29.267494 [debug] [Thread-3 (]: Sending event: {'category': 'dbt', 'action': 'run_model', 'label': 'c5904836-14b3-4206-b4ad-7ddbc41ab6c4', 'context': [<snowplow_tracker.self_describing_json.SelfDescribingJson object at 0x000002046CEC9B20>]}
[0m18:16:29.278493 [info ] [Thread-3 (]: 3 of 8 OK created sql view model analytics_staging.stg_payments ................ [[32mCREATE VIEW[0m in 2.65s]
[0m18:16:29.285539 [debug] [Thread-4 (]: Began executing node model.dbt_pg_tutorial.dim_customers
[0m18:16:29.297102 [debug] [Thread-3 (]: Finished running node model.dbt_pg_tutorial.stg_payments
[0m18:16:29.449897 [debug] [Thread-1 (]: Began running node model.dbt_pg_tutorial.int_order_payments
[0m18:16:29.495932 [debug] [Thread-4 (]: Writing runtime sql for node "model.dbt_pg_tutorial.dim_customers"
[0m18:16:29.500904 [info ] [Thread-1 (]: 5 of 8 START sql view model analytics_intermediate.int_order_payments .......... [RUN]
[0m18:16:29.511347 [debug] [Thread-1 (]: Re-using an available connection from the pool (formerly model.dbt_pg_tutorial.stg_customers, now model.dbt_pg_tutorial.int_order_payments)
[0m18:16:29.518888 [debug] [Thread-1 (]: Began compiling node model.dbt_pg_tutorial.int_order_payments
[0m18:16:29.550976 [debug] [Thread-1 (]: Writing injected SQL for node "model.dbt_pg_tutorial.int_order_payments"
[0m18:16:29.572089 [debug] [Thread-4 (]: Using postgres connection "model.dbt_pg_tutorial.dim_customers"
[0m18:16:29.578220 [debug] [Thread-4 (]: On model.dbt_pg_tutorial.dim_customers: BEGIN
[0m18:16:29.584231 [debug] [Thread-4 (]: Opening a new connection, currently in state init
[0m18:16:29.607647 [debug] [Thread-1 (]: Began executing node model.dbt_pg_tutorial.int_order_payments
[0m18:16:29.639467 [debug] [Thread-1 (]: Writing runtime sql for node "model.dbt_pg_tutorial.int_order_payments"
[0m18:16:29.695606 [debug] [Thread-1 (]: Using postgres connection "model.dbt_pg_tutorial.int_order_payments"
[0m18:16:29.702606 [debug] [Thread-1 (]: On model.dbt_pg_tutorial.int_order_payments: BEGIN
[0m18:16:29.707624 [debug] [Thread-1 (]: Opening a new connection, currently in state closed
[0m18:16:30.137194 [debug] [Thread-4 (]: SQL status: BEGIN in 0.552 seconds
[0m18:16:30.142191 [debug] [Thread-4 (]: Using postgres connection "model.dbt_pg_tutorial.dim_customers"
[0m18:16:30.148197 [debug] [Thread-4 (]: On model.dbt_pg_tutorial.dim_customers: /* {"app": "dbt", "dbt_version": "1.9.0", "profile_name": "dbt_pg_tutorial", "target_name": "dev", "node_id": "model.dbt_pg_tutorial.dim_customers"} */

  
    

  create  table "dbt_tutorial"."analytics_marts"."dim_customers__dbt_tmp"
  
  
    as
  
  (
    

select
    c.customer_id,
    initcap(c.first_name) as first_name,
    initcap(c.last_name)  as last_name,
    c.email,
    c.created_at
from "dbt_tutorial"."analytics_staging"."stg_customers" c
  );
  
[0m18:16:30.167188 [debug] [Thread-4 (]: Postgres adapter: Postgres error: permission denied for table customers

[0m18:16:30.174230 [debug] [Thread-4 (]: On model.dbt_pg_tutorial.dim_customers: ROLLBACK
[0m18:16:30.182346 [debug] [Thread-4 (]: On model.dbt_pg_tutorial.dim_customers: Close
[0m18:16:30.288704 [debug] [Thread-4 (]: Database Error in model dim_customers (models\marts\dim_customers.sql)
  permission denied for table customers
  compiled code at target\run\dbt_pg_tutorial\models\marts\dim_customers.sql
[0m18:16:30.295695 [debug] [Thread-4 (]: Sending event: {'category': 'dbt', 'action': 'run_model', 'label': 'c5904836-14b3-4206-b4ad-7ddbc41ab6c4', 'context': [<snowplow_tracker.self_describing_json.SelfDescribingJson object at 0x000002046CB32600>]}
[0m18:16:30.304699 [error] [Thread-4 (]: 4 of 8 ERROR creating sql table model analytics_marts.dim_customers ............ [[31mERROR[0m in 1.20s]
[0m18:16:30.315755 [debug] [Thread-4 (]: Finished running node model.dbt_pg_tutorial.dim_customers
[0m18:16:30.327362 [debug] [Thread-7 (]: Marking all children of 'model.dbt_pg_tutorial.dim_customers' to be skipped because of status 'error'.  Reason: Database Error in model dim_customers (models\marts\dim_customers.sql)
  permission denied for table customers
  compiled code at target\run\dbt_pg_tutorial\models\marts\dim_customers.sql.
[0m18:16:30.332370 [debug] [Thread-1 (]: SQL status: BEGIN in 0.624 seconds
[0m18:16:30.341359 [debug] [Thread-3 (]: Began running node test.dbt_pg_tutorial.not_null_dim_customers_customer_id.dd91cd1c8d
[0m18:16:30.346347 [debug] [Thread-2 (]: Began running node test.dbt_pg_tutorial.unique_dim_customers_customer_id.15c9f1e2fd
[0m18:16:30.351359 [debug] [Thread-1 (]: Using postgres connection "model.dbt_pg_tutorial.int_order_payments"
[0m18:16:30.358370 [info ] [Thread-3 (]: 6 of 8 SKIP test not_null_dim_customers_customer_id ............................ [[33mSKIP[0m]
[0m18:16:30.364355 [info ] [Thread-2 (]: 7 of 8 SKIP test unique_dim_customers_customer_id .............................. [[33mSKIP[0m]
[0m18:16:30.372370 [debug] [Thread-1 (]: On model.dbt_pg_tutorial.int_order_payments: /* {"app": "dbt", "dbt_version": "1.9.0", "profile_name": "dbt_pg_tutorial", "target_name": "dev", "node_id": "model.dbt_pg_tutorial.int_order_payments"} */

  create view "dbt_tutorial"."analytics_intermediate"."int_order_payments__dbt_tmp"
    
    
  as (
    

with payments as (
    select
        order_id,
        sum(amount) as total_paid,
        count(*)    as payment_count
    from "dbt_tutorial"."analytics_staging"."stg_payments"
    group by 1
)

select
    o.order_id,
    o.customer_id,
    o.order_timestamp,
    o.status,
    o.total_amount,
    coalesce(p.total_paid, 0)   as total_paid,
    coalesce(p.payment_count, 0) as payment_count,
    (o.total_amount - coalesce(p.total_paid, 0)) as outstanding_amount
from "dbt_tutorial"."analytics_staging"."stg_orders" o
left join payments p on o.order_id = p.order_id
  );
[0m18:16:30.381358 [debug] [Thread-3 (]: Finished running node test.dbt_pg_tutorial.not_null_dim_customers_customer_id.dd91cd1c8d
[0m18:16:30.389360 [debug] [Thread-2 (]: Finished running node test.dbt_pg_tutorial.unique_dim_customers_customer_id.15c9f1e2fd
[0m18:16:30.402354 [debug] [Thread-7 (]: Marking all children of 'test.dbt_pg_tutorial.not_null_dim_customers_customer_id.dd91cd1c8d' to be skipped because of status 'skipped'. 
[0m18:16:30.415413 [debug] [Thread-7 (]: Marking all children of 'test.dbt_pg_tutorial.unique_dim_customers_customer_id.15c9f1e2fd' to be skipped because of status 'skipped'. 
[0m18:16:30.429544 [debug] [Thread-1 (]: SQL status: CREATE VIEW in 0.030 seconds
[0m18:16:30.456537 [debug] [Thread-1 (]: Using postgres connection "model.dbt_pg_tutorial.int_order_payments"
[0m18:16:30.463538 [debug] [Thread-1 (]: On model.dbt_pg_tutorial.int_order_payments: /* {"app": "dbt", "dbt_version": "1.9.0", "profile_name": "dbt_pg_tutorial", "target_name": "dev", "node_id": "model.dbt_pg_tutorial.int_order_payments"} */
alter table "dbt_tutorial"."analytics_intermediate"."int_order_payments__dbt_tmp" rename to "int_order_payments"
[0m18:16:30.473146 [debug] [Thread-1 (]: SQL status: ALTER TABLE in 0.004 seconds
[0m18:16:30.487235 [debug] [Thread-1 (]: On model.dbt_pg_tutorial.int_order_payments: COMMIT
[0m18:16:30.494831 [debug] [Thread-1 (]: Using postgres connection "model.dbt_pg_tutorial.int_order_payments"
[0m18:16:30.500812 [debug] [Thread-1 (]: On model.dbt_pg_tutorial.int_order_payments: COMMIT
[0m18:16:30.510878 [debug] [Thread-1 (]: SQL status: COMMIT in 0.004 seconds
[0m18:16:30.531437 [debug] [Thread-1 (]: Applying DROP to: "dbt_tutorial"."analytics_intermediate"."int_order_payments__dbt_backup"
[0m18:16:30.539440 [debug] [Thread-1 (]: Using postgres connection "model.dbt_pg_tutorial.int_order_payments"
[0m18:16:30.545499 [debug] [Thread-1 (]: On model.dbt_pg_tutorial.int_order_payments: /* {"app": "dbt", "dbt_version": "1.9.0", "profile_name": "dbt_pg_tutorial", "target_name": "dev", "node_id": "model.dbt_pg_tutorial.int_order_payments"} */
drop view if exists "dbt_tutorial"."analytics_intermediate"."int_order_payments__dbt_backup" cascade
[0m18:16:30.552724 [debug] [Thread-1 (]: SQL status: DROP VIEW in 0.002 seconds
[0m18:16:30.564122 [debug] [Thread-1 (]: On model.dbt_pg_tutorial.int_order_payments: Close
[0m18:16:30.571815 [debug] [Thread-1 (]: Sending event: {'category': 'dbt', 'action': 'run_model', 'label': 'c5904836-14b3-4206-b4ad-7ddbc41ab6c4', 'context': [<snowplow_tracker.self_describing_json.SelfDescribingJson object at 0x000002046CEC82C0>]}
[0m18:16:30.579494 [info ] [Thread-1 (]: 5 of 8 OK created sql view model analytics_intermediate.int_order_payments ..... [[32mCREATE VIEW[0m in 1.06s]
[0m18:16:30.592402 [debug] [Thread-1 (]: Finished running node model.dbt_pg_tutorial.int_order_payments
[0m18:16:30.601419 [debug] [Thread-4 (]: Began running node model.dbt_pg_tutorial.fct_orders
[0m18:16:30.608465 [info ] [Thread-4 (]: 8 of 8 START sql table model analytics_marts.fct_orders ........................ [RUN]
[0m18:16:30.618245 [debug] [Thread-4 (]: Re-using an available connection from the pool (formerly model.dbt_pg_tutorial.dim_customers, now model.dbt_pg_tutorial.fct_orders)
[0m18:16:30.623855 [debug] [Thread-4 (]: Began compiling node model.dbt_pg_tutorial.fct_orders
[0m18:16:30.649091 [debug] [Thread-4 (]: Writing injected SQL for node "model.dbt_pg_tutorial.fct_orders"
[0m18:16:30.704261 [debug] [Thread-4 (]: Began executing node model.dbt_pg_tutorial.fct_orders
[0m18:16:30.734196 [debug] [Thread-4 (]: Writing runtime sql for node "model.dbt_pg_tutorial.fct_orders"
[0m18:16:30.784241 [debug] [Thread-4 (]: Using postgres connection "model.dbt_pg_tutorial.fct_orders"
[0m18:16:30.790777 [debug] [Thread-4 (]: On model.dbt_pg_tutorial.fct_orders: BEGIN
[0m18:16:30.796846 [debug] [Thread-4 (]: Opening a new connection, currently in state closed
[0m18:16:31.384050 [debug] [Thread-4 (]: SQL status: BEGIN in 0.586 seconds
[0m18:16:31.391674 [debug] [Thread-4 (]: Using postgres connection "model.dbt_pg_tutorial.fct_orders"
[0m18:16:31.399729 [debug] [Thread-4 (]: On model.dbt_pg_tutorial.fct_orders: /* {"app": "dbt", "dbt_version": "1.9.0", "profile_name": "dbt_pg_tutorial", "target_name": "dev", "node_id": "model.dbt_pg_tutorial.fct_orders"} */

  
    

  create  table "dbt_tutorial"."analytics_marts"."fct_orders__dbt_tmp"
  
  
    as
  
  (
    

select
    i.order_id,
    i.customer_id,
    i.order_timestamp,
    i.status,
    i.total_amount,
    i.total_paid,
    i.payment_count,
    i.outstanding_amount,
    case
        when i.outstanding_amount = 0 and i.total_amount > 0 then true
        else false
    end as is_fully_paid
from "dbt_tutorial"."analytics_intermediate"."int_order_payments" i
  );
  
[0m18:16:31.435537 [debug] [Thread-4 (]: Postgres adapter: Postgres error: permission denied for table orders

[0m18:16:31.443481 [debug] [Thread-4 (]: On model.dbt_pg_tutorial.fct_orders: ROLLBACK
[0m18:16:31.453433 [debug] [Thread-4 (]: On model.dbt_pg_tutorial.fct_orders: Close
[0m18:16:31.491815 [debug] [Thread-4 (]: Database Error in model fct_orders (models\marts\fct_orders.sql)
  permission denied for table orders
  compiled code at target\run\dbt_pg_tutorial\models\marts\fct_orders.sql
[0m18:16:31.505834 [debug] [Thread-4 (]: Sending event: {'category': 'dbt', 'action': 'run_model', 'label': 'c5904836-14b3-4206-b4ad-7ddbc41ab6c4', 'context': [<snowplow_tracker.self_describing_json.SelfDescribingJson object at 0x000002046CF33950>]}
[0m18:16:31.556053 [error] [Thread-4 (]: 8 of 8 ERROR creating sql table model analytics_marts.fct_orders ............... [[31mERROR[0m in 0.88s]
[0m18:16:31.597298 [debug] [Thread-4 (]: Finished running node model.dbt_pg_tutorial.fct_orders
[0m18:16:31.630637 [debug] [Thread-7 (]: Marking all children of 'model.dbt_pg_tutorial.fct_orders' to be skipped because of status 'error'.  Reason: Database Error in model fct_orders (models\marts\fct_orders.sql)
  permission denied for table orders
  compiled code at target\run\dbt_pg_tutorial\models\marts\fct_orders.sql.
[0m18:16:31.649233 [debug] [MainThread]: Using postgres connection "master"
[0m18:16:31.655605 [debug] [MainThread]: On master: BEGIN
[0m18:16:31.662395 [debug] [MainThread]: Opening a new connection, currently in state closed
[0m18:16:33.280712 [debug] [MainThread]: SQL status: BEGIN in 1.618 seconds
[0m18:16:33.287859 [debug] [MainThread]: On master: COMMIT
[0m18:16:33.293816 [debug] [MainThread]: Using postgres connection "master"
[0m18:16:33.300192 [debug] [MainThread]: On master: COMMIT
[0m18:16:33.308343 [debug] [MainThread]: SQL status: COMMIT in 0.001 seconds
[0m18:16:33.314392 [debug] [MainThread]: On master: Close
[0m18:16:33.322660 [debug] [MainThread]: Connection 'master' was properly closed.
[0m18:16:33.331788 [debug] [MainThread]: Connection 'list_dbt_tutorial' was properly closed.
[0m18:16:33.338138 [debug] [MainThread]: Connection 'list_dbt_tutorial' was properly closed.
[0m18:16:33.345732 [debug] [MainThread]: Connection 'list_dbt_tutorial' was properly closed.
[0m18:16:33.351752 [debug] [MainThread]: Connection 'list_dbt_tutorial_analytics_staging' was properly closed.
[0m18:16:33.357768 [debug] [MainThread]: Connection 'list_dbt_tutorial_analytics_marts' was properly closed.
[0m18:16:33.366891 [debug] [MainThread]: Connection 'list_dbt_tutorial_analytics_intermediate' was properly closed.
[0m18:16:33.373263 [debug] [MainThread]: Connection 'model.dbt_pg_tutorial.int_order_payments' was properly closed.
[0m18:16:33.380015 [debug] [MainThread]: Connection 'model.dbt_pg_tutorial.stg_orders' was properly closed.
[0m18:16:33.386503 [debug] [MainThread]: Connection 'model.dbt_pg_tutorial.stg_payments' was properly closed.
[0m18:16:33.392004 [debug] [MainThread]: Connection 'model.dbt_pg_tutorial.fct_orders' was properly closed.
[0m18:16:33.399917 [info ] [MainThread]: 
[0m18:16:33.411610 [info ] [MainThread]: Finished running 2 table models, 2 data tests, 4 view models in 0 hours 0 minutes and 10.55 seconds (10.55s).
[0m18:16:33.430484 [debug] [MainThread]: Command end result
[0m18:16:33.834789 [debug] [MainThread]: Wrote artifact WritableManifest to C:\Users\kashv\dbt_workspace\dbt_pg_tutorial\target\manifest.json
[0m18:16:33.880538 [debug] [MainThread]: Wrote artifact SemanticManifest to C:\Users\kashv\dbt_workspace\dbt_pg_tutorial\target\semantic_manifest.json
[0m18:16:33.963813 [debug] [MainThread]: Wrote artifact RunExecutionResult to C:\Users\kashv\dbt_workspace\dbt_pg_tutorial\target\run_results.json
[0m18:16:33.970880 [info ] [MainThread]: 
[0m18:16:33.981487 [info ] [MainThread]: [31mCompleted with 2 errors, 0 partial successes, and 0 warnings:[0m
[0m18:16:33.989495 [info ] [MainThread]: 
[0m18:16:34.000500 [error] [MainThread]:   Database Error in model dim_customers (models\marts\dim_customers.sql)
  permission denied for table customers
  compiled code at target\run\dbt_pg_tutorial\models\marts\dim_customers.sql
[0m18:16:34.010508 [info ] [MainThread]: 
[0m18:16:34.018542 [error] [MainThread]:   Database Error in model fct_orders (models\marts\fct_orders.sql)
  permission denied for table orders
  compiled code at target\run\dbt_pg_tutorial\models\marts\fct_orders.sql
[0m18:16:34.028298 [info ] [MainThread]: 
[0m18:16:34.036914 [info ] [MainThread]: Done. PASS=4 WARN=0 ERROR=2 SKIP=2 TOTAL=8
[0m18:16:34.052895 [debug] [MainThread]: Command `dbt build` failed at 18:16:34.051909 after 26.82 seconds
[0m18:16:34.060903 [debug] [MainThread]: Sending event: {'category': 'dbt', 'action': 'invocation', 'label': 'end', 'context': [<snowplow_tracker.self_describing_json.SelfDescribingJson object at 0x000002046ADD9130>, <snowplow_tracker.self_describing_json.SelfDescribingJson object at 0x000002046ADD9850>, <snowplow_tracker.self_describing_json.SelfDescribingJson object at 0x000002046AC3D6A0>]}
[0m18:16:34.066898 [debug] [MainThread]: Flushing usage events
[0m18:16:34.094912 [debug] [MainThread]: An error was encountered while trying to flush usage events
[0m18:17:41.060850 [debug] [MainThread]: Sending event: {'category': 'dbt', 'action': 'invocation', 'label': 'start', 'context': [<snowplow_tracker.self_describing_json.SelfDescribingJson object at 0x00000265F64D0C50>, <snowplow_tracker.self_describing_json.SelfDescribingJson object at 0x00000265FA13C710>, <snowplow_tracker.self_describing_json.SelfDescribingJson object at 0x00000265F7B32960>]}


============================== 18:17:41.095846 | 8feef0e7-4347-4914-a962-3b9d4808b851 ==============================
[0m18:17:41.095846 [info ] [MainThread]: Running with dbt=1.9.0
[0m18:17:41.105222 [debug] [MainThread]: running dbt with arguments {'printer_width': '80', 'indirect_selection': 'eager', 'log_cache_events': 'False', 'write_json': 'True', 'partial_parse': 'True', 'cache_selected_only': 'False', 'warn_error': 'None', 'fail_fast': 'False', 'debug': 'False', 'log_path': 'C:\\Users\\kashv\\dbt_workspace\\dbt_pg_tutorial\\logs', 'version_check': 'True', 'profiles_dir': 'C:\\Users\\kashv\\.dbt', 'use_colors': 'True', 'use_experimental_parser': 'False', 'empty': 'False', 'quiet': 'False', 'no_print': 'None', 'log_format': 'default', 'invocation_command': 'dbt build', 'static_parser': 'True', 'warn_error_options': 'WarnErrorOptions(include=[], exclude=[])', 'target_path': 'None', 'introspect': 'True', 'send_anonymous_usage_stats': 'True'}
[0m18:17:42.843779 [debug] [MainThread]: Sending event: {'category': 'dbt', 'action': 'project_id', 'label': '8feef0e7-4347-4914-a962-3b9d4808b851', 'context': [<snowplow_tracker.self_describing_json.SelfDescribingJson object at 0x00000265FA7838F0>]}
[0m18:17:43.338871 [debug] [MainThread]: Sending event: {'category': 'dbt', 'action': 'adapter_info', 'label': '8feef0e7-4347-4914-a962-3b9d4808b851', 'context': [<snowplow_tracker.self_describing_json.SelfDescribingJson object at 0x00000265FA713620>]}
[0m18:17:43.354509 [info ] [MainThread]: Registered adapter: postgres=1.9.1
[0m18:17:46.437036 [debug] [MainThread]: checksum: c99e828bba267739642b5a3ce85f17518764ea526e0e6c4fdc649171c1a66bff, vars: {}, profile: , target: , version: 1.9.0
[0m18:17:48.192083 [debug] [MainThread]: Partial parsing enabled: 0 files deleted, 0 files added, 0 files changed.
[0m18:17:48.197279 [debug] [MainThread]: Partial parsing enabled, no changes found, skipping parsing
[0m18:17:48.553218 [debug] [MainThread]: Sending event: {'category': 'dbt', 'action': 'load_project', 'label': '8feef0e7-4347-4914-a962-3b9d4808b851', 'context': [<snowplow_tracker.self_describing_json.SelfDescribingJson object at 0x00000265FA843E30>]}
[0m18:17:49.284240 [debug] [MainThread]: Wrote artifact WritableManifest to C:\Users\kashv\dbt_workspace\dbt_pg_tutorial\target\manifest.json
[0m18:17:49.437071 [debug] [MainThread]: Wrote artifact SemanticManifest to C:\Users\kashv\dbt_workspace\dbt_pg_tutorial\target\semantic_manifest.json
[0m18:17:49.902279 [debug] [MainThread]: Sending event: {'category': 'dbt', 'action': 'resource_counts', 'label': '8feef0e7-4347-4914-a962-3b9d4808b851', 'context': [<snowplow_tracker.self_describing_json.SelfDescribingJson object at 0x00000265FBC33E30>]}
[0m18:17:49.910306 [info ] [MainThread]: Found 6 models, 2 data tests, 3 sources, 434 macros
[0m18:17:49.937203 [info ] [MainThread]: 
[0m18:17:49.946303 [info ] [MainThread]: Concurrency: 4 threads (target='dev')
[0m18:17:49.955285 [info ] [MainThread]: 
[0m18:17:49.964421 [debug] [MainThread]: Acquiring new postgres connection 'master'
[0m18:17:50.013751 [debug] [ThreadPool]: Acquiring new postgres connection 'list_dbt_tutorial'
[0m18:17:50.020758 [debug] [ThreadPool]: Acquiring new postgres connection 'list_dbt_tutorial'
[0m18:17:50.046774 [debug] [ThreadPool]: Acquiring new postgres connection 'list_dbt_tutorial'
[0m18:17:51.100394 [debug] [ThreadPool]: Using postgres connection "list_dbt_tutorial"
[0m18:17:51.104399 [debug] [ThreadPool]: Using postgres connection "list_dbt_tutorial"
[0m18:17:51.106414 [debug] [ThreadPool]: Using postgres connection "list_dbt_tutorial"
[0m18:17:51.111413 [debug] [ThreadPool]: On list_dbt_tutorial: /* {"app": "dbt", "dbt_version": "1.9.0", "profile_name": "dbt_pg_tutorial", "target_name": "dev", "connection_name": "list_dbt_tutorial"} */

    select distinct nspname from pg_namespace
  
[0m18:17:51.116411 [debug] [ThreadPool]: On list_dbt_tutorial: /* {"app": "dbt", "dbt_version": "1.9.0", "profile_name": "dbt_pg_tutorial", "target_name": "dev", "connection_name": "list_dbt_tutorial"} */

    select distinct nspname from pg_namespace
  
[0m18:17:51.120405 [debug] [ThreadPool]: On list_dbt_tutorial: /* {"app": "dbt", "dbt_version": "1.9.0", "profile_name": "dbt_pg_tutorial", "target_name": "dev", "connection_name": "list_dbt_tutorial"} */

    select distinct nspname from pg_namespace
  
[0m18:17:51.126489 [debug] [ThreadPool]: Opening a new connection, currently in state init
[0m18:17:51.131397 [debug] [ThreadPool]: Opening a new connection, currently in state init
[0m18:17:51.135401 [debug] [ThreadPool]: Opening a new connection, currently in state init
[0m18:17:51.902754 [debug] [ThreadPool]: SQL status: SELECT 9 in 0.767 seconds
[0m18:17:51.917743 [debug] [ThreadPool]: On list_dbt_tutorial: Close
[0m18:17:51.931863 [debug] [ThreadPool]: SQL status: SELECT 9 in 0.800 seconds
[0m18:17:51.945958 [debug] [ThreadPool]: On list_dbt_tutorial: Close
[0m18:17:51.995218 [debug] [ThreadPool]: SQL status: SELECT 9 in 0.869 seconds
[0m18:17:52.007645 [debug] [ThreadPool]: On list_dbt_tutorial: Close
[0m18:17:52.027101 [debug] [ThreadPool]: Acquiring new postgres connection 'list_dbt_tutorial_analytics_intermediate'
[0m18:17:52.033050 [debug] [ThreadPool]: Acquiring new postgres connection 'list_dbt_tutorial_analytics_staging'
[0m18:17:52.070521 [debug] [ThreadPool]: Acquiring new postgres connection 'list_dbt_tutorial_analytics_marts'
[0m18:17:52.091647 [debug] [ThreadPool]: Using postgres connection "list_dbt_tutorial_analytics_intermediate"
[0m18:17:52.106648 [debug] [ThreadPool]: Using postgres connection "list_dbt_tutorial_analytics_staging"
[0m18:17:52.122586 [debug] [ThreadPool]: Using postgres connection "list_dbt_tutorial_analytics_marts"
[0m18:17:52.127594 [debug] [ThreadPool]: On list_dbt_tutorial_analytics_intermediate: BEGIN
[0m18:17:52.133779 [debug] [ThreadPool]: On list_dbt_tutorial_analytics_staging: BEGIN
[0m18:17:52.140804 [debug] [ThreadPool]: On list_dbt_tutorial_analytics_marts: BEGIN
[0m18:17:52.144781 [debug] [ThreadPool]: Opening a new connection, currently in state init
[0m18:17:52.149733 [debug] [ThreadPool]: Opening a new connection, currently in state init
[0m18:17:52.149733 [debug] [ThreadPool]: Opening a new connection, currently in state init
[0m18:17:52.756490 [debug] [ThreadPool]: SQL status: BEGIN in 0.622 seconds
[0m18:17:52.772521 [debug] [ThreadPool]: Using postgres connection "list_dbt_tutorial_analytics_intermediate"
[0m18:17:52.778950 [debug] [ThreadPool]: On list_dbt_tutorial_analytics_intermediate: /* {"app": "dbt", "dbt_version": "1.9.0", "profile_name": "dbt_pg_tutorial", "target_name": "dev", "connection_name": "list_dbt_tutorial_analytics_intermediate"} */
select
      'dbt_tutorial' as database,
      tablename as name,
      schemaname as schema,
      'table' as type
    from pg_tables
    where schemaname ilike 'analytics_intermediate'
    union all
    select
      'dbt_tutorial' as database,
      viewname as name,
      schemaname as schema,
      'view' as type
    from pg_views
    where schemaname ilike 'analytics_intermediate'
    union all
    select
      'dbt_tutorial' as database,
      matviewname as name,
      schemaname as schema,
      'materialized_view' as type
    from pg_matviews
    where schemaname ilike 'analytics_intermediate'
  
[0m18:17:52.806362 [debug] [ThreadPool]: SQL status: BEGIN in 0.659 seconds
[0m18:17:52.806362 [debug] [ThreadPool]: SQL status: SELECT 1 in 0.030 seconds
[0m18:17:52.806362 [debug] [ThreadPool]: Using postgres connection "list_dbt_tutorial_analytics_staging"
[0m18:17:52.830298 [debug] [ThreadPool]: On list_dbt_tutorial_analytics_intermediate: ROLLBACK
[0m18:17:52.830298 [debug] [ThreadPool]: On list_dbt_tutorial_analytics_staging: /* {"app": "dbt", "dbt_version": "1.9.0", "profile_name": "dbt_pg_tutorial", "target_name": "dev", "connection_name": "list_dbt_tutorial_analytics_staging"} */
select
      'dbt_tutorial' as database,
      tablename as name,
      schemaname as schema,
      'table' as type
    from pg_tables
    where schemaname ilike 'analytics_staging'
    union all
    select
      'dbt_tutorial' as database,
      viewname as name,
      schemaname as schema,
      'view' as type
    from pg_views
    where schemaname ilike 'analytics_staging'
    union all
    select
      'dbt_tutorial' as database,
      matviewname as name,
      schemaname as schema,
      'materialized_view' as type
    from pg_matviews
    where schemaname ilike 'analytics_staging'
  
[0m18:17:52.839362 [debug] [ThreadPool]: On list_dbt_tutorial_analytics_intermediate: Close
[0m18:17:52.869051 [debug] [ThreadPool]: SQL status: SELECT 3 in 0.029 seconds
[0m18:17:52.887732 [debug] [ThreadPool]: On list_dbt_tutorial_analytics_staging: ROLLBACK
[0m18:17:52.887732 [debug] [ThreadPool]: On list_dbt_tutorial_analytics_staging: Close
[0m18:17:52.887732 [debug] [ThreadPool]: SQL status: BEGIN in 0.743 seconds
[0m18:17:52.901676 [debug] [ThreadPool]: Using postgres connection "list_dbt_tutorial_analytics_marts"
[0m18:17:52.917110 [debug] [ThreadPool]: On list_dbt_tutorial_analytics_marts: /* {"app": "dbt", "dbt_version": "1.9.0", "profile_name": "dbt_pg_tutorial", "target_name": "dev", "connection_name": "list_dbt_tutorial_analytics_marts"} */
select
      'dbt_tutorial' as database,
      tablename as name,
      schemaname as schema,
      'table' as type
    from pg_tables
    where schemaname ilike 'analytics_marts'
    union all
    select
      'dbt_tutorial' as database,
      viewname as name,
      schemaname as schema,
      'view' as type
    from pg_views
    where schemaname ilike 'analytics_marts'
    union all
    select
      'dbt_tutorial' as database,
      matviewname as name,
      schemaname as schema,
      'materialized_view' as type
    from pg_matviews
    where schemaname ilike 'analytics_marts'
  
[0m18:17:52.950259 [debug] [ThreadPool]: SQL status: SELECT 0 in 0.032 seconds
[0m18:17:52.965466 [debug] [ThreadPool]: On list_dbt_tutorial_analytics_marts: ROLLBACK
[0m18:17:52.965466 [debug] [ThreadPool]: On list_dbt_tutorial_analytics_marts: Close
[0m18:17:52.999248 [debug] [MainThread]: Using postgres connection "master"
[0m18:17:53.017734 [debug] [MainThread]: On master: BEGIN
[0m18:17:53.023860 [debug] [MainThread]: Opening a new connection, currently in state init
[0m18:17:53.538442 [debug] [MainThread]: SQL status: BEGIN in 0.514 seconds
[0m18:17:53.543500 [debug] [MainThread]: Using postgres connection "master"
[0m18:17:53.548447 [debug] [MainThread]: On master: /* {"app": "dbt", "dbt_version": "1.9.0", "profile_name": "dbt_pg_tutorial", "target_name": "dev", "connection_name": "master"} */
select distinct
        dependent_namespace.nspname as dependent_schema,
        dependent_class.relname as dependent_name,
        referenced_namespace.nspname as referenced_schema,
        referenced_class.relname as referenced_name

    -- Query for views: views are entries in pg_class with an entry in pg_rewrite, but we avoid
    -- a seq scan on pg_rewrite by leveraging the fact there is an "internal" row in pg_depend for
    -- the view...
    from pg_class as dependent_class
    join pg_namespace as dependent_namespace on dependent_namespace.oid = dependent_class.relnamespace
    join pg_depend as dependent_depend on dependent_depend.refobjid = dependent_class.oid
        and dependent_depend.classid = 'pg_rewrite'::regclass
        and dependent_depend.refclassid = 'pg_class'::regclass
        and dependent_depend.deptype = 'i'

    -- ... and via pg_depend (that has a row per column, hence the need for "distinct" above, and
    -- making sure to exclude the internal row to avoid a view appearing to depend on itself)...
    join pg_depend as joining_depend on joining_depend.objid = dependent_depend.objid
        and joining_depend.classid = 'pg_rewrite'::regclass
        and joining_depend.refclassid = 'pg_class'::regclass
        and joining_depend.refobjid != dependent_depend.refobjid

    -- ... we can find the tables they query from in pg_class, but excluding system tables. Note we
    -- don't need need to exclude _dependent_ system tables, because they only query from other
    -- system tables, and so are automatically excluded by excluding _referenced_ system tables
    join pg_class as referenced_class on referenced_class.oid = joining_depend.refobjid
    join pg_namespace as referenced_namespace on referenced_namespace.oid = referenced_class.relnamespace
        and referenced_namespace.nspname != 'information_schema'
        and referenced_namespace.nspname not like 'pg\_%'

    order by
        dependent_schema, dependent_name, referenced_schema, referenced_name;
[0m18:17:53.584510 [debug] [MainThread]: SQL status: SELECT 5 in 0.032 seconds
[0m18:17:53.601310 [debug] [MainThread]: Sending event: {'category': 'dbt', 'action': 'runnable_timing', 'label': '8feef0e7-4347-4914-a962-3b9d4808b851', 'context': [<snowplow_tracker.self_describing_json.SelfDescribingJson object at 0x00000265FA5BF590>]}
[0m18:17:53.605459 [debug] [MainThread]: On master: ROLLBACK
[0m18:17:53.612466 [debug] [MainThread]: Using postgres connection "master"
[0m18:17:53.617066 [debug] [MainThread]: On master: BEGIN
[0m18:17:53.624056 [debug] [MainThread]: SQL status: BEGIN in 0.002 seconds
[0m18:17:53.629076 [debug] [MainThread]: On master: COMMIT
[0m18:17:53.634079 [debug] [MainThread]: Using postgres connection "master"
[0m18:17:53.637062 [debug] [MainThread]: On master: COMMIT
[0m18:17:53.643115 [debug] [MainThread]: SQL status: COMMIT in 0.001 seconds
[0m18:17:53.648116 [debug] [MainThread]: On master: Close
[0m18:17:53.674115 [debug] [Thread-1 (]: Began running node model.dbt_pg_tutorial.stg_customers
[0m18:17:53.678754 [debug] [Thread-2 (]: Began running node model.dbt_pg_tutorial.stg_orders
[0m18:17:53.681575 [debug] [Thread-3 (]: Began running node model.dbt_pg_tutorial.stg_payments
[0m18:17:53.690411 [info ] [Thread-1 (]: 1 of 8 START sql view model analytics_staging.stg_customers .................... [RUN]
[0m18:17:53.698845 [info ] [Thread-2 (]: 2 of 8 START sql view model analytics_staging.stg_orders ....................... [RUN]
[0m18:17:53.705848 [info ] [Thread-3 (]: 3 of 8 START sql view model analytics_staging.stg_payments ..................... [RUN]
[0m18:17:53.713846 [debug] [Thread-1 (]: Acquiring new postgres connection 'model.dbt_pg_tutorial.stg_customers'
[0m18:17:53.720844 [debug] [Thread-2 (]: Acquiring new postgres connection 'model.dbt_pg_tutorial.stg_orders'
[0m18:17:53.730226 [debug] [Thread-3 (]: Acquiring new postgres connection 'model.dbt_pg_tutorial.stg_payments'
[0m18:17:53.736182 [debug] [Thread-1 (]: Began compiling node model.dbt_pg_tutorial.stg_customers
[0m18:17:53.744160 [debug] [Thread-2 (]: Began compiling node model.dbt_pg_tutorial.stg_orders
[0m18:17:53.749174 [debug] [Thread-3 (]: Began compiling node model.dbt_pg_tutorial.stg_payments
[0m18:17:53.809269 [debug] [Thread-1 (]: Writing injected SQL for node "model.dbt_pg_tutorial.stg_customers"
[0m18:17:53.831182 [debug] [Thread-2 (]: Writing injected SQL for node "model.dbt_pg_tutorial.stg_orders"
[0m18:17:53.854753 [debug] [Thread-3 (]: Writing injected SQL for node "model.dbt_pg_tutorial.stg_payments"
[0m18:17:53.940841 [debug] [Thread-2 (]: Began executing node model.dbt_pg_tutorial.stg_orders
[0m18:17:53.946837 [debug] [Thread-1 (]: Began executing node model.dbt_pg_tutorial.stg_customers
[0m18:17:53.950693 [debug] [Thread-3 (]: Began executing node model.dbt_pg_tutorial.stg_payments
[0m18:17:54.476451 [debug] [Thread-2 (]: Writing runtime sql for node "model.dbt_pg_tutorial.stg_orders"
[0m18:17:54.481446 [debug] [Thread-3 (]: Writing runtime sql for node "model.dbt_pg_tutorial.stg_payments"
[0m18:17:54.489952 [debug] [Thread-1 (]: Writing runtime sql for node "model.dbt_pg_tutorial.stg_customers"
[0m18:17:54.578542 [debug] [Thread-3 (]: Using postgres connection "model.dbt_pg_tutorial.stg_payments"
[0m18:17:54.582545 [debug] [Thread-2 (]: Using postgres connection "model.dbt_pg_tutorial.stg_orders"
[0m18:17:54.588338 [debug] [Thread-1 (]: Using postgres connection "model.dbt_pg_tutorial.stg_customers"
[0m18:17:54.593344 [debug] [Thread-3 (]: On model.dbt_pg_tutorial.stg_payments: BEGIN
[0m18:17:54.598332 [debug] [Thread-2 (]: On model.dbt_pg_tutorial.stg_orders: BEGIN
[0m18:17:54.605009 [debug] [Thread-1 (]: On model.dbt_pg_tutorial.stg_customers: BEGIN
[0m18:17:54.610046 [debug] [Thread-3 (]: Opening a new connection, currently in state init
[0m18:17:54.615995 [debug] [Thread-2 (]: Opening a new connection, currently in state init
[0m18:17:54.622047 [debug] [Thread-1 (]: Opening a new connection, currently in state init
[0m18:17:55.301448 [debug] [Thread-3 (]: SQL status: BEGIN in 0.690 seconds
[0m18:17:55.309653 [debug] [Thread-3 (]: Using postgres connection "model.dbt_pg_tutorial.stg_payments"
[0m18:17:55.318576 [debug] [Thread-3 (]: On model.dbt_pg_tutorial.stg_payments: /* {"app": "dbt", "dbt_version": "1.9.0", "profile_name": "dbt_pg_tutorial", "target_name": "dev", "node_id": "model.dbt_pg_tutorial.stg_payments"} */

  create view "dbt_tutorial"."analytics_staging"."stg_payments__dbt_tmp"
    
    
  as (
    

with source as (
    select * from "dbt_tutorial"."raw"."payments"
),
casted as (
    select
        id           as payment_id,
        order_id,
        lower(payment_method) as payment_method,
        amount::numeric(10,2) as amount,
        paid_at::timestamp    as paid_at
    from source
)
select * from casted
  );
[0m18:17:55.358902 [debug] [Thread-3 (]: SQL status: CREATE VIEW in 0.031 seconds
[0m18:17:55.423579 [debug] [Thread-2 (]: SQL status: BEGIN in 0.807 seconds
[0m18:17:55.438124 [debug] [Thread-3 (]: Using postgres connection "model.dbt_pg_tutorial.stg_payments"
[0m18:17:55.442242 [debug] [Thread-2 (]: Using postgres connection "model.dbt_pg_tutorial.stg_orders"
[0m18:17:55.447417 [debug] [Thread-3 (]: On model.dbt_pg_tutorial.stg_payments: /* {"app": "dbt", "dbt_version": "1.9.0", "profile_name": "dbt_pg_tutorial", "target_name": "dev", "node_id": "model.dbt_pg_tutorial.stg_payments"} */
alter table "dbt_tutorial"."analytics_staging"."stg_payments" rename to "stg_payments__dbt_backup"
[0m18:17:55.456572 [debug] [Thread-2 (]: On model.dbt_pg_tutorial.stg_orders: /* {"app": "dbt", "dbt_version": "1.9.0", "profile_name": "dbt_pg_tutorial", "target_name": "dev", "node_id": "model.dbt_pg_tutorial.stg_orders"} */

  create view "dbt_tutorial"."analytics_staging"."stg_orders__dbt_tmp"
    
    
  as (
    

with source as (
    select * from "dbt_tutorial"."raw"."orders"
),
casted as (
    select
        id           as order_id,
        user_id      as customer_id,
        order_date::timestamp as order_timestamp,
        lower(status) as status,
        total_amount::numeric(10,2) as total_amount
    from source
)
select * from casted
  );
[0m18:17:55.460699 [debug] [Thread-1 (]: SQL status: BEGIN in 0.839 seconds
[0m18:17:55.471602 [debug] [Thread-3 (]: SQL status: ALTER TABLE in 0.004 seconds
[0m18:17:55.481866 [debug] [Thread-1 (]: Using postgres connection "model.dbt_pg_tutorial.stg_customers"
[0m18:17:55.512150 [debug] [Thread-3 (]: Using postgres connection "model.dbt_pg_tutorial.stg_payments"
[0m18:17:55.516243 [debug] [Thread-2 (]: SQL status: CREATE VIEW in 0.039 seconds
[0m18:17:55.520378 [debug] [Thread-1 (]: On model.dbt_pg_tutorial.stg_customers: /* {"app": "dbt", "dbt_version": "1.9.0", "profile_name": "dbt_pg_tutorial", "target_name": "dev", "node_id": "model.dbt_pg_tutorial.stg_customers"} */

  create view "dbt_tutorial"."analytics_staging"."stg_customers__dbt_tmp"
    
    
  as (
    

with source as (
    select * from "dbt_tutorial"."raw"."customers"
),
renamed as (
    select
        id                as customer_id,
        lower(trim(first_name)) as first_name,
        lower(trim(last_name))  as last_name,
        lower(trim(email))      as email,
        created_at
    from source
)
select * from renamed
  );
[0m18:17:55.526558 [debug] [Thread-3 (]: On model.dbt_pg_tutorial.stg_payments: /* {"app": "dbt", "dbt_version": "1.9.0", "profile_name": "dbt_pg_tutorial", "target_name": "dev", "node_id": "model.dbt_pg_tutorial.stg_payments"} */
alter table "dbt_tutorial"."analytics_staging"."stg_payments__dbt_tmp" rename to "stg_payments"
[0m18:17:55.554837 [debug] [Thread-2 (]: Using postgres connection "model.dbt_pg_tutorial.stg_orders"
[0m18:17:55.570005 [debug] [Thread-2 (]: On model.dbt_pg_tutorial.stg_orders: /* {"app": "dbt", "dbt_version": "1.9.0", "profile_name": "dbt_pg_tutorial", "target_name": "dev", "node_id": "model.dbt_pg_tutorial.stg_orders"} */
alter table "dbt_tutorial"."analytics_staging"."stg_orders" rename to "stg_orders__dbt_backup"
[0m18:17:55.576156 [debug] [Thread-3 (]: SQL status: ALTER TABLE in 0.009 seconds
[0m18:17:55.585603 [debug] [Thread-2 (]: SQL status: ALTER TABLE in 0.003 seconds
[0m18:17:55.590897 [debug] [Thread-1 (]: SQL status: CREATE VIEW in 0.029 seconds
[0m18:17:55.698702 [debug] [Thread-2 (]: Using postgres connection "model.dbt_pg_tutorial.stg_orders"
[0m18:17:55.796934 [debug] [Thread-1 (]: Using postgres connection "model.dbt_pg_tutorial.stg_customers"
[0m18:17:55.802279 [debug] [Thread-3 (]: On model.dbt_pg_tutorial.stg_payments: COMMIT
[0m18:17:55.808611 [debug] [Thread-2 (]: On model.dbt_pg_tutorial.stg_orders: /* {"app": "dbt", "dbt_version": "1.9.0", "profile_name": "dbt_pg_tutorial", "target_name": "dev", "node_id": "model.dbt_pg_tutorial.stg_orders"} */
alter table "dbt_tutorial"."analytics_staging"."stg_orders__dbt_tmp" rename to "stg_orders"
[0m18:17:55.815014 [debug] [Thread-1 (]: On model.dbt_pg_tutorial.stg_customers: /* {"app": "dbt", "dbt_version": "1.9.0", "profile_name": "dbt_pg_tutorial", "target_name": "dev", "node_id": "model.dbt_pg_tutorial.stg_customers"} */
alter table "dbt_tutorial"."analytics_staging"."stg_customers" rename to "stg_customers__dbt_backup"
[0m18:17:55.823058 [debug] [Thread-3 (]: Using postgres connection "model.dbt_pg_tutorial.stg_payments"
[0m18:17:55.832659 [debug] [Thread-2 (]: SQL status: ALTER TABLE in 0.003 seconds
[0m18:17:55.841622 [debug] [Thread-3 (]: On model.dbt_pg_tutorial.stg_payments: COMMIT
[0m18:17:55.845848 [debug] [Thread-1 (]: SQL status: ALTER TABLE in 0.007 seconds
[0m18:17:55.863248 [debug] [Thread-2 (]: On model.dbt_pg_tutorial.stg_orders: COMMIT
[0m18:17:55.893880 [debug] [Thread-3 (]: SQL status: COMMIT in 0.026 seconds
[0m18:17:55.896866 [debug] [Thread-1 (]: Using postgres connection "model.dbt_pg_tutorial.stg_customers"
[0m18:17:55.900861 [debug] [Thread-2 (]: Using postgres connection "model.dbt_pg_tutorial.stg_orders"
[0m18:17:55.952752 [debug] [Thread-3 (]: Applying DROP to: "dbt_tutorial"."analytics_staging"."stg_payments__dbt_backup"
[0m18:17:55.958174 [debug] [Thread-1 (]: On model.dbt_pg_tutorial.stg_customers: /* {"app": "dbt", "dbt_version": "1.9.0", "profile_name": "dbt_pg_tutorial", "target_name": "dev", "node_id": "model.dbt_pg_tutorial.stg_customers"} */
alter table "dbt_tutorial"."analytics_staging"."stg_customers__dbt_tmp" rename to "stg_customers"
[0m18:17:55.965165 [debug] [Thread-2 (]: On model.dbt_pg_tutorial.stg_orders: COMMIT
[0m18:17:56.007120 [debug] [Thread-3 (]: Using postgres connection "model.dbt_pg_tutorial.stg_payments"
[0m18:17:56.015119 [debug] [Thread-1 (]: SQL status: ALTER TABLE in 0.004 seconds
[0m18:17:56.024118 [debug] [Thread-3 (]: On model.dbt_pg_tutorial.stg_payments: /* {"app": "dbt", "dbt_version": "1.9.0", "profile_name": "dbt_pg_tutorial", "target_name": "dev", "node_id": "model.dbt_pg_tutorial.stg_payments"} */
drop view if exists "dbt_tutorial"."analytics_staging"."stg_payments__dbt_backup" cascade
[0m18:17:56.028141 [debug] [Thread-2 (]: SQL status: COMMIT in 0.010 seconds
[0m18:17:56.043118 [debug] [Thread-1 (]: On model.dbt_pg_tutorial.stg_customers: COMMIT
[0m18:17:56.065120 [debug] [Thread-2 (]: Applying DROP to: "dbt_tutorial"."analytics_staging"."stg_orders__dbt_backup"
[0m18:17:56.068164 [debug] [Thread-3 (]: SQL status: DROP VIEW in 0.020 seconds
[0m18:17:56.073256 [debug] [Thread-1 (]: Using postgres connection "model.dbt_pg_tutorial.stg_customers"
[0m18:17:56.081929 [debug] [Thread-2 (]: Using postgres connection "model.dbt_pg_tutorial.stg_orders"
[0m18:17:56.102271 [debug] [Thread-3 (]: On model.dbt_pg_tutorial.stg_payments: Close
[0m18:17:56.107213 [debug] [Thread-1 (]: On model.dbt_pg_tutorial.stg_customers: COMMIT
[0m18:17:56.114048 [debug] [Thread-2 (]: On model.dbt_pg_tutorial.stg_orders: /* {"app": "dbt", "dbt_version": "1.9.0", "profile_name": "dbt_pg_tutorial", "target_name": "dev", "node_id": "model.dbt_pg_tutorial.stg_orders"} */
drop view if exists "dbt_tutorial"."analytics_staging"."stg_orders__dbt_backup" cascade
[0m18:17:56.135072 [debug] [Thread-3 (]: Sending event: {'category': 'dbt', 'action': 'run_model', 'label': '8feef0e7-4347-4914-a962-3b9d4808b851', 'context': [<snowplow_tracker.self_describing_json.SelfDescribingJson object at 0x00000265F76EFBF0>]}
[0m18:17:56.140047 [debug] [Thread-1 (]: SQL status: COMMIT in 0.008 seconds
[0m18:17:56.145062 [debug] [Thread-2 (]: SQL status: DROP VIEW in 0.010 seconds
[0m18:17:56.150104 [info ] [Thread-3 (]: 3 of 8 OK created sql view model analytics_staging.stg_payments ................ [[32mCREATE VIEW[0m in 2.39s]
[0m18:17:56.174044 [debug] [Thread-1 (]: Applying DROP to: "dbt_tutorial"."analytics_staging"."stg_customers__dbt_backup"
[0m18:17:56.187175 [debug] [Thread-2 (]: On model.dbt_pg_tutorial.stg_orders: Close
[0m18:17:56.195988 [debug] [Thread-3 (]: Finished running node model.dbt_pg_tutorial.stg_payments
[0m18:17:56.204797 [debug] [Thread-1 (]: Using postgres connection "model.dbt_pg_tutorial.stg_customers"
[0m18:17:56.211803 [debug] [Thread-2 (]: Sending event: {'category': 'dbt', 'action': 'run_model', 'label': '8feef0e7-4347-4914-a962-3b9d4808b851', 'context': [<snowplow_tracker.self_describing_json.SelfDescribingJson object at 0x00000265FC313FB0>]}
[0m18:17:56.221620 [debug] [Thread-1 (]: On model.dbt_pg_tutorial.stg_customers: /* {"app": "dbt", "dbt_version": "1.9.0", "profile_name": "dbt_pg_tutorial", "target_name": "dev", "node_id": "model.dbt_pg_tutorial.stg_customers"} */
drop view if exists "dbt_tutorial"."analytics_staging"."stg_customers__dbt_backup" cascade
[0m18:17:56.230358 [info ] [Thread-2 (]: 2 of 8 OK created sql view model analytics_staging.stg_orders .................. [[32mCREATE VIEW[0m in 2.49s]
[0m18:17:56.245139 [debug] [Thread-2 (]: Finished running node model.dbt_pg_tutorial.stg_orders
[0m18:17:56.251142 [debug] [Thread-1 (]: SQL status: DROP VIEW in 0.013 seconds
[0m18:17:56.259946 [debug] [Thread-4 (]: Began running node model.dbt_pg_tutorial.int_order_payments
[0m18:17:56.271950 [debug] [Thread-1 (]: On model.dbt_pg_tutorial.stg_customers: Close
[0m18:17:56.277001 [info ] [Thread-4 (]: 4 of 8 START sql view model analytics_intermediate.int_order_payments .......... [RUN]
[0m18:17:56.286139 [debug] [Thread-1 (]: Sending event: {'category': 'dbt', 'action': 'run_model', 'label': '8feef0e7-4347-4914-a962-3b9d4808b851', 'context': [<snowplow_tracker.self_describing_json.SelfDescribingJson object at 0x00000265FBF4AA50>]}
[0m18:17:56.292139 [debug] [Thread-4 (]: Acquiring new postgres connection 'model.dbt_pg_tutorial.int_order_payments'
[0m18:17:56.298956 [info ] [Thread-1 (]: 1 of 8 OK created sql view model analytics_staging.stg_customers ............... [[32mCREATE VIEW[0m in 2.57s]
[0m18:17:56.308012 [debug] [Thread-4 (]: Began compiling node model.dbt_pg_tutorial.int_order_payments
[0m18:17:56.316120 [debug] [Thread-1 (]: Finished running node model.dbt_pg_tutorial.stg_customers
[0m18:17:56.353841 [debug] [Thread-4 (]: Writing injected SQL for node "model.dbt_pg_tutorial.int_order_payments"
[0m18:17:56.358800 [debug] [Thread-2 (]: Began running node model.dbt_pg_tutorial.dim_customers
[0m18:17:56.367802 [info ] [Thread-2 (]: 5 of 8 START sql table model analytics_marts.dim_customers ..................... [RUN]
[0m18:17:56.373788 [debug] [Thread-2 (]: Re-using an available connection from the pool (formerly model.dbt_pg_tutorial.stg_orders, now model.dbt_pg_tutorial.dim_customers)
[0m18:17:56.379990 [debug] [Thread-2 (]: Began compiling node model.dbt_pg_tutorial.dim_customers
[0m18:17:56.403418 [debug] [Thread-2 (]: Writing injected SQL for node "model.dbt_pg_tutorial.dim_customers"
[0m18:17:56.424575 [debug] [Thread-4 (]: Began executing node model.dbt_pg_tutorial.int_order_payments
[0m18:17:56.452409 [debug] [Thread-4 (]: Writing runtime sql for node "model.dbt_pg_tutorial.int_order_payments"
[0m18:17:56.476414 [debug] [Thread-2 (]: Began executing node model.dbt_pg_tutorial.dim_customers
[0m18:17:56.557408 [debug] [Thread-4 (]: Using postgres connection "model.dbt_pg_tutorial.int_order_payments"
[0m18:17:56.629363 [debug] [Thread-4 (]: On model.dbt_pg_tutorial.int_order_payments: BEGIN
[0m18:17:56.651474 [debug] [Thread-2 (]: Writing runtime sql for node "model.dbt_pg_tutorial.dim_customers"
[0m18:17:56.655132 [debug] [Thread-4 (]: Opening a new connection, currently in state init
[0m18:17:56.703107 [debug] [Thread-2 (]: Using postgres connection "model.dbt_pg_tutorial.dim_customers"
[0m18:17:56.710251 [debug] [Thread-2 (]: On model.dbt_pg_tutorial.dim_customers: BEGIN
[0m18:17:56.717395 [debug] [Thread-2 (]: Opening a new connection, currently in state closed
[0m18:17:57.170730 [debug] [Thread-4 (]: SQL status: BEGIN in 0.516 seconds
[0m18:17:57.175730 [debug] [Thread-4 (]: Using postgres connection "model.dbt_pg_tutorial.int_order_payments"
[0m18:17:57.181675 [debug] [Thread-4 (]: On model.dbt_pg_tutorial.int_order_payments: /* {"app": "dbt", "dbt_version": "1.9.0", "profile_name": "dbt_pg_tutorial", "target_name": "dev", "node_id": "model.dbt_pg_tutorial.int_order_payments"} */

  create view "dbt_tutorial"."analytics_intermediate"."int_order_payments__dbt_tmp"
    
    
  as (
    

with payments as (
    select
        order_id,
        sum(amount) as total_paid,
        count(*)    as payment_count
    from "dbt_tutorial"."analytics_staging"."stg_payments"
    group by 1
)

select
    o.order_id,
    o.customer_id,
    o.order_timestamp,
    o.status,
    o.total_amount,
    coalesce(p.total_paid, 0)   as total_paid,
    coalesce(p.payment_count, 0) as payment_count,
    (o.total_amount - coalesce(p.total_paid, 0)) as outstanding_amount
from "dbt_tutorial"."analytics_staging"."stg_orders" o
left join payments p on o.order_id = p.order_id
  );
[0m18:17:57.214040 [debug] [Thread-4 (]: SQL status: CREATE VIEW in 0.027 seconds
[0m18:17:57.237652 [debug] [Thread-4 (]: Using postgres connection "model.dbt_pg_tutorial.int_order_payments"
[0m18:17:57.240650 [debug] [Thread-2 (]: SQL status: BEGIN in 0.524 seconds
[0m18:17:57.245649 [debug] [Thread-4 (]: On model.dbt_pg_tutorial.int_order_payments: /* {"app": "dbt", "dbt_version": "1.9.0", "profile_name": "dbt_pg_tutorial", "target_name": "dev", "node_id": "model.dbt_pg_tutorial.int_order_payments"} */
alter table "dbt_tutorial"."analytics_intermediate"."int_order_payments__dbt_tmp" rename to "int_order_payments"
[0m18:17:57.250718 [debug] [Thread-2 (]: Using postgres connection "model.dbt_pg_tutorial.dim_customers"
[0m18:17:57.259510 [debug] [Thread-2 (]: On model.dbt_pg_tutorial.dim_customers: /* {"app": "dbt", "dbt_version": "1.9.0", "profile_name": "dbt_pg_tutorial", "target_name": "dev", "node_id": "model.dbt_pg_tutorial.dim_customers"} */

  
    

  create  table "dbt_tutorial"."analytics_marts"."dim_customers__dbt_tmp"
  
  
    as
  
  (
    

select
    c.customer_id,
    initcap(c.first_name) as first_name,
    initcap(c.last_name)  as last_name,
    c.email,
    c.created_at
from "dbt_tutorial"."analytics_staging"."stg_customers" c
  );
  
[0m18:17:57.263532 [debug] [Thread-4 (]: SQL status: ALTER TABLE in 0.007 seconds
[0m18:17:57.278706 [debug] [Thread-4 (]: On model.dbt_pg_tutorial.int_order_payments: COMMIT
[0m18:17:57.284481 [debug] [Thread-4 (]: Using postgres connection "model.dbt_pg_tutorial.int_order_payments"
[0m18:17:57.290464 [debug] [Thread-4 (]: On model.dbt_pg_tutorial.int_order_payments: COMMIT
[0m18:17:57.299241 [debug] [Thread-4 (]: SQL status: COMMIT in 0.004 seconds
[0m18:17:57.318127 [debug] [Thread-4 (]: Applying DROP to: "dbt_tutorial"."analytics_intermediate"."int_order_payments__dbt_backup"
[0m18:17:57.321085 [debug] [Thread-2 (]: SQL status: SELECT 5 in 0.054 seconds
[0m18:17:57.328063 [debug] [Thread-4 (]: Using postgres connection "model.dbt_pg_tutorial.int_order_payments"
[0m18:17:57.377267 [debug] [Thread-2 (]: Using postgres connection "model.dbt_pg_tutorial.dim_customers"
[0m18:17:57.381261 [debug] [Thread-4 (]: On model.dbt_pg_tutorial.int_order_payments: /* {"app": "dbt", "dbt_version": "1.9.0", "profile_name": "dbt_pg_tutorial", "target_name": "dev", "node_id": "model.dbt_pg_tutorial.int_order_payments"} */
drop view if exists "dbt_tutorial"."analytics_intermediate"."int_order_payments__dbt_backup" cascade
[0m18:17:57.387013 [debug] [Thread-2 (]: On model.dbt_pg_tutorial.dim_customers: /* {"app": "dbt", "dbt_version": "1.9.0", "profile_name": "dbt_pg_tutorial", "target_name": "dev", "node_id": "model.dbt_pg_tutorial.dim_customers"} */
alter table "dbt_tutorial"."analytics_marts"."dim_customers__dbt_tmp" rename to "dim_customers"
[0m18:17:57.395664 [debug] [Thread-4 (]: SQL status: DROP VIEW in 0.003 seconds
[0m18:17:57.409803 [debug] [Thread-4 (]: On model.dbt_pg_tutorial.int_order_payments: Close
[0m18:17:57.412817 [debug] [Thread-2 (]: SQL status: ALTER TABLE in 0.014 seconds
[0m18:17:57.419761 [debug] [Thread-4 (]: Sending event: {'category': 'dbt', 'action': 'run_model', 'label': '8feef0e7-4347-4914-a962-3b9d4808b851', 'context': [<snowplow_tracker.self_describing_json.SelfDescribingJson object at 0x00000265FA6E3170>]}
[0m18:17:57.431540 [debug] [Thread-2 (]: On model.dbt_pg_tutorial.dim_customers: COMMIT
[0m18:17:57.438536 [info ] [Thread-4 (]: 4 of 8 OK created sql view model analytics_intermediate.int_order_payments ..... [[32mCREATE VIEW[0m in 1.13s]
[0m18:17:57.445513 [debug] [Thread-2 (]: Using postgres connection "model.dbt_pg_tutorial.dim_customers"
[0m18:17:57.455458 [debug] [Thread-4 (]: Finished running node model.dbt_pg_tutorial.int_order_payments
[0m18:17:57.462455 [debug] [Thread-2 (]: On model.dbt_pg_tutorial.dim_customers: COMMIT
[0m18:17:57.472468 [debug] [Thread-1 (]: Began running node model.dbt_pg_tutorial.fct_orders
[0m18:17:57.484591 [debug] [Thread-2 (]: SQL status: COMMIT in 0.008 seconds
[0m18:17:57.481623 [info ] [Thread-1 (]: 6 of 8 START sql table model analytics_marts.fct_orders ........................ [RUN]
[0m18:17:57.505438 [debug] [Thread-2 (]: Applying DROP to: "dbt_tutorial"."analytics_marts"."dim_customers__dbt_backup"
[0m18:17:57.510416 [debug] [Thread-1 (]: Re-using an available connection from the pool (formerly model.dbt_pg_tutorial.stg_customers, now model.dbt_pg_tutorial.fct_orders)
[0m18:17:57.536424 [debug] [Thread-2 (]: Using postgres connection "model.dbt_pg_tutorial.dim_customers"
[0m18:17:57.541417 [debug] [Thread-1 (]: Began compiling node model.dbt_pg_tutorial.fct_orders
[0m18:17:57.546440 [debug] [Thread-2 (]: On model.dbt_pg_tutorial.dim_customers: /* {"app": "dbt", "dbt_version": "1.9.0", "profile_name": "dbt_pg_tutorial", "target_name": "dev", "node_id": "model.dbt_pg_tutorial.dim_customers"} */
drop table if exists "dbt_tutorial"."analytics_marts"."dim_customers__dbt_backup" cascade
[0m18:17:57.568543 [debug] [Thread-1 (]: Writing injected SQL for node "model.dbt_pg_tutorial.fct_orders"
[0m18:17:57.576447 [debug] [Thread-2 (]: SQL status: DROP TABLE in 0.002 seconds
[0m18:17:57.589693 [debug] [Thread-2 (]: On model.dbt_pg_tutorial.dim_customers: Close
[0m18:17:57.597328 [debug] [Thread-2 (]: Sending event: {'category': 'dbt', 'action': 'run_model', 'label': '8feef0e7-4347-4914-a962-3b9d4808b851', 'context': [<snowplow_tracker.self_describing_json.SelfDescribingJson object at 0x00000265FC6F65A0>]}
[0m18:17:57.605496 [info ] [Thread-2 (]: 5 of 8 OK created sql table model analytics_marts.dim_customers ................ [[32mSELECT 5[0m in 1.22s]
[0m18:17:57.614496 [debug] [Thread-2 (]: Finished running node model.dbt_pg_tutorial.dim_customers
[0m18:17:57.621476 [debug] [Thread-4 (]: Began running node test.dbt_pg_tutorial.not_null_dim_customers_customer_id.dd91cd1c8d
[0m18:17:57.627711 [debug] [Thread-3 (]: Began running node test.dbt_pg_tutorial.unique_dim_customers_customer_id.15c9f1e2fd
[0m18:17:57.631853 [debug] [Thread-1 (]: Began executing node model.dbt_pg_tutorial.fct_orders
[0m18:17:57.637856 [info ] [Thread-4 (]: 7 of 8 START test not_null_dim_customers_customer_id ........................... [RUN]
[0m18:17:57.645567 [info ] [Thread-3 (]: 8 of 8 START test unique_dim_customers_customer_id ............................. [RUN]
[0m18:17:57.676282 [debug] [Thread-1 (]: Writing runtime sql for node "model.dbt_pg_tutorial.fct_orders"
[0m18:17:57.682053 [debug] [Thread-4 (]: Re-using an available connection from the pool (formerly model.dbt_pg_tutorial.int_order_payments, now test.dbt_pg_tutorial.not_null_dim_customers_customer_id.dd91cd1c8d)
[0m18:17:57.687646 [debug] [Thread-3 (]: Re-using an available connection from the pool (formerly model.dbt_pg_tutorial.stg_payments, now test.dbt_pg_tutorial.unique_dim_customers_customer_id.15c9f1e2fd)
[0m18:17:57.696242 [debug] [Thread-4 (]: Began compiling node test.dbt_pg_tutorial.not_null_dim_customers_customer_id.dd91cd1c8d
[0m18:17:57.702037 [debug] [Thread-3 (]: Began compiling node test.dbt_pg_tutorial.unique_dim_customers_customer_id.15c9f1e2fd
[0m18:17:57.853286 [debug] [Thread-3 (]: Writing injected SQL for node "test.dbt_pg_tutorial.unique_dim_customers_customer_id.15c9f1e2fd"
[0m18:17:57.824182 [debug] [Thread-4 (]: Writing injected SQL for node "test.dbt_pg_tutorial.not_null_dim_customers_customer_id.dd91cd1c8d"
[0m18:17:57.862962 [debug] [Thread-1 (]: Using postgres connection "model.dbt_pg_tutorial.fct_orders"
[0m18:17:57.872128 [debug] [Thread-1 (]: On model.dbt_pg_tutorial.fct_orders: BEGIN
[0m18:17:57.877126 [debug] [Thread-1 (]: Opening a new connection, currently in state closed
[0m18:17:57.928963 [debug] [Thread-3 (]: Began executing node test.dbt_pg_tutorial.unique_dim_customers_customer_id.15c9f1e2fd
[0m18:17:57.933068 [debug] [Thread-4 (]: Began executing node test.dbt_pg_tutorial.not_null_dim_customers_customer_id.dd91cd1c8d
[0m18:17:58.118097 [debug] [Thread-3 (]: Writing runtime sql for node "test.dbt_pg_tutorial.unique_dim_customers_customer_id.15c9f1e2fd"
[0m18:17:58.121951 [debug] [Thread-4 (]: Writing runtime sql for node "test.dbt_pg_tutorial.not_null_dim_customers_customer_id.dd91cd1c8d"
[0m18:17:58.191230 [debug] [Thread-3 (]: Using postgres connection "test.dbt_pg_tutorial.unique_dim_customers_customer_id.15c9f1e2fd"
[0m18:17:58.196222 [debug] [Thread-4 (]: Using postgres connection "test.dbt_pg_tutorial.not_null_dim_customers_customer_id.dd91cd1c8d"
[0m18:17:58.201078 [debug] [Thread-3 (]: On test.dbt_pg_tutorial.unique_dim_customers_customer_id.15c9f1e2fd: BEGIN
[0m18:17:58.207031 [debug] [Thread-4 (]: On test.dbt_pg_tutorial.not_null_dim_customers_customer_id.dd91cd1c8d: BEGIN
[0m18:17:58.211835 [debug] [Thread-3 (]: Opening a new connection, currently in state closed
[0m18:17:58.217817 [debug] [Thread-4 (]: Opening a new connection, currently in state closed
[0m18:17:58.416294 [debug] [Thread-1 (]: SQL status: BEGIN in 0.539 seconds
[0m18:17:58.422662 [debug] [Thread-1 (]: Using postgres connection "model.dbt_pg_tutorial.fct_orders"
[0m18:17:58.430410 [debug] [Thread-1 (]: On model.dbt_pg_tutorial.fct_orders: /* {"app": "dbt", "dbt_version": "1.9.0", "profile_name": "dbt_pg_tutorial", "target_name": "dev", "node_id": "model.dbt_pg_tutorial.fct_orders"} */

  
    

  create  table "dbt_tutorial"."analytics_marts"."fct_orders__dbt_tmp"
  
  
    as
  
  (
    

select
    i.order_id,
    i.customer_id,
    i.order_timestamp,
    i.status,
    i.total_amount,
    i.total_paid,
    i.payment_count,
    i.outstanding_amount,
    case
        when i.outstanding_amount = 0 and i.total_amount > 0 then true
        else false
    end as is_fully_paid
from "dbt_tutorial"."analytics_intermediate"."int_order_payments" i
  );
  
[0m18:17:58.492494 [debug] [Thread-1 (]: SQL status: SELECT 5 in 0.054 seconds
[0m18:17:58.525731 [debug] [Thread-1 (]: Using postgres connection "model.dbt_pg_tutorial.fct_orders"
[0m18:17:58.530727 [debug] [Thread-1 (]: On model.dbt_pg_tutorial.fct_orders: /* {"app": "dbt", "dbt_version": "1.9.0", "profile_name": "dbt_pg_tutorial", "target_name": "dev", "node_id": "model.dbt_pg_tutorial.fct_orders"} */
alter table "dbt_tutorial"."analytics_marts"."fct_orders__dbt_tmp" rename to "fct_orders"
[0m18:17:58.542635 [debug] [Thread-1 (]: SQL status: ALTER TABLE in 0.005 seconds
[0m18:17:58.556385 [debug] [Thread-1 (]: On model.dbt_pg_tutorial.fct_orders: COMMIT
[0m18:17:58.564284 [debug] [Thread-1 (]: Using postgres connection "model.dbt_pg_tutorial.fct_orders"
[0m18:17:58.569287 [debug] [Thread-1 (]: On model.dbt_pg_tutorial.fct_orders: COMMIT
[0m18:17:58.578428 [debug] [Thread-1 (]: SQL status: COMMIT in 0.004 seconds
[0m18:17:58.603552 [debug] [Thread-1 (]: Applying DROP to: "dbt_tutorial"."analytics_marts"."fct_orders__dbt_backup"
[0m18:17:58.614696 [debug] [Thread-1 (]: Using postgres connection "model.dbt_pg_tutorial.fct_orders"
[0m18:17:58.621699 [debug] [Thread-1 (]: On model.dbt_pg_tutorial.fct_orders: /* {"app": "dbt", "dbt_version": "1.9.0", "profile_name": "dbt_pg_tutorial", "target_name": "dev", "node_id": "model.dbt_pg_tutorial.fct_orders"} */
drop table if exists "dbt_tutorial"."analytics_marts"."fct_orders__dbt_backup" cascade
[0m18:17:58.630698 [debug] [Thread-1 (]: SQL status: DROP TABLE in 0.002 seconds
[0m18:17:58.643696 [debug] [Thread-1 (]: On model.dbt_pg_tutorial.fct_orders: Close
[0m18:17:58.651697 [debug] [Thread-1 (]: Sending event: {'category': 'dbt', 'action': 'run_model', 'label': '8feef0e7-4347-4914-a962-3b9d4808b851', 'context': [<snowplow_tracker.self_describing_json.SelfDescribingJson object at 0x00000265FC6F51F0>]}
[0m18:17:58.660809 [info ] [Thread-1 (]: 6 of 8 OK created sql table model analytics_marts.fct_orders ................... [[32mSELECT 5[0m in 1.14s]
[0m18:17:58.673896 [debug] [Thread-1 (]: Finished running node model.dbt_pg_tutorial.fct_orders
[0m18:17:58.847106 [debug] [Thread-3 (]: SQL status: BEGIN in 0.636 seconds
[0m18:17:58.853107 [debug] [Thread-3 (]: Using postgres connection "test.dbt_pg_tutorial.unique_dim_customers_customer_id.15c9f1e2fd"
[0m18:17:58.859014 [debug] [Thread-3 (]: On test.dbt_pg_tutorial.unique_dim_customers_customer_id.15c9f1e2fd: /* {"app": "dbt", "dbt_version": "1.9.0", "profile_name": "dbt_pg_tutorial", "target_name": "dev", "node_id": "test.dbt_pg_tutorial.unique_dim_customers_customer_id.15c9f1e2fd"} */

    select
      count(*) as failures,
      count(*) != 0 as should_warn,
      count(*) != 0 as should_error
    from (
      
    
  
    
    

select
    customer_id as unique_field,
    count(*) as n_records

from "dbt_tutorial"."analytics_marts"."dim_customers"
where customer_id is not null
group by customer_id
having count(*) > 1



  
  
      
    ) dbt_internal_test
[0m18:17:58.874109 [debug] [Thread-3 (]: SQL status: SELECT 1 in 0.010 seconds
[0m18:17:58.899864 [debug] [Thread-3 (]: On test.dbt_pg_tutorial.unique_dim_customers_customer_id.15c9f1e2fd: ROLLBACK
[0m18:17:58.903006 [debug] [Thread-4 (]: SQL status: BEGIN in 0.686 seconds
[0m18:17:58.910030 [debug] [Thread-3 (]: On test.dbt_pg_tutorial.unique_dim_customers_customer_id.15c9f1e2fd: Close
[0m18:17:58.915076 [debug] [Thread-4 (]: Using postgres connection "test.dbt_pg_tutorial.not_null_dim_customers_customer_id.dd91cd1c8d"
[0m18:17:58.922925 [info ] [Thread-3 (]: 8 of 8 PASS unique_dim_customers_customer_id ................................... [[32mPASS[0m in 1.23s]
[0m18:17:58.928020 [debug] [Thread-4 (]: On test.dbt_pg_tutorial.not_null_dim_customers_customer_id.dd91cd1c8d: /* {"app": "dbt", "dbt_version": "1.9.0", "profile_name": "dbt_pg_tutorial", "target_name": "dev", "node_id": "test.dbt_pg_tutorial.not_null_dim_customers_customer_id.dd91cd1c8d"} */

    select
      count(*) as failures,
      count(*) != 0 as should_warn,
      count(*) != 0 as should_error
    from (
      
    
  
    
    



select customer_id
from "dbt_tutorial"."analytics_marts"."dim_customers"
where customer_id is null



  
  
      
    ) dbt_internal_test
[0m18:17:58.937010 [debug] [Thread-3 (]: Finished running node test.dbt_pg_tutorial.unique_dim_customers_customer_id.15c9f1e2fd
[0m18:17:58.952070 [debug] [Thread-4 (]: SQL status: SELECT 1 in 0.008 seconds
[0m18:17:58.966074 [debug] [Thread-4 (]: On test.dbt_pg_tutorial.not_null_dim_customers_customer_id.dd91cd1c8d: ROLLBACK
[0m18:17:58.974019 [debug] [Thread-4 (]: On test.dbt_pg_tutorial.not_null_dim_customers_customer_id.dd91cd1c8d: Close
[0m18:17:58.982010 [info ] [Thread-4 (]: 7 of 8 PASS not_null_dim_customers_customer_id ................................. [[32mPASS[0m in 1.30s]
[0m18:17:58.991206 [debug] [Thread-4 (]: Finished running node test.dbt_pg_tutorial.not_null_dim_customers_customer_id.dd91cd1c8d
[0m18:17:59.006681 [debug] [MainThread]: Using postgres connection "master"
[0m18:17:59.012663 [debug] [MainThread]: On master: BEGIN
[0m18:17:59.019027 [debug] [MainThread]: Opening a new connection, currently in state closed
[0m18:17:59.536047 [debug] [MainThread]: SQL status: BEGIN in 0.518 seconds
[0m18:17:59.542142 [debug] [MainThread]: On master: COMMIT
[0m18:17:59.547144 [debug] [MainThread]: Using postgres connection "master"
[0m18:17:59.551128 [debug] [MainThread]: On master: COMMIT
[0m18:17:59.557257 [debug] [MainThread]: SQL status: COMMIT in 0.001 seconds
[0m18:17:59.562293 [debug] [MainThread]: On master: Close
[0m18:17:59.568293 [debug] [MainThread]: Connection 'master' was properly closed.
[0m18:17:59.576441 [debug] [MainThread]: Connection 'list_dbt_tutorial' was properly closed.
[0m18:17:59.584016 [debug] [MainThread]: Connection 'list_dbt_tutorial' was properly closed.
[0m18:17:59.591317 [debug] [MainThread]: Connection 'list_dbt_tutorial' was properly closed.
[0m18:17:59.597783 [debug] [MainThread]: Connection 'list_dbt_tutorial_analytics_intermediate' was properly closed.
[0m18:17:59.605033 [debug] [MainThread]: Connection 'list_dbt_tutorial_analytics_staging' was properly closed.
[0m18:17:59.612089 [debug] [MainThread]: Connection 'list_dbt_tutorial_analytics_marts' was properly closed.
[0m18:17:59.618046 [debug] [MainThread]: Connection 'model.dbt_pg_tutorial.fct_orders' was properly closed.
[0m18:17:59.624936 [debug] [MainThread]: Connection 'model.dbt_pg_tutorial.dim_customers' was properly closed.
[0m18:17:59.629950 [debug] [MainThread]: Connection 'test.dbt_pg_tutorial.unique_dim_customers_customer_id.15c9f1e2fd' was properly closed.
[0m18:17:59.634018 [debug] [MainThread]: Connection 'test.dbt_pg_tutorial.not_null_dim_customers_customer_id.dd91cd1c8d' was properly closed.
[0m18:17:59.639077 [info ] [MainThread]: 
[0m18:17:59.645936 [info ] [MainThread]: Finished running 2 table models, 2 data tests, 4 view models in 0 hours 0 minutes and 9.68 seconds (9.68s).
[0m18:17:59.661227 [debug] [MainThread]: Command end result
[0m18:18:00.121080 [debug] [MainThread]: Wrote artifact WritableManifest to C:\Users\kashv\dbt_workspace\dbt_pg_tutorial\target\manifest.json
[0m18:18:00.159084 [debug] [MainThread]: Wrote artifact SemanticManifest to C:\Users\kashv\dbt_workspace\dbt_pg_tutorial\target\semantic_manifest.json
[0m18:18:00.235715 [debug] [MainThread]: Wrote artifact RunExecutionResult to C:\Users\kashv\dbt_workspace\dbt_pg_tutorial\target\run_results.json
[0m18:18:00.241805 [info ] [MainThread]: 
[0m18:18:00.248348 [info ] [MainThread]: [32mCompleted successfully[0m
[0m18:18:00.255356 [info ] [MainThread]: 
[0m18:18:00.262503 [info ] [MainThread]: Done. PASS=8 WARN=0 ERROR=0 SKIP=0 TOTAL=8
[0m18:18:00.275319 [debug] [MainThread]: Command `dbt build` succeeded at 18:18:00.274178 after 20.40 seconds
[0m18:18:00.281488 [debug] [MainThread]: Sending event: {'category': 'dbt', 'action': 'invocation', 'label': 'end', 'context': [<snowplow_tracker.self_describing_json.SelfDescribingJson object at 0x00000265F7B32960>, <snowplow_tracker.self_describing_json.SelfDescribingJson object at 0x00000265FA13C710>, <snowplow_tracker.self_describing_json.SelfDescribingJson object at 0x00000265FBBBB320>]}
[0m18:18:00.287468 [debug] [MainThread]: Flushing usage events
[0m18:18:00.306460 [debug] [MainThread]: An error was encountered while trying to flush usage events
[0m18:18:44.770996 [debug] [MainThread]: Sending event: {'category': 'dbt', 'action': 'invocation', 'label': 'start', 'context': [<snowplow_tracker.self_describing_json.SelfDescribingJson object at 0x0000024500D5AE70>, <snowplow_tracker.self_describing_json.SelfDescribingJson object at 0x0000024500D5AE10>, <snowplow_tracker.self_describing_json.SelfDescribingJson object at 0x0000024500D5B980>]}


============================== 18:18:44.806489 | 3616db46-0a5d-4795-b84d-b9a113ec892a ==============================
[0m18:18:44.806489 [info ] [MainThread]: Running with dbt=1.9.0
[0m18:18:44.815637 [debug] [MainThread]: running dbt with arguments {'printer_width': '80', 'indirect_selection': 'eager', 'log_cache_events': 'False', 'write_json': 'True', 'partial_parse': 'True', 'cache_selected_only': 'False', 'profiles_dir': 'C:\\Users\\kashv\\.dbt', 'fail_fast': 'False', 'version_check': 'True', 'log_path': 'C:\\Users\\kashv\\dbt_workspace\\dbt_pg_tutorial\\logs', 'debug': 'False', 'warn_error': 'None', 'use_colors': 'True', 'use_experimental_parser': 'False', 'no_print': 'None', 'quiet': 'False', 'empty': 'False', 'log_format': 'default', 'static_parser': 'True', 'invocation_command': 'dbt run -m staging', 'introspect': 'True', 'target_path': 'None', 'warn_error_options': 'WarnErrorOptions(include=[], exclude=[])', 'send_anonymous_usage_stats': 'True'}
[0m18:18:46.467706 [debug] [MainThread]: Sending event: {'category': 'dbt', 'action': 'project_id', 'label': '3616db46-0a5d-4795-b84d-b9a113ec892a', 'context': [<snowplow_tracker.self_describing_json.SelfDescribingJson object at 0x000002450109F3E0>]}
[0m18:18:46.956784 [debug] [MainThread]: Sending event: {'category': 'dbt', 'action': 'adapter_info', 'label': '3616db46-0a5d-4795-b84d-b9a113ec892a', 'context': [<snowplow_tracker.self_describing_json.SelfDescribingJson object at 0x00000245011D6F00>]}
[0m18:18:46.968434 [info ] [MainThread]: Registered adapter: postgres=1.9.1
[0m18:18:50.170833 [debug] [MainThread]: checksum: c99e828bba267739642b5a3ce85f17518764ea526e0e6c4fdc649171c1a66bff, vars: {}, profile: , target: , version: 1.9.0
[0m18:18:51.888545 [debug] [MainThread]: Partial parsing enabled: 0 files deleted, 0 files added, 0 files changed.
[0m18:18:51.894346 [debug] [MainThread]: Partial parsing enabled, no changes found, skipping parsing
[0m18:18:52.227865 [debug] [MainThread]: Sending event: {'category': 'dbt', 'action': 'load_project', 'label': '3616db46-0a5d-4795-b84d-b9a113ec892a', 'context': [<snowplow_tracker.self_describing_json.SelfDescribingJson object at 0x00000245012C7170>]}
[0m18:18:52.945039 [debug] [MainThread]: Wrote artifact WritableManifest to C:\Users\kashv\dbt_workspace\dbt_pg_tutorial\target\manifest.json
[0m18:18:53.088700 [debug] [MainThread]: Wrote artifact SemanticManifest to C:\Users\kashv\dbt_workspace\dbt_pg_tutorial\target\semantic_manifest.json
[0m18:18:53.422691 [debug] [MainThread]: Sending event: {'category': 'dbt', 'action': 'resource_counts', 'label': '3616db46-0a5d-4795-b84d-b9a113ec892a', 'context': [<snowplow_tracker.self_describing_json.SelfDescribingJson object at 0x0000024502614110>]}
[0m18:18:53.428188 [info ] [MainThread]: Found 6 models, 2 data tests, 3 sources, 434 macros
[0m18:18:53.434811 [debug] [MainThread]: Sending event: {'category': 'dbt', 'action': 'runnable_timing', 'label': '3616db46-0a5d-4795-b84d-b9a113ec892a', 'context': [<snowplow_tracker.self_describing_json.SelfDescribingJson object at 0x0000024501375EB0>]}
[0m18:18:53.449852 [info ] [MainThread]: 
[0m18:18:53.458475 [info ] [MainThread]: Concurrency: 4 threads (target='dev')
[0m18:18:53.466466 [info ] [MainThread]: 
[0m18:18:53.474598 [debug] [MainThread]: Acquiring new postgres connection 'master'
[0m18:18:53.514427 [debug] [ThreadPool]: Acquiring new postgres connection 'list_dbt_tutorial'
[0m18:18:54.555211 [debug] [ThreadPool]: Using postgres connection "list_dbt_tutorial"
[0m18:18:54.560878 [debug] [ThreadPool]: On list_dbt_tutorial: /* {"app": "dbt", "dbt_version": "1.9.0", "profile_name": "dbt_pg_tutorial", "target_name": "dev", "connection_name": "list_dbt_tutorial"} */

    select distinct nspname from pg_namespace
  
[0m18:18:54.565934 [debug] [ThreadPool]: Opening a new connection, currently in state init
[0m18:18:55.194554 [debug] [ThreadPool]: SQL status: SELECT 9 in 0.629 seconds
[0m18:18:55.205672 [debug] [ThreadPool]: On list_dbt_tutorial: Close
[0m18:18:55.222464 [debug] [ThreadPool]: Acquiring new postgres connection 'list_dbt_tutorial_analytics_marts'
[0m18:18:55.229375 [debug] [ThreadPool]: Acquiring new postgres connection 'list_dbt_tutorial_analytics_intermediate'
[0m18:18:55.279039 [debug] [ThreadPool]: Using postgres connection "list_dbt_tutorial_analytics_marts"
[0m18:18:55.282047 [debug] [ThreadPool]: Acquiring new postgres connection 'list_dbt_tutorial_analytics_staging'
[0m18:18:55.297434 [debug] [ThreadPool]: Using postgres connection "list_dbt_tutorial_analytics_intermediate"
[0m18:18:55.302399 [debug] [ThreadPool]: On list_dbt_tutorial_analytics_marts: BEGIN
[0m18:18:55.319298 [debug] [ThreadPool]: Using postgres connection "list_dbt_tutorial_analytics_staging"
[0m18:18:55.323383 [debug] [ThreadPool]: On list_dbt_tutorial_analytics_intermediate: BEGIN
[0m18:18:55.327539 [debug] [ThreadPool]: Opening a new connection, currently in state init
[0m18:18:55.332520 [debug] [ThreadPool]: On list_dbt_tutorial_analytics_staging: BEGIN
[0m18:18:55.337520 [debug] [ThreadPool]: Opening a new connection, currently in state init
[0m18:18:55.345236 [debug] [ThreadPool]: Opening a new connection, currently in state init
[0m18:18:55.885179 [debug] [ThreadPool]: SQL status: BEGIN in 0.557 seconds
[0m18:18:55.891173 [debug] [ThreadPool]: Using postgres connection "list_dbt_tutorial_analytics_marts"
[0m18:18:55.898682 [debug] [ThreadPool]: On list_dbt_tutorial_analytics_marts: /* {"app": "dbt", "dbt_version": "1.9.0", "profile_name": "dbt_pg_tutorial", "target_name": "dev", "connection_name": "list_dbt_tutorial_analytics_marts"} */
select
      'dbt_tutorial' as database,
      tablename as name,
      schemaname as schema,
      'table' as type
    from pg_tables
    where schemaname ilike 'analytics_marts'
    union all
    select
      'dbt_tutorial' as database,
      viewname as name,
      schemaname as schema,
      'view' as type
    from pg_views
    where schemaname ilike 'analytics_marts'
    union all
    select
      'dbt_tutorial' as database,
      matviewname as name,
      schemaname as schema,
      'materialized_view' as type
    from pg_matviews
    where schemaname ilike 'analytics_marts'
  
[0m18:18:55.929412 [debug] [ThreadPool]: SQL status: SELECT 2 in 0.025 seconds
[0m18:18:55.940520 [debug] [ThreadPool]: On list_dbt_tutorial_analytics_marts: ROLLBACK
[0m18:18:55.946309 [debug] [ThreadPool]: On list_dbt_tutorial_analytics_marts: Close
[0m18:18:55.961219 [debug] [ThreadPool]: SQL status: BEGIN in 0.624 seconds
[0m18:18:55.968329 [debug] [ThreadPool]: Using postgres connection "list_dbt_tutorial_analytics_intermediate"
[0m18:18:55.974319 [debug] [ThreadPool]: On list_dbt_tutorial_analytics_intermediate: /* {"app": "dbt", "dbt_version": "1.9.0", "profile_name": "dbt_pg_tutorial", "target_name": "dev", "connection_name": "list_dbt_tutorial_analytics_intermediate"} */
select
      'dbt_tutorial' as database,
      tablename as name,
      schemaname as schema,
      'table' as type
    from pg_tables
    where schemaname ilike 'analytics_intermediate'
    union all
    select
      'dbt_tutorial' as database,
      viewname as name,
      schemaname as schema,
      'view' as type
    from pg_views
    where schemaname ilike 'analytics_intermediate'
    union all
    select
      'dbt_tutorial' as database,
      matviewname as name,
      schemaname as schema,
      'materialized_view' as type
    from pg_matviews
    where schemaname ilike 'analytics_intermediate'
  
[0m18:18:56.011005 [debug] [ThreadPool]: SQL status: SELECT 1 in 0.030 seconds
[0m18:18:56.021311 [debug] [ThreadPool]: On list_dbt_tutorial_analytics_intermediate: ROLLBACK
[0m18:18:56.028239 [debug] [ThreadPool]: On list_dbt_tutorial_analytics_intermediate: Close
[0m18:18:56.036241 [debug] [ThreadPool]: SQL status: BEGIN in 0.692 seconds
[0m18:18:56.041297 [debug] [ThreadPool]: Using postgres connection "list_dbt_tutorial_analytics_staging"
[0m18:18:56.046129 [debug] [ThreadPool]: On list_dbt_tutorial_analytics_staging: /* {"app": "dbt", "dbt_version": "1.9.0", "profile_name": "dbt_pg_tutorial", "target_name": "dev", "connection_name": "list_dbt_tutorial_analytics_staging"} */
select
      'dbt_tutorial' as database,
      tablename as name,
      schemaname as schema,
      'table' as type
    from pg_tables
    where schemaname ilike 'analytics_staging'
    union all
    select
      'dbt_tutorial' as database,
      viewname as name,
      schemaname as schema,
      'view' as type
    from pg_views
    where schemaname ilike 'analytics_staging'
    union all
    select
      'dbt_tutorial' as database,
      matviewname as name,
      schemaname as schema,
      'materialized_view' as type
    from pg_matviews
    where schemaname ilike 'analytics_staging'
  
[0m18:18:56.075813 [debug] [ThreadPool]: SQL status: SELECT 3 in 0.025 seconds
[0m18:18:56.086858 [debug] [ThreadPool]: On list_dbt_tutorial_analytics_staging: ROLLBACK
[0m18:18:56.092710 [debug] [ThreadPool]: On list_dbt_tutorial_analytics_staging: Close
[0m18:18:56.135861 [debug] [MainThread]: Using postgres connection "master"
[0m18:18:56.140765 [debug] [MainThread]: On master: BEGIN
[0m18:18:56.145588 [debug] [MainThread]: Opening a new connection, currently in state init
[0m18:18:56.644435 [debug] [MainThread]: SQL status: BEGIN in 0.500 seconds
[0m18:18:56.650594 [debug] [MainThread]: Using postgres connection "master"
[0m18:18:56.652651 [debug] [MainThread]: On master: /* {"app": "dbt", "dbt_version": "1.9.0", "profile_name": "dbt_pg_tutorial", "target_name": "dev", "connection_name": "master"} */
select distinct
        dependent_namespace.nspname as dependent_schema,
        dependent_class.relname as dependent_name,
        referenced_namespace.nspname as referenced_schema,
        referenced_class.relname as referenced_name

    -- Query for views: views are entries in pg_class with an entry in pg_rewrite, but we avoid
    -- a seq scan on pg_rewrite by leveraging the fact there is an "internal" row in pg_depend for
    -- the view...
    from pg_class as dependent_class
    join pg_namespace as dependent_namespace on dependent_namespace.oid = dependent_class.relnamespace
    join pg_depend as dependent_depend on dependent_depend.refobjid = dependent_class.oid
        and dependent_depend.classid = 'pg_rewrite'::regclass
        and dependent_depend.refclassid = 'pg_class'::regclass
        and dependent_depend.deptype = 'i'

    -- ... and via pg_depend (that has a row per column, hence the need for "distinct" above, and
    -- making sure to exclude the internal row to avoid a view appearing to depend on itself)...
    join pg_depend as joining_depend on joining_depend.objid = dependent_depend.objid
        and joining_depend.classid = 'pg_rewrite'::regclass
        and joining_depend.refclassid = 'pg_class'::regclass
        and joining_depend.refobjid != dependent_depend.refobjid

    -- ... we can find the tables they query from in pg_class, but excluding system tables. Note we
    -- don't need need to exclude _dependent_ system tables, because they only query from other
    -- system tables, and so are automatically excluded by excluding _referenced_ system tables
    join pg_class as referenced_class on referenced_class.oid = joining_depend.refobjid
    join pg_namespace as referenced_namespace on referenced_namespace.oid = referenced_class.relnamespace
        and referenced_namespace.nspname != 'information_schema'
        and referenced_namespace.nspname not like 'pg\_%'

    order by
        dependent_schema, dependent_name, referenced_schema, referenced_name;
[0m18:18:56.691446 [debug] [MainThread]: SQL status: SELECT 5 in 0.028 seconds
[0m18:18:56.705677 [debug] [MainThread]: Sending event: {'category': 'dbt', 'action': 'runnable_timing', 'label': '3616db46-0a5d-4795-b84d-b9a113ec892a', 'context': [<snowplow_tracker.self_describing_json.SelfDescribingJson object at 0x00000245012A7A40>]}
[0m18:18:56.712071 [debug] [MainThread]: On master: ROLLBACK
[0m18:18:56.720862 [debug] [MainThread]: Using postgres connection "master"
[0m18:18:56.725147 [debug] [MainThread]: On master: BEGIN
[0m18:18:56.732371 [debug] [MainThread]: SQL status: BEGIN in 0.003 seconds
[0m18:18:56.732371 [debug] [MainThread]: On master: COMMIT
[0m18:18:56.744768 [debug] [MainThread]: Using postgres connection "master"
[0m18:18:56.747368 [debug] [MainThread]: On master: COMMIT
[0m18:18:56.747368 [debug] [MainThread]: SQL status: COMMIT in 0.001 seconds
[0m18:18:56.747368 [debug] [MainThread]: On master: Close
[0m18:18:56.779555 [debug] [Thread-1 (]: Began running node model.dbt_pg_tutorial.stg_customers
[0m18:18:56.786413 [debug] [Thread-2 (]: Began running node model.dbt_pg_tutorial.stg_orders
[0m18:18:56.791641 [debug] [Thread-3 (]: Began running node model.dbt_pg_tutorial.stg_payments
[0m18:18:56.795391 [info ] [Thread-1 (]: 1 of 3 START sql view model analytics_staging.stg_customers .................... [RUN]
[0m18:18:56.801410 [info ] [Thread-2 (]: 2 of 3 START sql view model analytics_staging.stg_orders ....................... [RUN]
[0m18:18:56.813446 [info ] [Thread-3 (]: 3 of 3 START sql view model analytics_staging.stg_payments ..................... [RUN]
[0m18:18:56.822637 [debug] [Thread-1 (]: Acquiring new postgres connection 'model.dbt_pg_tutorial.stg_customers'
[0m18:18:56.833119 [debug] [Thread-2 (]: Acquiring new postgres connection 'model.dbt_pg_tutorial.stg_orders'
[0m18:18:56.838448 [debug] [Thread-3 (]: Acquiring new postgres connection 'model.dbt_pg_tutorial.stg_payments'
[0m18:18:56.847203 [debug] [Thread-1 (]: Began compiling node model.dbt_pg_tutorial.stg_customers
[0m18:18:56.853156 [debug] [Thread-2 (]: Began compiling node model.dbt_pg_tutorial.stg_orders
[0m18:18:56.858308 [debug] [Thread-3 (]: Began compiling node model.dbt_pg_tutorial.stg_payments
[0m18:18:56.905863 [debug] [Thread-1 (]: Writing injected SQL for node "model.dbt_pg_tutorial.stg_customers"
[0m18:18:56.945109 [debug] [Thread-2 (]: Writing injected SQL for node "model.dbt_pg_tutorial.stg_orders"
[0m18:18:56.977232 [debug] [Thread-3 (]: Writing injected SQL for node "model.dbt_pg_tutorial.stg_payments"
[0m18:18:57.063063 [debug] [Thread-2 (]: Began executing node model.dbt_pg_tutorial.stg_orders
[0m18:18:57.066945 [debug] [Thread-1 (]: Began executing node model.dbt_pg_tutorial.stg_customers
[0m18:18:57.071438 [debug] [Thread-3 (]: Began executing node model.dbt_pg_tutorial.stg_payments
[0m18:18:57.611606 [debug] [Thread-1 (]: Writing runtime sql for node "model.dbt_pg_tutorial.stg_customers"
[0m18:18:57.622607 [debug] [Thread-2 (]: Writing runtime sql for node "model.dbt_pg_tutorial.stg_orders"
[0m18:18:57.627605 [debug] [Thread-3 (]: Writing runtime sql for node "model.dbt_pg_tutorial.stg_payments"
[0m18:18:57.715775 [debug] [Thread-1 (]: Using postgres connection "model.dbt_pg_tutorial.stg_customers"
[0m18:18:57.718754 [debug] [Thread-2 (]: Using postgres connection "model.dbt_pg_tutorial.stg_orders"
[0m18:18:57.722919 [debug] [Thread-3 (]: Using postgres connection "model.dbt_pg_tutorial.stg_payments"
[0m18:18:57.728079 [debug] [Thread-1 (]: On model.dbt_pg_tutorial.stg_customers: BEGIN
[0m18:18:57.733894 [debug] [Thread-2 (]: On model.dbt_pg_tutorial.stg_orders: BEGIN
[0m18:18:57.739558 [debug] [Thread-3 (]: On model.dbt_pg_tutorial.stg_payments: BEGIN
[0m18:18:57.746266 [debug] [Thread-1 (]: Opening a new connection, currently in state init
[0m18:18:57.751027 [debug] [Thread-2 (]: Opening a new connection, currently in state init
[0m18:18:57.756925 [debug] [Thread-3 (]: Opening a new connection, currently in state init
[0m18:18:58.361172 [debug] [Thread-1 (]: SQL status: BEGIN in 0.614 seconds
[0m18:18:58.368182 [debug] [Thread-1 (]: Using postgres connection "model.dbt_pg_tutorial.stg_customers"
[0m18:18:58.375152 [debug] [Thread-1 (]: On model.dbt_pg_tutorial.stg_customers: /* {"app": "dbt", "dbt_version": "1.9.0", "profile_name": "dbt_pg_tutorial", "target_name": "dev", "node_id": "model.dbt_pg_tutorial.stg_customers"} */

  create view "dbt_tutorial"."analytics_staging"."stg_customers__dbt_tmp"
    
    
  as (
    

with source as (
    select * from "dbt_tutorial"."raw"."customers"
),
renamed as (
    select
        id                as customer_id,
        lower(trim(first_name)) as first_name,
        lower(trim(last_name))  as last_name,
        lower(trim(email))      as email,
        created_at
    from source
)
select * from renamed
  );
[0m18:18:58.380180 [debug] [Thread-2 (]: SQL status: BEGIN in 0.628 seconds
[0m18:18:58.388227 [debug] [Thread-2 (]: Using postgres connection "model.dbt_pg_tutorial.stg_orders"
[0m18:18:58.393232 [debug] [Thread-2 (]: On model.dbt_pg_tutorial.stg_orders: /* {"app": "dbt", "dbt_version": "1.9.0", "profile_name": "dbt_pg_tutorial", "target_name": "dev", "node_id": "model.dbt_pg_tutorial.stg_orders"} */

  create view "dbt_tutorial"."analytics_staging"."stg_orders__dbt_tmp"
    
    
  as (
    

with source as (
    select * from "dbt_tutorial"."raw"."orders"
),
casted as (
    select
        id           as order_id,
        user_id      as customer_id,
        order_date::timestamp as order_timestamp,
        lower(status) as status,
        total_amount::numeric(10,2) as total_amount
    from source
)
select * from casted
  );
[0m18:18:58.414718 [debug] [Thread-1 (]: SQL status: CREATE VIEW in 0.030 seconds
[0m18:18:58.433050 [debug] [Thread-2 (]: SQL status: CREATE VIEW in 0.035 seconds
[0m18:18:58.468649 [debug] [Thread-1 (]: Using postgres connection "model.dbt_pg_tutorial.stg_customers"
[0m18:18:58.480062 [debug] [Thread-3 (]: SQL status: BEGIN in 0.723 seconds
[0m18:18:58.495010 [debug] [Thread-2 (]: Using postgres connection "model.dbt_pg_tutorial.stg_orders"
[0m18:18:58.499714 [debug] [Thread-1 (]: On model.dbt_pg_tutorial.stg_customers: /* {"app": "dbt", "dbt_version": "1.9.0", "profile_name": "dbt_pg_tutorial", "target_name": "dev", "node_id": "model.dbt_pg_tutorial.stg_customers"} */
alter table "dbt_tutorial"."analytics_staging"."stg_customers" rename to "stg_customers__dbt_backup"
[0m18:18:58.505381 [debug] [Thread-3 (]: Using postgres connection "model.dbt_pg_tutorial.stg_payments"
[0m18:18:58.511220 [debug] [Thread-2 (]: On model.dbt_pg_tutorial.stg_orders: /* {"app": "dbt", "dbt_version": "1.9.0", "profile_name": "dbt_pg_tutorial", "target_name": "dev", "node_id": "model.dbt_pg_tutorial.stg_orders"} */
alter table "dbt_tutorial"."analytics_staging"."stg_orders" rename to "stg_orders__dbt_backup"
[0m18:18:58.518331 [debug] [Thread-3 (]: On model.dbt_pg_tutorial.stg_payments: /* {"app": "dbt", "dbt_version": "1.9.0", "profile_name": "dbt_pg_tutorial", "target_name": "dev", "node_id": "model.dbt_pg_tutorial.stg_payments"} */

  create view "dbt_tutorial"."analytics_staging"."stg_payments__dbt_tmp"
    
    
  as (
    

with source as (
    select * from "dbt_tutorial"."raw"."payments"
),
casted as (
    select
        id           as payment_id,
        order_id,
        lower(payment_method) as payment_method,
        amount::numeric(10,2) as amount,
        paid_at::timestamp    as paid_at
    from source
)
select * from casted
  );
[0m18:18:58.520946 [debug] [Thread-1 (]: SQL status: ALTER TABLE in 0.005 seconds
[0m18:18:58.529378 [debug] [Thread-2 (]: SQL status: ALTER TABLE in 0.004 seconds
[0m18:18:58.553042 [debug] [Thread-1 (]: Using postgres connection "model.dbt_pg_tutorial.stg_customers"
[0m18:18:58.557040 [debug] [Thread-3 (]: SQL status: CREATE VIEW in 0.029 seconds
[0m18:18:58.578135 [debug] [Thread-2 (]: Using postgres connection "model.dbt_pg_tutorial.stg_orders"
[0m18:18:58.583130 [debug] [Thread-1 (]: On model.dbt_pg_tutorial.stg_customers: /* {"app": "dbt", "dbt_version": "1.9.0", "profile_name": "dbt_pg_tutorial", "target_name": "dev", "node_id": "model.dbt_pg_tutorial.stg_customers"} */
alter table "dbt_tutorial"."analytics_staging"."stg_customers__dbt_tmp" rename to "stg_customers"
[0m18:18:58.613131 [debug] [Thread-3 (]: Using postgres connection "model.dbt_pg_tutorial.stg_payments"
[0m18:18:58.617134 [debug] [Thread-2 (]: On model.dbt_pg_tutorial.stg_orders: /* {"app": "dbt", "dbt_version": "1.9.0", "profile_name": "dbt_pg_tutorial", "target_name": "dev", "node_id": "model.dbt_pg_tutorial.stg_orders"} */
alter table "dbt_tutorial"."analytics_staging"."stg_orders__dbt_tmp" rename to "stg_orders"
[0m18:18:58.626035 [debug] [Thread-3 (]: On model.dbt_pg_tutorial.stg_payments: /* {"app": "dbt", "dbt_version": "1.9.0", "profile_name": "dbt_pg_tutorial", "target_name": "dev", "node_id": "model.dbt_pg_tutorial.stg_payments"} */
alter table "dbt_tutorial"."analytics_staging"."stg_payments" rename to "stg_payments__dbt_backup"
[0m18:18:58.629035 [debug] [Thread-1 (]: SQL status: ALTER TABLE in 0.007 seconds
[0m18:18:58.637268 [debug] [Thread-2 (]: SQL status: ALTER TABLE in 0.003 seconds
[0m18:18:58.641183 [debug] [Thread-3 (]: SQL status: ALTER TABLE in 0.005 seconds
[0m18:18:58.836503 [debug] [Thread-1 (]: On model.dbt_pg_tutorial.stg_customers: COMMIT
[0m18:18:58.876054 [debug] [Thread-2 (]: On model.dbt_pg_tutorial.stg_orders: COMMIT
[0m18:18:58.882050 [debug] [Thread-3 (]: Using postgres connection "model.dbt_pg_tutorial.stg_payments"
[0m18:18:58.886624 [debug] [Thread-1 (]: Using postgres connection "model.dbt_pg_tutorial.stg_customers"
[0m18:18:58.891829 [debug] [Thread-2 (]: Using postgres connection "model.dbt_pg_tutorial.stg_orders"
[0m18:18:58.896826 [debug] [Thread-3 (]: On model.dbt_pg_tutorial.stg_payments: /* {"app": "dbt", "dbt_version": "1.9.0", "profile_name": "dbt_pg_tutorial", "target_name": "dev", "node_id": "model.dbt_pg_tutorial.stg_payments"} */
alter table "dbt_tutorial"."analytics_staging"."stg_payments__dbt_tmp" rename to "stg_payments"
[0m18:18:58.902531 [debug] [Thread-1 (]: On model.dbt_pg_tutorial.stg_customers: COMMIT
[0m18:18:58.906673 [debug] [Thread-2 (]: On model.dbt_pg_tutorial.stg_orders: COMMIT
[0m18:18:58.916621 [debug] [Thread-3 (]: SQL status: ALTER TABLE in 0.004 seconds
[0m18:18:58.919627 [debug] [Thread-1 (]: SQL status: COMMIT in 0.005 seconds
[0m18:18:58.937717 [debug] [Thread-2 (]: SQL status: COMMIT in 0.014 seconds
[0m18:18:58.933862 [debug] [Thread-3 (]: On model.dbt_pg_tutorial.stg_payments: COMMIT
[0m18:18:58.988205 [debug] [Thread-1 (]: Applying DROP to: "dbt_tutorial"."analytics_staging"."stg_customers__dbt_backup"
[0m18:18:59.008197 [debug] [Thread-2 (]: Applying DROP to: "dbt_tutorial"."analytics_staging"."stg_orders__dbt_backup"
[0m18:18:59.012200 [debug] [Thread-3 (]: Using postgres connection "model.dbt_pg_tutorial.stg_payments"
[0m18:18:59.054624 [debug] [Thread-1 (]: Using postgres connection "model.dbt_pg_tutorial.stg_customers"
[0m18:18:59.060621 [debug] [Thread-2 (]: Using postgres connection "model.dbt_pg_tutorial.stg_orders"
[0m18:18:59.067541 [debug] [Thread-3 (]: On model.dbt_pg_tutorial.stg_payments: COMMIT
[0m18:18:59.072879 [debug] [Thread-1 (]: On model.dbt_pg_tutorial.stg_customers: /* {"app": "dbt", "dbt_version": "1.9.0", "profile_name": "dbt_pg_tutorial", "target_name": "dev", "node_id": "model.dbt_pg_tutorial.stg_customers"} */
drop view if exists "dbt_tutorial"."analytics_staging"."stg_customers__dbt_backup" cascade
[0m18:18:59.078958 [debug] [Thread-2 (]: On model.dbt_pg_tutorial.stg_orders: /* {"app": "dbt", "dbt_version": "1.9.0", "profile_name": "dbt_pg_tutorial", "target_name": "dev", "node_id": "model.dbt_pg_tutorial.stg_orders"} */
drop view if exists "dbt_tutorial"."analytics_staging"."stg_orders__dbt_backup" cascade
[0m18:18:59.095963 [debug] [Thread-1 (]: SQL status: DROP VIEW in 0.008 seconds
[0m18:18:59.111862 [debug] [Thread-2 (]: SQL status: DROP VIEW in 0.021 seconds
[0m18:18:59.120051 [debug] [Thread-1 (]: On model.dbt_pg_tutorial.stg_customers: Close
[0m18:18:59.123050 [debug] [Thread-3 (]: SQL status: COMMIT in 0.038 seconds
[0m18:18:59.135896 [debug] [Thread-2 (]: On model.dbt_pg_tutorial.stg_orders: Close
[0m18:18:59.167982 [debug] [Thread-3 (]: Applying DROP to: "dbt_tutorial"."analytics_staging"."stg_payments__dbt_backup"
[0m18:18:59.178938 [debug] [Thread-1 (]: Sending event: {'category': 'dbt', 'action': 'run_model', 'label': '3616db46-0a5d-4795-b84d-b9a113ec892a', 'context': [<snowplow_tracker.self_describing_json.SelfDescribingJson object at 0x000002457E2337D0>]}
[0m18:18:59.182927 [debug] [Thread-2 (]: Sending event: {'category': 'dbt', 'action': 'run_model', 'label': '3616db46-0a5d-4795-b84d-b9a113ec892a', 'context': [<snowplow_tracker.self_describing_json.SelfDescribingJson object at 0x0000024502D82300>]}
[0m18:18:59.191000 [debug] [Thread-3 (]: Using postgres connection "model.dbt_pg_tutorial.stg_payments"
[0m18:18:59.198139 [info ] [Thread-1 (]: 1 of 3 OK created sql view model analytics_staging.stg_customers ............... [[32mCREATE VIEW[0m in 2.32s]
[0m18:18:59.207097 [info ] [Thread-2 (]: 2 of 3 OK created sql view model analytics_staging.stg_orders .................. [[32mCREATE VIEW[0m in 2.34s]
[0m18:18:59.214711 [debug] [Thread-3 (]: On model.dbt_pg_tutorial.stg_payments: /* {"app": "dbt", "dbt_version": "1.9.0", "profile_name": "dbt_pg_tutorial", "target_name": "dev", "node_id": "model.dbt_pg_tutorial.stg_payments"} */
drop view if exists "dbt_tutorial"."analytics_staging"."stg_payments__dbt_backup" cascade
[0m18:18:59.223858 [debug] [Thread-1 (]: Finished running node model.dbt_pg_tutorial.stg_customers
[0m18:18:59.230863 [debug] [Thread-2 (]: Finished running node model.dbt_pg_tutorial.stg_orders
[0m18:18:59.245892 [debug] [Thread-3 (]: SQL status: DROP VIEW in 0.009 seconds
[0m18:18:59.258630 [debug] [Thread-3 (]: On model.dbt_pg_tutorial.stg_payments: Close
[0m18:18:59.265575 [debug] [Thread-3 (]: Sending event: {'category': 'dbt', 'action': 'run_model', 'label': '3616db46-0a5d-4795-b84d-b9a113ec892a', 'context': [<snowplow_tracker.self_describing_json.SelfDescribingJson object at 0x0000024502E03890>]}
[0m18:18:59.273574 [info ] [Thread-3 (]: 3 of 3 OK created sql view model analytics_staging.stg_payments ................ [[32mCREATE VIEW[0m in 2.43s]
[0m18:18:59.285008 [debug] [Thread-3 (]: Finished running node model.dbt_pg_tutorial.stg_payments
[0m18:18:59.301932 [debug] [MainThread]: Using postgres connection "master"
[0m18:18:59.307938 [debug] [MainThread]: On master: BEGIN
[0m18:18:59.313019 [debug] [MainThread]: Opening a new connection, currently in state closed
[0m18:18:59.831130 [debug] [MainThread]: SQL status: BEGIN in 0.518 seconds
[0m18:18:59.835995 [debug] [MainThread]: On master: COMMIT
[0m18:18:59.841017 [debug] [MainThread]: Using postgres connection "master"
[0m18:18:59.846028 [debug] [MainThread]: On master: COMMIT
[0m18:18:59.852021 [debug] [MainThread]: SQL status: COMMIT in 0.002 seconds
[0m18:18:59.857575 [debug] [MainThread]: On master: Close
[0m18:18:59.864579 [debug] [MainThread]: Connection 'master' was properly closed.
[0m18:18:59.869587 [debug] [MainThread]: Connection 'list_dbt_tutorial' was properly closed.
[0m18:18:59.874607 [debug] [MainThread]: Connection 'list_dbt_tutorial_analytics_marts' was properly closed.
[0m18:18:59.880607 [debug] [MainThread]: Connection 'list_dbt_tutorial_analytics_intermediate' was properly closed.
[0m18:18:59.885607 [debug] [MainThread]: Connection 'list_dbt_tutorial_analytics_staging' was properly closed.
[0m18:18:59.890172 [debug] [MainThread]: Connection 'model.dbt_pg_tutorial.stg_customers' was properly closed.
[0m18:18:59.895170 [debug] [MainThread]: Connection 'model.dbt_pg_tutorial.stg_orders' was properly closed.
[0m18:18:59.900729 [debug] [MainThread]: Connection 'model.dbt_pg_tutorial.stg_payments' was properly closed.
[0m18:18:59.905731 [info ] [MainThread]: 
[0m18:18:59.912755 [info ] [MainThread]: Finished running 3 view models in 0 hours 0 minutes and 6.43 seconds (6.43s).
[0m18:18:59.923733 [debug] [MainThread]: Command end result
[0m18:19:00.193487 [debug] [MainThread]: Wrote artifact WritableManifest to C:\Users\kashv\dbt_workspace\dbt_pg_tutorial\target\manifest.json
[0m18:19:00.231249 [debug] [MainThread]: Wrote artifact SemanticManifest to C:\Users\kashv\dbt_workspace\dbt_pg_tutorial\target\semantic_manifest.json
[0m18:19:00.298378 [debug] [MainThread]: Wrote artifact RunExecutionResult to C:\Users\kashv\dbt_workspace\dbt_pg_tutorial\target\run_results.json
[0m18:19:00.304380 [info ] [MainThread]: 
[0m18:19:00.311380 [info ] [MainThread]: [32mCompleted successfully[0m
[0m18:19:00.319388 [info ] [MainThread]: 
[0m18:19:00.326383 [info ] [MainThread]: Done. PASS=3 WARN=0 ERROR=0 SKIP=0 TOTAL=3
[0m18:19:00.339375 [debug] [MainThread]: Command `dbt run` succeeded at 18:19:00.338374 after 16.73 seconds
[0m18:19:00.345416 [debug] [MainThread]: Sending event: {'category': 'dbt', 'action': 'invocation', 'label': 'end', 'context': [<snowplow_tracker.self_describing_json.SelfDescribingJson object at 0x0000024500A53020>, <snowplow_tracker.self_describing_json.SelfDescribingJson object at 0x000002450064BB30>, <snowplow_tracker.self_describing_json.SelfDescribingJson object at 0x0000024500708080>]}
[0m18:19:00.350415 [debug] [MainThread]: Flushing usage events
[0m18:19:00.372002 [debug] [MainThread]: An error was encountered while trying to flush usage events
[0m18:19:22.643767 [debug] [MainThread]: Sending event: {'category': 'dbt', 'action': 'invocation', 'label': 'start', 'context': [<snowplow_tracker.self_describing_json.SelfDescribingJson object at 0x0000020792E12BA0>, <snowplow_tracker.self_describing_json.SelfDescribingJson object at 0x0000020790450620>, <snowplow_tracker.self_describing_json.SelfDescribingJson object at 0x0000020792752DB0>]}


============================== 18:19:22.676787 | 507a3ac9-a0a4-4144-9563-83b0eefd162c ==============================
[0m18:19:22.676787 [info ] [MainThread]: Running with dbt=1.9.0
[0m18:19:22.685768 [debug] [MainThread]: running dbt with arguments {'printer_width': '80', 'indirect_selection': 'eager', 'log_cache_events': 'False', 'write_json': 'True', 'partial_parse': 'True', 'cache_selected_only': 'False', 'warn_error': 'None', 'fail_fast': 'False', 'profiles_dir': 'C:\\Users\\kashv\\.dbt', 'log_path': 'C:\\Users\\kashv\\dbt_workspace\\dbt_pg_tutorial\\logs', 'version_check': 'True', 'debug': 'False', 'use_colors': 'True', 'use_experimental_parser': 'False', 'no_print': 'None', 'quiet': 'False', 'empty': 'False', 'warn_error_options': 'WarnErrorOptions(include=[], exclude=[])', 'invocation_command': 'dbt run -m intermediate', 'static_parser': 'True', 'introspect': 'True', 'target_path': 'None', 'log_format': 'default', 'send_anonymous_usage_stats': 'True'}
[0m18:19:24.344589 [debug] [MainThread]: Sending event: {'category': 'dbt', 'action': 'project_id', 'label': '507a3ac9-a0a4-4144-9563-83b0eefd162c', 'context': [<snowplow_tracker.self_describing_json.SelfDescribingJson object at 0x00000207929D7830>]}
[0m18:19:24.840303 [debug] [MainThread]: Sending event: {'category': 'dbt', 'action': 'adapter_info', 'label': '507a3ac9-a0a4-4144-9563-83b0eefd162c', 'context': [<snowplow_tracker.self_describing_json.SelfDescribingJson object at 0x0000020793026D80>]}
[0m18:19:24.853279 [info ] [MainThread]: Registered adapter: postgres=1.9.1
[0m18:19:27.878924 [debug] [MainThread]: checksum: c99e828bba267739642b5a3ce85f17518764ea526e0e6c4fdc649171c1a66bff, vars: {}, profile: , target: , version: 1.9.0
[0m18:19:29.614966 [debug] [MainThread]: Partial parsing enabled: 0 files deleted, 0 files added, 0 files changed.
[0m18:19:29.619907 [debug] [MainThread]: Partial parsing enabled, no changes found, skipping parsing
[0m18:19:29.937963 [debug] [MainThread]: Sending event: {'category': 'dbt', 'action': 'load_project', 'label': '507a3ac9-a0a4-4144-9563-83b0eefd162c', 'context': [<snowplow_tracker.self_describing_json.SelfDescribingJson object at 0x0000020793626A50>]}
[0m18:19:30.664156 [debug] [MainThread]: Wrote artifact WritableManifest to C:\Users\kashv\dbt_workspace\dbt_pg_tutorial\target\manifest.json
[0m18:19:30.804511 [debug] [MainThread]: Wrote artifact SemanticManifest to C:\Users\kashv\dbt_workspace\dbt_pg_tutorial\target\semantic_manifest.json
[0m18:19:31.138877 [debug] [MainThread]: Sending event: {'category': 'dbt', 'action': 'resource_counts', 'label': '507a3ac9-a0a4-4144-9563-83b0eefd162c', 'context': [<snowplow_tracker.self_describing_json.SelfDescribingJson object at 0x00000207931EA6C0>]}
[0m18:19:31.144098 [info ] [MainThread]: Found 6 models, 2 data tests, 3 sources, 434 macros
[0m18:19:31.150969 [debug] [MainThread]: Sending event: {'category': 'dbt', 'action': 'runnable_timing', 'label': '507a3ac9-a0a4-4144-9563-83b0eefd162c', 'context': [<snowplow_tracker.self_describing_json.SelfDescribingJson object at 0x0000020794B73F50>]}
[0m18:19:31.164967 [info ] [MainThread]: 
[0m18:19:31.171932 [info ] [MainThread]: Concurrency: 4 threads (target='dev')
[0m18:19:31.177987 [info ] [MainThread]: 
[0m18:19:31.187992 [debug] [MainThread]: Acquiring new postgres connection 'master'
[0m18:19:31.204978 [debug] [ThreadPool]: Acquiring new postgres connection 'list_dbt_tutorial'
[0m18:19:32.298550 [debug] [ThreadPool]: Using postgres connection "list_dbt_tutorial"
[0m18:19:32.303556 [debug] [ThreadPool]: On list_dbt_tutorial: /* {"app": "dbt", "dbt_version": "1.9.0", "profile_name": "dbt_pg_tutorial", "target_name": "dev", "connection_name": "list_dbt_tutorial"} */

    select distinct nspname from pg_namespace
  
[0m18:19:32.308559 [debug] [ThreadPool]: Opening a new connection, currently in state init
[0m18:19:32.899975 [debug] [ThreadPool]: SQL status: SELECT 9 in 0.594 seconds
[0m18:19:32.914540 [debug] [ThreadPool]: On list_dbt_tutorial: Close
[0m18:19:32.947614 [debug] [ThreadPool]: Acquiring new postgres connection 'list_dbt_tutorial_analytics_marts'
[0m18:19:32.947614 [debug] [ThreadPool]: Acquiring new postgres connection 'list_dbt_tutorial_analytics_intermediate'
[0m18:19:32.995567 [debug] [ThreadPool]: Acquiring new postgres connection 'list_dbt_tutorial_analytics_staging'
[0m18:19:32.995567 [debug] [ThreadPool]: Using postgres connection "list_dbt_tutorial_analytics_marts"
[0m18:19:33.011699 [debug] [ThreadPool]: Using postgres connection "list_dbt_tutorial_analytics_intermediate"
[0m18:19:33.030957 [debug] [ThreadPool]: Using postgres connection "list_dbt_tutorial_analytics_staging"
[0m18:19:33.044399 [debug] [ThreadPool]: On list_dbt_tutorial_analytics_marts: BEGIN
[0m18:19:33.044399 [debug] [ThreadPool]: On list_dbt_tutorial_analytics_intermediate: BEGIN
[0m18:19:33.059677 [debug] [ThreadPool]: On list_dbt_tutorial_analytics_staging: BEGIN
[0m18:19:33.065575 [debug] [ThreadPool]: Opening a new connection, currently in state init
[0m18:19:33.067606 [debug] [ThreadPool]: Opening a new connection, currently in state init
[0m18:19:33.067606 [debug] [ThreadPool]: Opening a new connection, currently in state init
[0m18:19:33.636813 [debug] [ThreadPool]: SQL status: BEGIN in 0.571 seconds
[0m18:19:33.644803 [debug] [ThreadPool]: Using postgres connection "list_dbt_tutorial_analytics_marts"
[0m18:19:33.650885 [debug] [ThreadPool]: On list_dbt_tutorial_analytics_marts: /* {"app": "dbt", "dbt_version": "1.9.0", "profile_name": "dbt_pg_tutorial", "target_name": "dev", "connection_name": "list_dbt_tutorial_analytics_marts"} */
select
      'dbt_tutorial' as database,
      tablename as name,
      schemaname as schema,
      'table' as type
    from pg_tables
    where schemaname ilike 'analytics_marts'
    union all
    select
      'dbt_tutorial' as database,
      viewname as name,
      schemaname as schema,
      'view' as type
    from pg_views
    where schemaname ilike 'analytics_marts'
    union all
    select
      'dbt_tutorial' as database,
      matviewname as name,
      schemaname as schema,
      'materialized_view' as type
    from pg_matviews
    where schemaname ilike 'analytics_marts'
  
[0m18:19:33.694556 [debug] [ThreadPool]: SQL status: SELECT 2 in 0.036 seconds
[0m18:19:33.707200 [debug] [ThreadPool]: On list_dbt_tutorial_analytics_marts: ROLLBACK
[0m18:19:33.714194 [debug] [ThreadPool]: On list_dbt_tutorial_analytics_marts: Close
[0m18:19:33.727367 [debug] [ThreadPool]: SQL status: BEGIN in 0.658 seconds
[0m18:19:33.734326 [debug] [ThreadPool]: Using postgres connection "list_dbt_tutorial_analytics_intermediate"
[0m18:19:33.741113 [debug] [ThreadPool]: On list_dbt_tutorial_analytics_intermediate: /* {"app": "dbt", "dbt_version": "1.9.0", "profile_name": "dbt_pg_tutorial", "target_name": "dev", "connection_name": "list_dbt_tutorial_analytics_intermediate"} */
select
      'dbt_tutorial' as database,
      tablename as name,
      schemaname as schema,
      'table' as type
    from pg_tables
    where schemaname ilike 'analytics_intermediate'
    union all
    select
      'dbt_tutorial' as database,
      viewname as name,
      schemaname as schema,
      'view' as type
    from pg_views
    where schemaname ilike 'analytics_intermediate'
    union all
    select
      'dbt_tutorial' as database,
      matviewname as name,
      schemaname as schema,
      'materialized_view' as type
    from pg_matviews
    where schemaname ilike 'analytics_intermediate'
  
[0m18:19:33.775056 [debug] [ThreadPool]: SQL status: SELECT 0 in 0.028 seconds
[0m18:19:33.785182 [debug] [ThreadPool]: On list_dbt_tutorial_analytics_intermediate: ROLLBACK
[0m18:19:33.792038 [debug] [ThreadPool]: On list_dbt_tutorial_analytics_intermediate: Close
[0m18:19:33.814126 [debug] [ThreadPool]: SQL status: BEGIN in 0.739 seconds
[0m18:19:33.820037 [debug] [ThreadPool]: Using postgres connection "list_dbt_tutorial_analytics_staging"
[0m18:19:33.826032 [debug] [ThreadPool]: On list_dbt_tutorial_analytics_staging: /* {"app": "dbt", "dbt_version": "1.9.0", "profile_name": "dbt_pg_tutorial", "target_name": "dev", "connection_name": "list_dbt_tutorial_analytics_staging"} */
select
      'dbt_tutorial' as database,
      tablename as name,
      schemaname as schema,
      'table' as type
    from pg_tables
    where schemaname ilike 'analytics_staging'
    union all
    select
      'dbt_tutorial' as database,
      viewname as name,
      schemaname as schema,
      'view' as type
    from pg_views
    where schemaname ilike 'analytics_staging'
    union all
    select
      'dbt_tutorial' as database,
      matviewname as name,
      schemaname as schema,
      'materialized_view' as type
    from pg_matviews
    where schemaname ilike 'analytics_staging'
  
[0m18:19:33.858352 [debug] [ThreadPool]: SQL status: SELECT 3 in 0.027 seconds
[0m18:19:33.870112 [debug] [ThreadPool]: On list_dbt_tutorial_analytics_staging: ROLLBACK
[0m18:19:33.876136 [debug] [ThreadPool]: On list_dbt_tutorial_analytics_staging: Close
[0m18:19:33.921411 [debug] [MainThread]: Using postgres connection "master"
[0m18:19:33.926224 [debug] [MainThread]: On master: BEGIN
[0m18:19:33.931221 [debug] [MainThread]: Opening a new connection, currently in state init
[0m18:19:34.431337 [debug] [MainThread]: SQL status: BEGIN in 0.506 seconds
[0m18:19:34.431337 [debug] [MainThread]: Using postgres connection "master"
[0m18:19:34.447112 [debug] [MainThread]: On master: /* {"app": "dbt", "dbt_version": "1.9.0", "profile_name": "dbt_pg_tutorial", "target_name": "dev", "connection_name": "master"} */
select distinct
        dependent_namespace.nspname as dependent_schema,
        dependent_class.relname as dependent_name,
        referenced_namespace.nspname as referenced_schema,
        referenced_class.relname as referenced_name

    -- Query for views: views are entries in pg_class with an entry in pg_rewrite, but we avoid
    -- a seq scan on pg_rewrite by leveraging the fact there is an "internal" row in pg_depend for
    -- the view...
    from pg_class as dependent_class
    join pg_namespace as dependent_namespace on dependent_namespace.oid = dependent_class.relnamespace
    join pg_depend as dependent_depend on dependent_depend.refobjid = dependent_class.oid
        and dependent_depend.classid = 'pg_rewrite'::regclass
        and dependent_depend.refclassid = 'pg_class'::regclass
        and dependent_depend.deptype = 'i'

    -- ... and via pg_depend (that has a row per column, hence the need for "distinct" above, and
    -- making sure to exclude the internal row to avoid a view appearing to depend on itself)...
    join pg_depend as joining_depend on joining_depend.objid = dependent_depend.objid
        and joining_depend.classid = 'pg_rewrite'::regclass
        and joining_depend.refclassid = 'pg_class'::regclass
        and joining_depend.refobjid != dependent_depend.refobjid

    -- ... we can find the tables they query from in pg_class, but excluding system tables. Note we
    -- don't need need to exclude _dependent_ system tables, because they only query from other
    -- system tables, and so are automatically excluded by excluding _referenced_ system tables
    join pg_class as referenced_class on referenced_class.oid = joining_depend.refobjid
    join pg_namespace as referenced_namespace on referenced_namespace.oid = referenced_class.relnamespace
        and referenced_namespace.nspname != 'information_schema'
        and referenced_namespace.nspname not like 'pg\_%'

    order by
        dependent_schema, dependent_name, referenced_schema, referenced_name;
[0m18:19:34.479194 [debug] [MainThread]: SQL status: SELECT 3 in 0.029 seconds
[0m18:19:34.479194 [debug] [MainThread]: Sending event: {'category': 'dbt', 'action': 'runnable_timing', 'label': '507a3ac9-a0a4-4144-9563-83b0eefd162c', 'context': [<snowplow_tracker.self_describing_json.SelfDescribingJson object at 0x00000207907065A0>]}
[0m18:19:34.499357 [debug] [MainThread]: On master: ROLLBACK
[0m18:19:34.505447 [debug] [MainThread]: Using postgres connection "master"
[0m18:19:34.509506 [debug] [MainThread]: On master: BEGIN
[0m18:19:34.515643 [debug] [MainThread]: SQL status: BEGIN in 0.003 seconds
[0m18:19:34.515643 [debug] [MainThread]: On master: COMMIT
[0m18:19:34.527333 [debug] [MainThread]: Using postgres connection "master"
[0m18:19:34.529392 [debug] [MainThread]: On master: COMMIT
[0m18:19:34.539214 [debug] [MainThread]: SQL status: COMMIT in 0.001 seconds
[0m18:19:34.543451 [debug] [MainThread]: On master: Close
[0m18:19:34.575422 [debug] [Thread-1 (]: Began running node model.dbt_pg_tutorial.int_order_payments
[0m18:19:34.582721 [info ] [Thread-1 (]: 1 of 1 START sql view model analytics_intermediate.int_order_payments .......... [RUN]
[0m18:19:34.593378 [debug] [Thread-1 (]: Acquiring new postgres connection 'model.dbt_pg_tutorial.int_order_payments'
[0m18:19:34.604400 [debug] [Thread-1 (]: Began compiling node model.dbt_pg_tutorial.int_order_payments
[0m18:19:34.654904 [debug] [Thread-1 (]: Writing injected SQL for node "model.dbt_pg_tutorial.int_order_payments"
[0m18:19:34.704784 [debug] [Thread-1 (]: Began executing node model.dbt_pg_tutorial.int_order_payments
[0m18:19:34.988925 [debug] [Thread-1 (]: Writing runtime sql for node "model.dbt_pg_tutorial.int_order_payments"
[0m18:19:35.054363 [debug] [Thread-1 (]: Using postgres connection "model.dbt_pg_tutorial.int_order_payments"
[0m18:19:35.054363 [debug] [Thread-1 (]: On model.dbt_pg_tutorial.int_order_payments: BEGIN
[0m18:19:35.068093 [debug] [Thread-1 (]: Opening a new connection, currently in state init
[0m18:19:35.598811 [debug] [Thread-1 (]: SQL status: BEGIN in 0.531 seconds
[0m18:19:35.605958 [debug] [Thread-1 (]: Using postgres connection "model.dbt_pg_tutorial.int_order_payments"
[0m18:19:35.611019 [debug] [Thread-1 (]: On model.dbt_pg_tutorial.int_order_payments: /* {"app": "dbt", "dbt_version": "1.9.0", "profile_name": "dbt_pg_tutorial", "target_name": "dev", "node_id": "model.dbt_pg_tutorial.int_order_payments"} */

  create view "dbt_tutorial"."analytics_intermediate"."int_order_payments__dbt_tmp"
    
    
  as (
    

with payments as (
    select
        order_id,
        sum(amount) as total_paid,
        count(*)    as payment_count
    from "dbt_tutorial"."analytics_staging"."stg_payments"
    group by 1
)

select
    o.order_id,
    o.customer_id,
    o.order_timestamp,
    o.status,
    o.total_amount,
    coalesce(p.total_paid, 0)   as total_paid,
    coalesce(p.payment_count, 0) as payment_count,
    (o.total_amount - coalesce(p.total_paid, 0)) as outstanding_amount
from "dbt_tutorial"."analytics_staging"."stg_orders" o
left join payments p on o.order_id = p.order_id
  );
[0m18:19:35.641757 [debug] [Thread-1 (]: SQL status: CREATE VIEW in 0.025 seconds
[0m18:19:35.690675 [debug] [Thread-1 (]: Using postgres connection "model.dbt_pg_tutorial.int_order_payments"
[0m18:19:35.696686 [debug] [Thread-1 (]: On model.dbt_pg_tutorial.int_order_payments: /* {"app": "dbt", "dbt_version": "1.9.0", "profile_name": "dbt_pg_tutorial", "target_name": "dev", "node_id": "model.dbt_pg_tutorial.int_order_payments"} */
alter table "dbt_tutorial"."analytics_intermediate"."int_order_payments__dbt_tmp" rename to "int_order_payments"
[0m18:19:35.704682 [debug] [Thread-1 (]: SQL status: ALTER TABLE in 0.003 seconds
[0m18:19:35.813962 [debug] [Thread-1 (]: On model.dbt_pg_tutorial.int_order_payments: COMMIT
[0m18:19:35.819819 [debug] [Thread-1 (]: Using postgres connection "model.dbt_pg_tutorial.int_order_payments"
[0m18:19:35.824771 [debug] [Thread-1 (]: On model.dbt_pg_tutorial.int_order_payments: COMMIT
[0m18:19:35.833768 [debug] [Thread-1 (]: SQL status: COMMIT in 0.004 seconds
[0m18:19:35.881726 [debug] [Thread-1 (]: Applying DROP to: "dbt_tutorial"."analytics_intermediate"."int_order_payments__dbt_backup"
[0m18:19:35.924367 [debug] [Thread-1 (]: Using postgres connection "model.dbt_pg_tutorial.int_order_payments"
[0m18:19:35.929026 [debug] [Thread-1 (]: On model.dbt_pg_tutorial.int_order_payments: /* {"app": "dbt", "dbt_version": "1.9.0", "profile_name": "dbt_pg_tutorial", "target_name": "dev", "node_id": "model.dbt_pg_tutorial.int_order_payments"} */
drop view if exists "dbt_tutorial"."analytics_intermediate"."int_order_payments__dbt_backup" cascade
[0m18:19:35.937024 [debug] [Thread-1 (]: SQL status: DROP VIEW in 0.002 seconds
[0m18:19:35.957022 [debug] [Thread-1 (]: On model.dbt_pg_tutorial.int_order_payments: Close
[0m18:19:35.976178 [debug] [Thread-1 (]: Sending event: {'category': 'dbt', 'action': 'run_model', 'label': '507a3ac9-a0a4-4144-9563-83b0eefd162c', 'context': [<snowplow_tracker.self_describing_json.SelfDescribingJson object at 0x0000020790623D10>]}
[0m18:19:35.984177 [info ] [Thread-1 (]: 1 of 1 OK created sql view model analytics_intermediate.int_order_payments ..... [[32mCREATE VIEW[0m in 1.37s]
[0m18:19:35.993191 [debug] [Thread-1 (]: Finished running node model.dbt_pg_tutorial.int_order_payments
[0m18:19:36.012095 [debug] [MainThread]: Using postgres connection "master"
[0m18:19:36.017178 [debug] [MainThread]: On master: BEGIN
[0m18:19:36.022176 [debug] [MainThread]: Opening a new connection, currently in state closed
[0m18:19:36.536694 [debug] [MainThread]: SQL status: BEGIN in 0.515 seconds
[0m18:19:36.541754 [debug] [MainThread]: On master: COMMIT
[0m18:19:36.546698 [debug] [MainThread]: Using postgres connection "master"
[0m18:19:36.550712 [debug] [MainThread]: On master: COMMIT
[0m18:19:36.555755 [debug] [MainThread]: SQL status: COMMIT in 0.001 seconds
[0m18:19:36.560898 [debug] [MainThread]: On master: Close
[0m18:19:36.566909 [debug] [MainThread]: Connection 'master' was properly closed.
[0m18:19:36.569918 [debug] [MainThread]: Connection 'list_dbt_tutorial' was properly closed.
[0m18:19:36.577164 [debug] [MainThread]: Connection 'list_dbt_tutorial_analytics_marts' was properly closed.
[0m18:19:36.582137 [debug] [MainThread]: Connection 'list_dbt_tutorial_analytics_intermediate' was properly closed.
[0m18:19:36.586940 [debug] [MainThread]: Connection 'list_dbt_tutorial_analytics_staging' was properly closed.
[0m18:19:36.591397 [debug] [MainThread]: Connection 'model.dbt_pg_tutorial.int_order_payments' was properly closed.
[0m18:19:36.596375 [info ] [MainThread]: 
[0m18:19:36.604084 [info ] [MainThread]: Finished running 1 view model in 0 hours 0 minutes and 5.41 seconds (5.41s).
[0m18:19:36.617523 [debug] [MainThread]: Command end result
[0m18:19:36.876626 [debug] [MainThread]: Wrote artifact WritableManifest to C:\Users\kashv\dbt_workspace\dbt_pg_tutorial\target\manifest.json
[0m18:19:36.914923 [debug] [MainThread]: Wrote artifact SemanticManifest to C:\Users\kashv\dbt_workspace\dbt_pg_tutorial\target\semantic_manifest.json
[0m18:19:36.980682 [debug] [MainThread]: Wrote artifact RunExecutionResult to C:\Users\kashv\dbt_workspace\dbt_pg_tutorial\target\run_results.json
[0m18:19:36.987683 [info ] [MainThread]: 
[0m18:19:36.993690 [info ] [MainThread]: [32mCompleted successfully[0m
[0m18:19:37.001678 [info ] [MainThread]: 
[0m18:19:37.009677 [info ] [MainThread]: Done. PASS=1 WARN=0 ERROR=0 SKIP=0 TOTAL=1
[0m18:19:37.022740 [debug] [MainThread]: Command `dbt run` succeeded at 18:19:37.021740 after 15.55 seconds
[0m18:19:37.028571 [debug] [MainThread]: Sending event: {'category': 'dbt', 'action': 'invocation', 'label': 'end', 'context': [<snowplow_tracker.self_describing_json.SelfDescribingJson object at 0x00000207933FD7C0>, <snowplow_tracker.self_describing_json.SelfDescribingJson object at 0x000002078FAFCEF0>, <snowplow_tracker.self_describing_json.SelfDescribingJson object at 0x000002078FAFCDD0>]}
[0m18:19:37.034371 [debug] [MainThread]: Flushing usage events
[0m18:19:37.054016 [debug] [MainThread]: An error was encountered while trying to flush usage events
[0m18:20:07.091391 [debug] [MainThread]: Sending event: {'category': 'dbt', 'action': 'invocation', 'label': 'start', 'context': [<snowplow_tracker.self_describing_json.SelfDescribingJson object at 0x000001B91E6BF080>, <snowplow_tracker.self_describing_json.SelfDescribingJson object at 0x000001B91DFDA960>, <snowplow_tracker.self_describing_json.SelfDescribingJson object at 0x000001B91E0639E0>]}


============================== 18:20:07.123646 | 256d19a3-7688-4bf5-be0a-e70f22b4a006 ==============================
[0m18:20:07.123646 [info ] [MainThread]: Running with dbt=1.9.0
[0m18:20:07.132840 [debug] [MainThread]: running dbt with arguments {'printer_width': '80', 'indirect_selection': 'eager', 'log_cache_events': 'False', 'write_json': 'True', 'partial_parse': 'True', 'cache_selected_only': 'False', 'profiles_dir': 'C:\\Users\\kashv\\.dbt', 'fail_fast': 'False', 'warn_error': 'None', 'log_path': 'C:\\Users\\kashv\\dbt_workspace\\dbt_pg_tutorial\\logs', 'debug': 'False', 'version_check': 'True', 'use_colors': 'True', 'use_experimental_parser': 'False', 'no_print': 'None', 'quiet': 'False', 'empty': 'False', 'log_format': 'default', 'introspect': 'True', 'static_parser': 'True', 'warn_error_options': 'WarnErrorOptions(include=[], exclude=[])', 'target_path': 'None', 'invocation_command': 'dbt run -m marts', 'send_anonymous_usage_stats': 'True'}
[0m18:20:08.687027 [debug] [MainThread]: Sending event: {'category': 'dbt', 'action': 'project_id', 'label': '256d19a3-7688-4bf5-be0a-e70f22b4a006', 'context': [<snowplow_tracker.self_describing_json.SelfDescribingJson object at 0x000001B91E9CFEC0>]}
[0m18:20:09.137287 [debug] [MainThread]: Sending event: {'category': 'dbt', 'action': 'adapter_info', 'label': '256d19a3-7688-4bf5-be0a-e70f22b4a006', 'context': [<snowplow_tracker.self_describing_json.SelfDescribingJson object at 0x000001B91D82ED80>]}
[0m18:20:09.148490 [info ] [MainThread]: Registered adapter: postgres=1.9.1
[0m18:20:11.930540 [debug] [MainThread]: checksum: c99e828bba267739642b5a3ce85f17518764ea526e0e6c4fdc649171c1a66bff, vars: {}, profile: , target: , version: 1.9.0
[0m18:20:13.507728 [debug] [MainThread]: Partial parsing enabled: 0 files deleted, 0 files added, 0 files changed.
[0m18:20:13.512576 [debug] [MainThread]: Partial parsing enabled, no changes found, skipping parsing
[0m18:20:13.821726 [debug] [MainThread]: Sending event: {'category': 'dbt', 'action': 'load_project', 'label': '256d19a3-7688-4bf5-be0a-e70f22b4a006', 'context': [<snowplow_tracker.self_describing_json.SelfDescribingJson object at 0x000001B91ED48650>]}
[0m18:20:14.506687 [debug] [MainThread]: Wrote artifact WritableManifest to C:\Users\kashv\dbt_workspace\dbt_pg_tutorial\target\manifest.json
[0m18:20:14.641142 [debug] [MainThread]: Wrote artifact SemanticManifest to C:\Users\kashv\dbt_workspace\dbt_pg_tutorial\target\semantic_manifest.json
[0m18:20:14.949199 [debug] [MainThread]: Sending event: {'category': 'dbt', 'action': 'resource_counts', 'label': '256d19a3-7688-4bf5-be0a-e70f22b4a006', 'context': [<snowplow_tracker.self_describing_json.SelfDescribingJson object at 0x000001B91E7BA840>]}
[0m18:20:14.954356 [info ] [MainThread]: Found 6 models, 2 data tests, 3 sources, 434 macros
[0m18:20:14.961349 [debug] [MainThread]: Sending event: {'category': 'dbt', 'action': 'runnable_timing', 'label': '256d19a3-7688-4bf5-be0a-e70f22b4a006', 'context': [<snowplow_tracker.self_describing_json.SelfDescribingJson object at 0x000001B9200E7B30>]}
[0m18:20:14.975032 [info ] [MainThread]: 
[0m18:20:14.982713 [info ] [MainThread]: Concurrency: 4 threads (target='dev')
[0m18:20:14.989305 [info ] [MainThread]: 
[0m18:20:14.998338 [debug] [MainThread]: Acquiring new postgres connection 'master'
[0m18:20:15.032793 [debug] [ThreadPool]: Acquiring new postgres connection 'list_dbt_tutorial'
[0m18:20:16.009245 [debug] [ThreadPool]: Using postgres connection "list_dbt_tutorial"
[0m18:20:16.014230 [debug] [ThreadPool]: On list_dbt_tutorial: /* {"app": "dbt", "dbt_version": "1.9.0", "profile_name": "dbt_pg_tutorial", "target_name": "dev", "connection_name": "list_dbt_tutorial"} */

    select distinct nspname from pg_namespace
  
[0m18:20:16.019230 [debug] [ThreadPool]: Opening a new connection, currently in state init
[0m18:20:16.612921 [debug] [ThreadPool]: SQL status: SELECT 9 in 0.594 seconds
[0m18:20:16.623941 [debug] [ThreadPool]: On list_dbt_tutorial: Close
[0m18:20:16.640163 [debug] [ThreadPool]: Acquiring new postgres connection 'list_dbt_tutorial_analytics_intermediate'
[0m18:20:16.647163 [debug] [ThreadPool]: Acquiring new postgres connection 'list_dbt_tutorial_analytics_staging'
[0m18:20:16.653690 [debug] [ThreadPool]: Acquiring new postgres connection 'list_dbt_tutorial_analytics_marts'
[0m18:20:16.697047 [debug] [ThreadPool]: Using postgres connection "list_dbt_tutorial_analytics_intermediate"
[0m18:20:16.711051 [debug] [ThreadPool]: Using postgres connection "list_dbt_tutorial_analytics_staging"
[0m18:20:16.726031 [debug] [ThreadPool]: Using postgres connection "list_dbt_tutorial_analytics_marts"
[0m18:20:16.731024 [debug] [ThreadPool]: On list_dbt_tutorial_analytics_intermediate: BEGIN
[0m18:20:16.736031 [debug] [ThreadPool]: On list_dbt_tutorial_analytics_staging: BEGIN
[0m18:20:16.740970 [debug] [ThreadPool]: On list_dbt_tutorial_analytics_marts: BEGIN
[0m18:20:16.744969 [debug] [ThreadPool]: Opening a new connection, currently in state init
[0m18:20:16.749976 [debug] [ThreadPool]: Opening a new connection, currently in state init
[0m18:20:16.753977 [debug] [ThreadPool]: Opening a new connection, currently in state init
[0m18:20:17.292529 [debug] [ThreadPool]: SQL status: BEGIN in 0.547 seconds
[0m18:20:17.298523 [debug] [ThreadPool]: Using postgres connection "list_dbt_tutorial_analytics_intermediate"
[0m18:20:17.303669 [debug] [ThreadPool]: On list_dbt_tutorial_analytics_intermediate: /* {"app": "dbt", "dbt_version": "1.9.0", "profile_name": "dbt_pg_tutorial", "target_name": "dev", "connection_name": "list_dbt_tutorial_analytics_intermediate"} */
select
      'dbt_tutorial' as database,
      tablename as name,
      schemaname as schema,
      'table' as type
    from pg_tables
    where schemaname ilike 'analytics_intermediate'
    union all
    select
      'dbt_tutorial' as database,
      viewname as name,
      schemaname as schema,
      'view' as type
    from pg_views
    where schemaname ilike 'analytics_intermediate'
    union all
    select
      'dbt_tutorial' as database,
      matviewname as name,
      schemaname as schema,
      'materialized_view' as type
    from pg_matviews
    where schemaname ilike 'analytics_intermediate'
  
[0m18:20:17.336377 [debug] [ThreadPool]: SQL status: SELECT 1 in 0.028 seconds
[0m18:20:17.348375 [debug] [ThreadPool]: On list_dbt_tutorial_analytics_intermediate: ROLLBACK
[0m18:20:17.351431 [debug] [ThreadPool]: SQL status: BEGIN in 0.601 seconds
[0m18:20:17.357371 [debug] [ThreadPool]: On list_dbt_tutorial_analytics_intermediate: Close
[0m18:20:17.360394 [debug] [ThreadPool]: Using postgres connection "list_dbt_tutorial_analytics_staging"
[0m18:20:17.371375 [debug] [ThreadPool]: On list_dbt_tutorial_analytics_staging: /* {"app": "dbt", "dbt_version": "1.9.0", "profile_name": "dbt_pg_tutorial", "target_name": "dev", "connection_name": "list_dbt_tutorial_analytics_staging"} */
select
      'dbt_tutorial' as database,
      tablename as name,
      schemaname as schema,
      'table' as type
    from pg_tables
    where schemaname ilike 'analytics_staging'
    union all
    select
      'dbt_tutorial' as database,
      viewname as name,
      schemaname as schema,
      'view' as type
    from pg_views
    where schemaname ilike 'analytics_staging'
    union all
    select
      'dbt_tutorial' as database,
      matviewname as name,
      schemaname as schema,
      'materialized_view' as type
    from pg_matviews
    where schemaname ilike 'analytics_staging'
  
[0m18:20:17.408523 [debug] [ThreadPool]: SQL status: SELECT 3 in 0.030 seconds
[0m18:20:17.419362 [debug] [ThreadPool]: On list_dbt_tutorial_analytics_staging: ROLLBACK
[0m18:20:17.425247 [debug] [ThreadPool]: On list_dbt_tutorial_analytics_staging: Close
[0m18:20:17.428137 [debug] [ThreadPool]: SQL status: BEGIN in 0.674 seconds
[0m18:20:17.438939 [debug] [ThreadPool]: Using postgres connection "list_dbt_tutorial_analytics_marts"
[0m18:20:17.443847 [debug] [ThreadPool]: On list_dbt_tutorial_analytics_marts: /* {"app": "dbt", "dbt_version": "1.9.0", "profile_name": "dbt_pg_tutorial", "target_name": "dev", "connection_name": "list_dbt_tutorial_analytics_marts"} */
select
      'dbt_tutorial' as database,
      tablename as name,
      schemaname as schema,
      'table' as type
    from pg_tables
    where schemaname ilike 'analytics_marts'
    union all
    select
      'dbt_tutorial' as database,
      viewname as name,
      schemaname as schema,
      'view' as type
    from pg_views
    where schemaname ilike 'analytics_marts'
    union all
    select
      'dbt_tutorial' as database,
      matviewname as name,
      schemaname as schema,
      'materialized_view' as type
    from pg_matviews
    where schemaname ilike 'analytics_marts'
  
[0m18:20:17.473921 [debug] [ThreadPool]: SQL status: SELECT 2 in 0.025 seconds
[0m18:20:17.485922 [debug] [ThreadPool]: On list_dbt_tutorial_analytics_marts: ROLLBACK
[0m18:20:17.490925 [debug] [ThreadPool]: On list_dbt_tutorial_analytics_marts: Close
[0m18:20:17.529905 [debug] [MainThread]: Using postgres connection "master"
[0m18:20:17.534850 [debug] [MainThread]: On master: BEGIN
[0m18:20:17.539862 [debug] [MainThread]: Opening a new connection, currently in state init
[0m18:20:18.024457 [debug] [MainThread]: SQL status: BEGIN in 0.485 seconds
[0m18:20:18.029515 [debug] [MainThread]: Using postgres connection "master"
[0m18:20:18.034511 [debug] [MainThread]: On master: /* {"app": "dbt", "dbt_version": "1.9.0", "profile_name": "dbt_pg_tutorial", "target_name": "dev", "connection_name": "master"} */
select distinct
        dependent_namespace.nspname as dependent_schema,
        dependent_class.relname as dependent_name,
        referenced_namespace.nspname as referenced_schema,
        referenced_class.relname as referenced_name

    -- Query for views: views are entries in pg_class with an entry in pg_rewrite, but we avoid
    -- a seq scan on pg_rewrite by leveraging the fact there is an "internal" row in pg_depend for
    -- the view...
    from pg_class as dependent_class
    join pg_namespace as dependent_namespace on dependent_namespace.oid = dependent_class.relnamespace
    join pg_depend as dependent_depend on dependent_depend.refobjid = dependent_class.oid
        and dependent_depend.classid = 'pg_rewrite'::regclass
        and dependent_depend.refclassid = 'pg_class'::regclass
        and dependent_depend.deptype = 'i'

    -- ... and via pg_depend (that has a row per column, hence the need for "distinct" above, and
    -- making sure to exclude the internal row to avoid a view appearing to depend on itself)...
    join pg_depend as joining_depend on joining_depend.objid = dependent_depend.objid
        and joining_depend.classid = 'pg_rewrite'::regclass
        and joining_depend.refclassid = 'pg_class'::regclass
        and joining_depend.refobjid != dependent_depend.refobjid

    -- ... we can find the tables they query from in pg_class, but excluding system tables. Note we
    -- don't need need to exclude _dependent_ system tables, because they only query from other
    -- system tables, and so are automatically excluded by excluding _referenced_ system tables
    join pg_class as referenced_class on referenced_class.oid = joining_depend.refobjid
    join pg_namespace as referenced_namespace on referenced_namespace.oid = referenced_class.relnamespace
        and referenced_namespace.nspname != 'information_schema'
        and referenced_namespace.nspname not like 'pg\_%'

    order by
        dependent_schema, dependent_name, referenced_schema, referenced_name;
[0m18:20:18.066462 [debug] [MainThread]: SQL status: SELECT 5 in 0.028 seconds
[0m18:20:18.080716 [debug] [MainThread]: Sending event: {'category': 'dbt', 'action': 'runnable_timing', 'label': '256d19a3-7688-4bf5-be0a-e70f22b4a006', 'context': [<snowplow_tracker.self_describing_json.SelfDescribingJson object at 0x000001B91ECF9070>]}
[0m18:20:18.085720 [debug] [MainThread]: On master: ROLLBACK
[0m18:20:18.091563 [debug] [MainThread]: Using postgres connection "master"
[0m18:20:18.096256 [debug] [MainThread]: On master: BEGIN
[0m18:20:18.102528 [debug] [MainThread]: SQL status: BEGIN in 0.002 seconds
[0m18:20:18.106541 [debug] [MainThread]: On master: COMMIT
[0m18:20:18.112485 [debug] [MainThread]: Using postgres connection "master"
[0m18:20:18.117199 [debug] [MainThread]: On master: COMMIT
[0m18:20:18.122340 [debug] [MainThread]: SQL status: COMMIT in 0.001 seconds
[0m18:20:18.126340 [debug] [MainThread]: On master: Close
[0m18:20:18.146482 [debug] [Thread-1 (]: Began running node model.dbt_pg_tutorial.dim_customers
[0m18:20:18.150478 [debug] [Thread-2 (]: Began running node model.dbt_pg_tutorial.fct_orders
[0m18:20:18.155532 [info ] [Thread-1 (]: 1 of 2 START sql table model analytics_marts.dim_customers ..................... [RUN]
[0m18:20:18.162297 [info ] [Thread-2 (]: 2 of 2 START sql table model analytics_marts.fct_orders ........................ [RUN]
[0m18:20:18.170343 [debug] [Thread-1 (]: Acquiring new postgres connection 'model.dbt_pg_tutorial.dim_customers'
[0m18:20:18.177814 [debug] [Thread-2 (]: Acquiring new postgres connection 'model.dbt_pg_tutorial.fct_orders'
[0m18:20:18.183811 [debug] [Thread-1 (]: Began compiling node model.dbt_pg_tutorial.dim_customers
[0m18:20:18.188816 [debug] [Thread-2 (]: Began compiling node model.dbt_pg_tutorial.fct_orders
[0m18:20:18.243108 [debug] [Thread-1 (]: Writing injected SQL for node "model.dbt_pg_tutorial.dim_customers"
[0m18:20:18.264098 [debug] [Thread-2 (]: Writing injected SQL for node "model.dbt_pg_tutorial.fct_orders"
[0m18:20:18.335285 [debug] [Thread-1 (]: Began executing node model.dbt_pg_tutorial.dim_customers
[0m18:20:18.338282 [debug] [Thread-2 (]: Began executing node model.dbt_pg_tutorial.fct_orders
[0m18:20:18.795542 [debug] [Thread-1 (]: Writing runtime sql for node "model.dbt_pg_tutorial.dim_customers"
[0m18:20:18.810506 [debug] [Thread-2 (]: Writing runtime sql for node "model.dbt_pg_tutorial.fct_orders"
[0m18:20:18.875974 [debug] [Thread-1 (]: Using postgres connection "model.dbt_pg_tutorial.dim_customers"
[0m18:20:18.875974 [debug] [Thread-2 (]: Using postgres connection "model.dbt_pg_tutorial.fct_orders"
[0m18:20:18.875974 [debug] [Thread-1 (]: On model.dbt_pg_tutorial.dim_customers: BEGIN
[0m18:20:18.892841 [debug] [Thread-2 (]: On model.dbt_pg_tutorial.fct_orders: BEGIN
[0m18:20:18.892841 [debug] [Thread-1 (]: Opening a new connection, currently in state init
[0m18:20:18.892841 [debug] [Thread-2 (]: Opening a new connection, currently in state init
[0m18:20:19.388620 [debug] [Thread-1 (]: SQL status: BEGIN in 0.495 seconds
[0m18:20:19.388620 [debug] [Thread-1 (]: Using postgres connection "model.dbt_pg_tutorial.dim_customers"
[0m18:20:19.388620 [debug] [Thread-1 (]: On model.dbt_pg_tutorial.dim_customers: /* {"app": "dbt", "dbt_version": "1.9.0", "profile_name": "dbt_pg_tutorial", "target_name": "dev", "node_id": "model.dbt_pg_tutorial.dim_customers"} */

  
    

  create  table "dbt_tutorial"."analytics_marts"."dim_customers__dbt_tmp"
  
  
    as
  
  (
    

select
    c.customer_id,
    initcap(c.first_name) as first_name,
    initcap(c.last_name)  as last_name,
    c.email,
    c.created_at
from "dbt_tutorial"."analytics_staging"."stg_customers" c
  );
  
[0m18:20:19.437312 [debug] [Thread-2 (]: SQL status: BEGIN in 0.534 seconds
[0m18:20:19.437312 [debug] [Thread-2 (]: Using postgres connection "model.dbt_pg_tutorial.fct_orders"
[0m18:20:19.437312 [debug] [Thread-1 (]: SQL status: SELECT 5 in 0.038 seconds
[0m18:20:19.437312 [debug] [Thread-2 (]: On model.dbt_pg_tutorial.fct_orders: /* {"app": "dbt", "dbt_version": "1.9.0", "profile_name": "dbt_pg_tutorial", "target_name": "dev", "node_id": "model.dbt_pg_tutorial.fct_orders"} */

  
    

  create  table "dbt_tutorial"."analytics_marts"."fct_orders__dbt_tmp"
  
  
    as
  
  (
    

select
    i.order_id,
    i.customer_id,
    i.order_timestamp,
    i.status,
    i.total_amount,
    i.total_paid,
    i.payment_count,
    i.outstanding_amount,
    case
        when i.outstanding_amount = 0 and i.total_amount > 0 then true
        else false
    end as is_fully_paid
from "dbt_tutorial"."analytics_intermediate"."int_order_payments" i
  );
  
[0m18:20:19.527079 [debug] [Thread-1 (]: Using postgres connection "model.dbt_pg_tutorial.dim_customers"
[0m18:20:19.533089 [debug] [Thread-1 (]: On model.dbt_pg_tutorial.dim_customers: /* {"app": "dbt", "dbt_version": "1.9.0", "profile_name": "dbt_pg_tutorial", "target_name": "dev", "node_id": "model.dbt_pg_tutorial.dim_customers"} */
alter table "dbt_tutorial"."analytics_marts"."dim_customers" rename to "dim_customers__dbt_backup"
[0m18:20:19.541085 [debug] [Thread-1 (]: SQL status: ALTER TABLE in 0.003 seconds
[0m18:20:19.563994 [debug] [Thread-1 (]: Using postgres connection "model.dbt_pg_tutorial.dim_customers"
[0m18:20:19.568999 [debug] [Thread-1 (]: On model.dbt_pg_tutorial.dim_customers: /* {"app": "dbt", "dbt_version": "1.9.0", "profile_name": "dbt_pg_tutorial", "target_name": "dev", "node_id": "model.dbt_pg_tutorial.dim_customers"} */
alter table "dbt_tutorial"."analytics_marts"."dim_customers__dbt_tmp" rename to "dim_customers"
[0m18:20:19.577023 [debug] [Thread-2 (]: SQL status: SELECT 5 in 0.048 seconds
[0m18:20:19.580989 [debug] [Thread-1 (]: SQL status: ALTER TABLE in 0.006 seconds
[0m18:20:19.605085 [debug] [Thread-2 (]: Using postgres connection "model.dbt_pg_tutorial.fct_orders"
[0m18:20:19.691180 [debug] [Thread-2 (]: On model.dbt_pg_tutorial.fct_orders: /* {"app": "dbt", "dbt_version": "1.9.0", "profile_name": "dbt_pg_tutorial", "target_name": "dev", "node_id": "model.dbt_pg_tutorial.fct_orders"} */
alter table "dbt_tutorial"."analytics_marts"."fct_orders" rename to "fct_orders__dbt_backup"
[0m18:20:19.744167 [debug] [Thread-1 (]: On model.dbt_pg_tutorial.dim_customers: COMMIT
[0m18:20:19.750117 [debug] [Thread-1 (]: Using postgres connection "model.dbt_pg_tutorial.dim_customers"
[0m18:20:19.754256 [debug] [Thread-2 (]: SQL status: ALTER TABLE in 0.006 seconds
[0m18:20:19.759254 [debug] [Thread-1 (]: On model.dbt_pg_tutorial.dim_customers: COMMIT
[0m18:20:19.785677 [debug] [Thread-2 (]: Using postgres connection "model.dbt_pg_tutorial.fct_orders"
[0m18:20:19.792670 [debug] [Thread-2 (]: On model.dbt_pg_tutorial.fct_orders: /* {"app": "dbt", "dbt_version": "1.9.0", "profile_name": "dbt_pg_tutorial", "target_name": "dev", "node_id": "model.dbt_pg_tutorial.fct_orders"} */
alter table "dbt_tutorial"."analytics_marts"."fct_orders__dbt_tmp" rename to "fct_orders"
[0m18:20:19.801123 [debug] [Thread-2 (]: SQL status: ALTER TABLE in 0.003 seconds
[0m18:20:19.805119 [debug] [Thread-1 (]: SQL status: COMMIT in 0.015 seconds
[0m18:20:19.821709 [debug] [Thread-2 (]: On model.dbt_pg_tutorial.fct_orders: COMMIT
[0m18:20:19.868406 [debug] [Thread-1 (]: Applying DROP to: "dbt_tutorial"."analytics_marts"."dim_customers__dbt_backup"
[0m18:20:19.872409 [debug] [Thread-2 (]: Using postgres connection "model.dbt_pg_tutorial.fct_orders"
[0m18:20:19.914556 [debug] [Thread-1 (]: Using postgres connection "model.dbt_pg_tutorial.dim_customers"
[0m18:20:19.918551 [debug] [Thread-2 (]: On model.dbt_pg_tutorial.fct_orders: COMMIT
[0m18:20:19.924196 [debug] [Thread-1 (]: On model.dbt_pg_tutorial.dim_customers: /* {"app": "dbt", "dbt_version": "1.9.0", "profile_name": "dbt_pg_tutorial", "target_name": "dev", "node_id": "model.dbt_pg_tutorial.dim_customers"} */
drop table if exists "dbt_tutorial"."analytics_marts"."dim_customers__dbt_backup" cascade
[0m18:20:19.935486 [debug] [Thread-2 (]: SQL status: COMMIT in 0.004 seconds
[0m18:20:19.955394 [debug] [Thread-2 (]: Applying DROP to: "dbt_tutorial"."analytics_marts"."fct_orders__dbt_backup"
[0m18:20:19.959405 [debug] [Thread-1 (]: SQL status: DROP TABLE in 0.020 seconds
[0m18:20:19.966447 [debug] [Thread-2 (]: Using postgres connection "model.dbt_pg_tutorial.fct_orders"
[0m18:20:19.986482 [debug] [Thread-1 (]: On model.dbt_pg_tutorial.dim_customers: Close
[0m18:20:19.990345 [debug] [Thread-2 (]: On model.dbt_pg_tutorial.fct_orders: /* {"app": "dbt", "dbt_version": "1.9.0", "profile_name": "dbt_pg_tutorial", "target_name": "dev", "node_id": "model.dbt_pg_tutorial.fct_orders"} */
drop table if exists "dbt_tutorial"."analytics_marts"."fct_orders__dbt_backup" cascade
[0m18:20:20.011532 [debug] [Thread-1 (]: Sending event: {'category': 'dbt', 'action': 'run_model', 'label': '256d19a3-7688-4bf5-be0a-e70f22b4a006', 'context': [<snowplow_tracker.self_describing_json.SelfDescribingJson object at 0x000001B91BBFFA70>]}
[0m18:20:20.021434 [info ] [Thread-1 (]: 1 of 2 OK created sql table model analytics_marts.dim_customers ................ [[32mSELECT 5[0m in 1.83s]
[0m18:20:20.032762 [debug] [Thread-1 (]: Finished running node model.dbt_pg_tutorial.dim_customers
[0m18:20:20.036663 [debug] [Thread-2 (]: SQL status: DROP TABLE in 0.030 seconds
[0m18:20:20.052615 [debug] [Thread-2 (]: On model.dbt_pg_tutorial.fct_orders: Close
[0m18:20:20.058504 [debug] [Thread-2 (]: Sending event: {'category': 'dbt', 'action': 'run_model', 'label': '256d19a3-7688-4bf5-be0a-e70f22b4a006', 'context': [<snowplow_tracker.self_describing_json.SelfDescribingJson object at 0x000001B920713D70>]}
[0m18:20:20.064578 [info ] [Thread-2 (]: 2 of 2 OK created sql table model analytics_marts.fct_orders ................... [[32mSELECT 5[0m in 1.88s]
[0m18:20:20.074612 [debug] [Thread-2 (]: Finished running node model.dbt_pg_tutorial.fct_orders
[0m18:20:20.089423 [debug] [MainThread]: Using postgres connection "master"
[0m18:20:20.094441 [debug] [MainThread]: On master: BEGIN
[0m18:20:20.099482 [debug] [MainThread]: Opening a new connection, currently in state closed
[0m18:20:20.603739 [debug] [MainThread]: SQL status: BEGIN in 0.504 seconds
[0m18:20:20.607735 [debug] [MainThread]: On master: COMMIT
[0m18:20:20.612935 [debug] [MainThread]: Using postgres connection "master"
[0m18:20:20.616942 [debug] [MainThread]: On master: COMMIT
[0m18:20:20.622942 [debug] [MainThread]: SQL status: COMMIT in 0.001 seconds
[0m18:20:20.627644 [debug] [MainThread]: On master: Close
[0m18:20:20.632973 [debug] [MainThread]: Connection 'master' was properly closed.
[0m18:20:20.637866 [debug] [MainThread]: Connection 'list_dbt_tutorial' was properly closed.
[0m18:20:20.641867 [debug] [MainThread]: Connection 'list_dbt_tutorial_analytics_intermediate' was properly closed.
[0m18:20:20.645874 [debug] [MainThread]: Connection 'list_dbt_tutorial_analytics_staging' was properly closed.
[0m18:20:20.650973 [debug] [MainThread]: Connection 'list_dbt_tutorial_analytics_marts' was properly closed.
[0m18:20:20.654915 [debug] [MainThread]: Connection 'model.dbt_pg_tutorial.dim_customers' was properly closed.
[0m18:20:20.660885 [debug] [MainThread]: Connection 'model.dbt_pg_tutorial.fct_orders' was properly closed.
[0m18:20:20.668973 [info ] [MainThread]: 
[0m18:20:20.674972 [info ] [MainThread]: Finished running 2 table models in 0 hours 0 minutes and 5.67 seconds (5.67s).
[0m18:20:20.684175 [debug] [MainThread]: Command end result
[0m18:20:20.939224 [debug] [MainThread]: Wrote artifact WritableManifest to C:\Users\kashv\dbt_workspace\dbt_pg_tutorial\target\manifest.json
[0m18:20:20.975798 [debug] [MainThread]: Wrote artifact SemanticManifest to C:\Users\kashv\dbt_workspace\dbt_pg_tutorial\target\semantic_manifest.json
[0m18:20:21.038708 [debug] [MainThread]: Wrote artifact RunExecutionResult to C:\Users\kashv\dbt_workspace\dbt_pg_tutorial\target\run_results.json
[0m18:20:21.043705 [info ] [MainThread]: 
[0m18:20:21.049720 [info ] [MainThread]: [32mCompleted successfully[0m
[0m18:20:21.055706 [info ] [MainThread]: 
[0m18:20:21.061869 [info ] [MainThread]: Done. PASS=2 WARN=0 ERROR=0 SKIP=0 TOTAL=2
[0m18:20:21.071854 [debug] [MainThread]: Command `dbt run` succeeded at 18:20:21.070846 after 15.09 seconds
[0m18:20:21.076655 [debug] [MainThread]: Sending event: {'category': 'dbt', 'action': 'invocation', 'label': 'end', 'context': [<snowplow_tracker.self_describing_json.SelfDescribingJson object at 0x000001B91E52D700>, <snowplow_tracker.self_describing_json.SelfDescribingJson object at 0x000001B91E30F0B0>, <snowplow_tracker.self_describing_json.SelfDescribingJson object at 0x000001B91DF59B50>]}
[0m18:20:21.081657 [debug] [MainThread]: Flushing usage events
[0m18:20:21.100227 [debug] [MainThread]: An error was encountered while trying to flush usage events
[0m18:21:06.920357 [debug] [MainThread]: Sending event: {'category': 'dbt', 'action': 'invocation', 'label': 'start', 'context': [<snowplow_tracker.self_describing_json.SelfDescribingJson object at 0x0000024A8301CE90>, <snowplow_tracker.self_describing_json.SelfDescribingJson object at 0x0000024A861DFD70>, <snowplow_tracker.self_describing_json.SelfDescribingJson object at 0x0000024A861DC170>]}


============================== 18:21:06.955201 | 0f2552d8-4eaa-45a5-a7d7-e77c8c84c197 ==============================
[0m18:21:06.955201 [info ] [MainThread]: Running with dbt=1.9.0
[0m18:21:06.964231 [debug] [MainThread]: running dbt with arguments {'printer_width': '80', 'indirect_selection': 'eager', 'write_json': 'True', 'log_cache_events': 'False', 'partial_parse': 'True', 'cache_selected_only': 'False', 'warn_error': 'None', 'debug': 'False', 'profiles_dir': 'C:\\Users\\kashv\\.dbt', 'log_path': 'C:\\Users\\kashv\\dbt_workspace\\dbt_pg_tutorial\\logs', 'version_check': 'True', 'fail_fast': 'False', 'use_colors': 'True', 'use_experimental_parser': 'False', 'no_print': 'None', 'quiet': 'False', 'empty': 'None', 'log_format': 'default', 'invocation_command': 'dbt debug', 'introspect': 'True', 'static_parser': 'True', 'target_path': 'None', 'warn_error_options': 'WarnErrorOptions(include=[], exclude=[])', 'send_anonymous_usage_stats': 'True'}
[0m18:21:07.139443 [info ] [MainThread]: dbt version: 1.9.0
[0m18:21:07.146106 [info ] [MainThread]: python version: 3.12.2
[0m18:21:07.153160 [info ] [MainThread]: python path: C:\Users\kashv\pythonvenv1\env\Scripts\python.exe
[0m18:21:07.160248 [info ] [MainThread]: os info: Windows-11-10.0.26200-SP0
[0m18:21:07.719031 [info ] [MainThread]: Using profiles dir at C:\Users\kashv\.dbt
[0m18:21:07.726894 [info ] [MainThread]: Using profiles.yml file at C:\Users\kashv\.dbt\profiles.yml
[0m18:21:07.735931 [info ] [MainThread]: Using dbt_project.yml file at C:\Users\kashv\dbt_workspace\dbt_pg_tutorial\dbt_project.yml
[0m18:21:07.749919 [info ] [MainThread]: adapter type: postgres
[0m18:21:07.758074 [info ] [MainThread]: adapter version: 1.9.1
[0m18:21:08.539475 [info ] [MainThread]: Configuration:
[0m18:21:08.545926 [info ] [MainThread]:   profiles.yml file [[32mOK found and valid[0m]
[0m18:21:08.553816 [info ] [MainThread]:   dbt_project.yml file [[32mOK found and valid[0m]
[0m18:21:08.559303 [info ] [MainThread]: Required dependencies:
[0m18:21:08.566449 [debug] [MainThread]: Executing "git --help"
[0m18:21:09.008813 [debug] [MainThread]: STDOUT: "b"usage: git [-v | --version] [-h | --help] [-C <path>] [-c <name>=<value>]\n           [--exec-path[=<path>]] [--html-path] [--man-path] [--info-path]\n           [-p | --paginate | -P | --no-pager] [--no-replace-objects] [--no-lazy-fetch]\n           [--no-optional-locks] [--no-advice] [--bare] [--git-dir=<path>]\n           [--work-tree=<path>] [--namespace=<name>] [--config-env=<name>=<envvar>]\n           <command> [<args>]\n\nThese are common Git commands used in various situations:\n\nstart a working area (see also: git help tutorial)\n   clone      Clone a repository into a new directory\n   init       Create an empty Git repository or reinitialize an existing one\n\nwork on the current change (see also: git help everyday)\n   add        Add file contents to the index\n   mv         Move or rename a file, a directory, or a symlink\n   restore    Restore working tree files\n   rm         Remove files from the working tree and from the index\n\nexamine the history and state (see also: git help revisions)\n   bisect     Use binary search to find the commit that introduced a bug\n   diff       Show changes between commits, commit and working tree, etc\n   grep       Print lines matching a pattern\n   log        Show commit logs\n   show       Show various types of objects\n   status     Show the working tree status\n\ngrow, mark and tweak your common history\n   backfill   Download missing objects in a partial clone\n   branch     List, create, or delete branches\n   commit     Record changes to the repository\n   merge      Join two or more development histories together\n   rebase     Reapply commits on top of another base tip\n   reset      Reset current HEAD to the specified state\n   switch     Switch branches\n   tag        Create, list, delete or verify a tag object signed with GPG\n\ncollaborate (see also: git help workflows)\n   fetch      Download objects and refs from another repository\n   pull       Fetch from and integrate with another repository or a local branch\n   push       Update remote refs along with associated objects\n\n'git help -a' and 'git help -g' list available subcommands and some\nconcept guides. See 'git help <command>' or 'git help <concept>'\nto read about a specific subcommand or concept.\nSee 'git help git' for an overview of the system.\n""
[0m18:21:09.014188 [debug] [MainThread]: STDERR: "b''"
[0m18:21:09.021843 [info ] [MainThread]:  - git [[32mOK found[0m]

[0m18:21:09.027749 [info ] [MainThread]: Connection:
[0m18:21:09.033824 [info ] [MainThread]:   host: localhost
[0m18:21:09.040718 [info ] [MainThread]:   port: 5432
[0m18:21:09.051367 [info ] [MainThread]:   user: dbt_user
[0m18:21:09.057421 [info ] [MainThread]:   database: dbt_tutorial
[0m18:21:09.066518 [info ] [MainThread]:   schema: analytics
[0m18:21:09.072523 [info ] [MainThread]:   connect_timeout: 10
[0m18:21:09.079574 [info ] [MainThread]:   role: None
[0m18:21:09.085424 [info ] [MainThread]:   search_path: None
[0m18:21:09.090574 [info ] [MainThread]:   keepalives_idle: 0
[0m18:21:09.096516 [info ] [MainThread]:   sslmode: None
[0m18:21:09.101652 [info ] [MainThread]:   sslcert: None
[0m18:21:09.106659 [info ] [MainThread]:   sslkey: None
[0m18:21:09.112348 [info ] [MainThread]:   sslrootcert: None
[0m18:21:09.119399 [info ] [MainThread]:   application_name: dbt
[0m18:21:09.124416 [info ] [MainThread]:   retries: 1
[0m18:21:09.132495 [info ] [MainThread]: Registered adapter: postgres=1.9.1
[0m18:21:12.155059 [debug] [MainThread]: Acquiring new postgres connection 'debug'
[0m18:21:13.116824 [debug] [MainThread]: Using postgres connection "debug"
[0m18:21:13.121771 [debug] [MainThread]: On debug: select 1 as id
[0m18:21:13.128473 [debug] [MainThread]: Opening a new connection, currently in state init
[0m18:21:13.794331 [debug] [MainThread]: SQL status: SELECT 1 in 0.666 seconds
[0m18:21:13.805118 [debug] [MainThread]: On debug: Close
[0m18:21:13.812367 [info ] [MainThread]:   Connection test: [[32mOK connection ok[0m]

[0m18:21:13.823815 [info ] [MainThread]: [32mAll checks passed![0m
[0m18:21:13.838765 [debug] [MainThread]: Command `dbt debug` succeeded at 18:21:13.838765 after 8.08 seconds
[0m18:21:13.845772 [debug] [MainThread]: Connection 'debug' was properly closed.
[0m18:21:13.854005 [debug] [MainThread]: Sending event: {'category': 'dbt', 'action': 'invocation', 'label': 'end', 'context': [<snowplow_tracker.self_describing_json.SelfDescribingJson object at 0x0000024A8691F7D0>, <snowplow_tracker.self_describing_json.SelfDescribingJson object at 0x0000024A839702F0>, <snowplow_tracker.self_describing_json.SelfDescribingJson object at 0x0000024A86411A00>]}
[0m18:21:13.861739 [debug] [MainThread]: Flushing usage events
[0m18:21:13.876998 [debug] [MainThread]: An error was encountered while trying to flush usage events
[0m18:24:26.013075 [debug] [MainThread]: Sending event: {'category': 'dbt', 'action': 'invocation', 'label': 'start', 'context': [<snowplow_tracker.self_describing_json.SelfDescribingJson object at 0x000001CA45A085F0>, <snowplow_tracker.self_describing_json.SelfDescribingJson object at 0x000001CA456528A0>, <snowplow_tracker.self_describing_json.SelfDescribingJson object at 0x000001CA45652150>]}


============================== 18:24:26.046093 | 7ad66d35-948b-4221-b111-f7a5c0436835 ==============================
[0m18:24:26.046093 [info ] [MainThread]: Running with dbt=1.9.0
[0m18:24:26.054509 [debug] [MainThread]: running dbt with arguments {'printer_width': '80', 'indirect_selection': 'eager', 'log_cache_events': 'False', 'write_json': 'True', 'partial_parse': 'True', 'cache_selected_only': 'False', 'warn_error': 'None', 'debug': 'False', 'profiles_dir': 'C:\\Users\\kashv\\.dbt', 'log_path': 'C:\\Users\\kashv\\dbt_workspace\\dbt_pg_tutorial\\logs', 'version_check': 'True', 'fail_fast': 'False', 'use_colors': 'True', 'use_experimental_parser': 'False', 'empty': 'None', 'quiet': 'False', 'no_print': 'None', 'warn_error_options': 'WarnErrorOptions(include=[], exclude=[])', 'invocation_command': 'dbt test', 'log_format': 'default', 'static_parser': 'True', 'target_path': 'None', 'introspect': 'True', 'send_anonymous_usage_stats': 'True'}
[0m18:24:27.625741 [debug] [MainThread]: Sending event: {'category': 'dbt', 'action': 'project_id', 'label': '7ad66d35-948b-4221-b111-f7a5c0436835', 'context': [<snowplow_tracker.self_describing_json.SelfDescribingJson object at 0x000001CA4508C080>]}
[0m18:24:28.069967 [debug] [MainThread]: Sending event: {'category': 'dbt', 'action': 'adapter_info', 'label': '7ad66d35-948b-4221-b111-f7a5c0436835', 'context': [<snowplow_tracker.self_describing_json.SelfDescribingJson object at 0x000001CA45B08260>]}
[0m18:24:28.080736 [info ] [MainThread]: Registered adapter: postgres=1.9.1
[0m18:24:31.077225 [debug] [MainThread]: checksum: c99e828bba267739642b5a3ce85f17518764ea526e0e6c4fdc649171c1a66bff, vars: {}, profile: , target: , version: 1.9.0
[0m18:24:32.804433 [debug] [MainThread]: Partial parsing enabled: 0 files deleted, 0 files added, 0 files changed.
[0m18:24:32.809350 [debug] [MainThread]: Partial parsing enabled, no changes found, skipping parsing
[0m18:24:33.123481 [debug] [MainThread]: Sending event: {'category': 'dbt', 'action': 'load_project', 'label': '7ad66d35-948b-4221-b111-f7a5c0436835', 'context': [<snowplow_tracker.self_describing_json.SelfDescribingJson object at 0x000001CA45816E70>]}
[0m18:24:33.827366 [debug] [MainThread]: Wrote artifact WritableManifest to C:\Users\kashv\dbt_workspace\dbt_pg_tutorial\target\manifest.json
[0m18:24:33.970364 [debug] [MainThread]: Wrote artifact SemanticManifest to C:\Users\kashv\dbt_workspace\dbt_pg_tutorial\target\semantic_manifest.json
[0m18:24:34.367060 [debug] [MainThread]: Sending event: {'category': 'dbt', 'action': 'resource_counts', 'label': '7ad66d35-948b-4221-b111-f7a5c0436835', 'context': [<snowplow_tracker.self_describing_json.SelfDescribingJson object at 0x000001CA47375670>]}
[0m18:24:34.369128 [info ] [MainThread]: Found 6 models, 2 data tests, 3 sources, 434 macros
[0m18:24:34.380288 [debug] [MainThread]: Sending event: {'category': 'dbt', 'action': 'runnable_timing', 'label': '7ad66d35-948b-4221-b111-f7a5c0436835', 'context': [<snowplow_tracker.self_describing_json.SelfDescribingJson object at 0x000001CA46E3FCE0>]}
[0m18:24:34.397450 [info ] [MainThread]: 
[0m18:24:34.400817 [info ] [MainThread]: Concurrency: 4 threads (target='dev')
[0m18:24:34.411237 [info ] [MainThread]: 
[0m18:24:34.416886 [debug] [MainThread]: Acquiring new postgres connection 'master'
[0m18:24:34.465132 [debug] [ThreadPool]: Acquiring new postgres connection 'list_dbt_tutorial_analytics_staging'
[0m18:24:34.465132 [debug] [ThreadPool]: Acquiring new postgres connection 'list_dbt_tutorial_analytics_marts'
[0m18:24:34.475567 [debug] [ThreadPool]: Acquiring new postgres connection 'list_dbt_tutorial_analytics_intermediate'
[0m18:24:35.598134 [debug] [ThreadPool]: Using postgres connection "list_dbt_tutorial_analytics_marts"
[0m18:24:35.602062 [debug] [ThreadPool]: Using postgres connection "list_dbt_tutorial_analytics_staging"
[0m18:24:35.606151 [debug] [ThreadPool]: Using postgres connection "list_dbt_tutorial_analytics_intermediate"
[0m18:24:35.609843 [debug] [ThreadPool]: On list_dbt_tutorial_analytics_marts: BEGIN
[0m18:24:35.614984 [debug] [ThreadPool]: On list_dbt_tutorial_analytics_staging: BEGIN
[0m18:24:35.619903 [debug] [ThreadPool]: On list_dbt_tutorial_analytics_intermediate: BEGIN
[0m18:24:35.625055 [debug] [ThreadPool]: Opening a new connection, currently in state init
[0m18:24:35.629106 [debug] [ThreadPool]: Opening a new connection, currently in state init
[0m18:24:35.633962 [debug] [ThreadPool]: Opening a new connection, currently in state init
[0m18:24:36.276868 [debug] [ThreadPool]: SQL status: BEGIN in 0.648 seconds
[0m18:24:36.283108 [debug] [ThreadPool]: Using postgres connection "list_dbt_tutorial_analytics_staging"
[0m18:24:36.289123 [debug] [ThreadPool]: On list_dbt_tutorial_analytics_staging: /* {"app": "dbt", "dbt_version": "1.9.0", "profile_name": "dbt_pg_tutorial", "target_name": "dev", "connection_name": "list_dbt_tutorial_analytics_staging"} */
select
      'dbt_tutorial' as database,
      tablename as name,
      schemaname as schema,
      'table' as type
    from pg_tables
    where schemaname ilike 'analytics_staging'
    union all
    select
      'dbt_tutorial' as database,
      viewname as name,
      schemaname as schema,
      'view' as type
    from pg_views
    where schemaname ilike 'analytics_staging'
    union all
    select
      'dbt_tutorial' as database,
      matviewname as name,
      schemaname as schema,
      'materialized_view' as type
    from pg_matviews
    where schemaname ilike 'analytics_staging'
  
[0m18:24:36.303162 [debug] [ThreadPool]: SQL status: BEGIN in 0.669 seconds
[0m18:24:36.308512 [debug] [ThreadPool]: Using postgres connection "list_dbt_tutorial_analytics_intermediate"
[0m18:24:36.315875 [debug] [ThreadPool]: On list_dbt_tutorial_analytics_intermediate: /* {"app": "dbt", "dbt_version": "1.9.0", "profile_name": "dbt_pg_tutorial", "target_name": "dev", "connection_name": "list_dbt_tutorial_analytics_intermediate"} */
select
      'dbt_tutorial' as database,
      tablename as name,
      schemaname as schema,
      'table' as type
    from pg_tables
    where schemaname ilike 'analytics_intermediate'
    union all
    select
      'dbt_tutorial' as database,
      viewname as name,
      schemaname as schema,
      'view' as type
    from pg_views
    where schemaname ilike 'analytics_intermediate'
    union all
    select
      'dbt_tutorial' as database,
      matviewname as name,
      schemaname as schema,
      'materialized_view' as type
    from pg_matviews
    where schemaname ilike 'analytics_intermediate'
  
[0m18:24:36.334008 [debug] [ThreadPool]: SQL status: SELECT 3 in 0.039 seconds
[0m18:24:36.351578 [debug] [ThreadPool]: On list_dbt_tutorial_analytics_staging: ROLLBACK
[0m18:24:36.356597 [debug] [ThreadPool]: SQL status: SELECT 1 in 0.035 seconds
[0m18:24:36.363600 [debug] [ThreadPool]: On list_dbt_tutorial_analytics_staging: Close
[0m18:24:36.376587 [debug] [ThreadPool]: On list_dbt_tutorial_analytics_intermediate: ROLLBACK
[0m18:24:36.393183 [debug] [ThreadPool]: On list_dbt_tutorial_analytics_intermediate: Close
[0m18:24:36.446737 [debug] [ThreadPool]: SQL status: BEGIN in 0.822 seconds
[0m18:24:36.451743 [debug] [ThreadPool]: Using postgres connection "list_dbt_tutorial_analytics_marts"
[0m18:24:36.456741 [debug] [ThreadPool]: On list_dbt_tutorial_analytics_marts: /* {"app": "dbt", "dbt_version": "1.9.0", "profile_name": "dbt_pg_tutorial", "target_name": "dev", "connection_name": "list_dbt_tutorial_analytics_marts"} */
select
      'dbt_tutorial' as database,
      tablename as name,
      schemaname as schema,
      'table' as type
    from pg_tables
    where schemaname ilike 'analytics_marts'
    union all
    select
      'dbt_tutorial' as database,
      viewname as name,
      schemaname as schema,
      'view' as type
    from pg_views
    where schemaname ilike 'analytics_marts'
    union all
    select
      'dbt_tutorial' as database,
      matviewname as name,
      schemaname as schema,
      'materialized_view' as type
    from pg_matviews
    where schemaname ilike 'analytics_marts'
  
[0m18:24:36.486952 [debug] [ThreadPool]: SQL status: SELECT 2 in 0.025 seconds
[0m18:24:36.498201 [debug] [ThreadPool]: On list_dbt_tutorial_analytics_marts: ROLLBACK
[0m18:24:36.504204 [debug] [ThreadPool]: On list_dbt_tutorial_analytics_marts: Close
[0m18:24:36.544053 [debug] [MainThread]: Using postgres connection "master"
[0m18:24:36.549975 [debug] [MainThread]: On master: BEGIN
[0m18:24:36.554087 [debug] [MainThread]: Opening a new connection, currently in state init
[0m18:24:37.012924 [debug] [MainThread]: SQL status: BEGIN in 0.465 seconds
[0m18:24:37.023600 [debug] [MainThread]: Using postgres connection "master"
[0m18:24:37.028708 [debug] [MainThread]: On master: /* {"app": "dbt", "dbt_version": "1.9.0", "profile_name": "dbt_pg_tutorial", "target_name": "dev", "connection_name": "master"} */
select distinct
        dependent_namespace.nspname as dependent_schema,
        dependent_class.relname as dependent_name,
        referenced_namespace.nspname as referenced_schema,
        referenced_class.relname as referenced_name

    -- Query for views: views are entries in pg_class with an entry in pg_rewrite, but we avoid
    -- a seq scan on pg_rewrite by leveraging the fact there is an "internal" row in pg_depend for
    -- the view...
    from pg_class as dependent_class
    join pg_namespace as dependent_namespace on dependent_namespace.oid = dependent_class.relnamespace
    join pg_depend as dependent_depend on dependent_depend.refobjid = dependent_class.oid
        and dependent_depend.classid = 'pg_rewrite'::regclass
        and dependent_depend.refclassid = 'pg_class'::regclass
        and dependent_depend.deptype = 'i'

    -- ... and via pg_depend (that has a row per column, hence the need for "distinct" above, and
    -- making sure to exclude the internal row to avoid a view appearing to depend on itself)...
    join pg_depend as joining_depend on joining_depend.objid = dependent_depend.objid
        and joining_depend.classid = 'pg_rewrite'::regclass
        and joining_depend.refclassid = 'pg_class'::regclass
        and joining_depend.refobjid != dependent_depend.refobjid

    -- ... we can find the tables they query from in pg_class, but excluding system tables. Note we
    -- don't need need to exclude _dependent_ system tables, because they only query from other
    -- system tables, and so are automatically excluded by excluding _referenced_ system tables
    join pg_class as referenced_class on referenced_class.oid = joining_depend.refobjid
    join pg_namespace as referenced_namespace on referenced_namespace.oid = referenced_class.relnamespace
        and referenced_namespace.nspname != 'information_schema'
        and referenced_namespace.nspname not like 'pg\_%'

    order by
        dependent_schema, dependent_name, referenced_schema, referenced_name;
[0m18:24:37.057396 [debug] [MainThread]: SQL status: SELECT 5 in 0.027 seconds
[0m18:24:37.072100 [debug] [MainThread]: Sending event: {'category': 'dbt', 'action': 'runnable_timing', 'label': '7ad66d35-948b-4221-b111-f7a5c0436835', 'context': [<snowplow_tracker.self_describing_json.SelfDescribingJson object at 0x000001CA470DF3B0>]}
[0m18:24:37.072100 [debug] [MainThread]: On master: ROLLBACK
[0m18:24:37.086482 [debug] [MainThread]: Using postgres connection "master"
[0m18:24:37.087970 [debug] [MainThread]: On master: BEGIN
[0m18:24:37.098481 [debug] [MainThread]: SQL status: BEGIN in 0.002 seconds
[0m18:24:37.102508 [debug] [MainThread]: On master: COMMIT
[0m18:24:37.102508 [debug] [MainThread]: Using postgres connection "master"
[0m18:24:37.108436 [debug] [MainThread]: On master: COMMIT
[0m18:24:37.113436 [debug] [MainThread]: SQL status: COMMIT in 0.001 seconds
[0m18:24:37.120503 [debug] [MainThread]: On master: Close
[0m18:24:37.135275 [debug] [Thread-1 (]: Began running node test.dbt_pg_tutorial.not_null_dim_customers_customer_id.dd91cd1c8d
[0m18:24:37.135275 [debug] [Thread-2 (]: Began running node test.dbt_pg_tutorial.unique_dim_customers_customer_id.15c9f1e2fd
[0m18:24:37.149924 [info ] [Thread-1 (]: 1 of 2 START test not_null_dim_customers_customer_id ........................... [RUN]
[0m18:24:37.160267 [info ] [Thread-2 (]: 2 of 2 START test unique_dim_customers_customer_id ............................. [RUN]
[0m18:24:37.166828 [debug] [Thread-1 (]: Acquiring new postgres connection 'test.dbt_pg_tutorial.not_null_dim_customers_customer_id.dd91cd1c8d'
[0m18:24:37.169484 [debug] [Thread-2 (]: Acquiring new postgres connection 'test.dbt_pg_tutorial.unique_dim_customers_customer_id.15c9f1e2fd'
[0m18:24:37.181606 [debug] [Thread-1 (]: Began compiling node test.dbt_pg_tutorial.not_null_dim_customers_customer_id.dd91cd1c8d
[0m18:24:37.183011 [debug] [Thread-2 (]: Began compiling node test.dbt_pg_tutorial.unique_dim_customers_customer_id.15c9f1e2fd
[0m18:24:37.336078 [debug] [Thread-2 (]: Writing injected SQL for node "test.dbt_pg_tutorial.unique_dim_customers_customer_id.15c9f1e2fd"
[0m18:24:37.345527 [debug] [Thread-1 (]: Writing injected SQL for node "test.dbt_pg_tutorial.not_null_dim_customers_customer_id.dd91cd1c8d"
[0m18:24:37.414795 [debug] [Thread-2 (]: Began executing node test.dbt_pg_tutorial.unique_dim_customers_customer_id.15c9f1e2fd
[0m18:24:37.422435 [debug] [Thread-1 (]: Began executing node test.dbt_pg_tutorial.not_null_dim_customers_customer_id.dd91cd1c8d
[0m18:24:37.635604 [debug] [Thread-2 (]: Writing runtime sql for node "test.dbt_pg_tutorial.unique_dim_customers_customer_id.15c9f1e2fd"
[0m18:24:37.635604 [debug] [Thread-1 (]: Writing runtime sql for node "test.dbt_pg_tutorial.not_null_dim_customers_customer_id.dd91cd1c8d"
[0m18:24:37.706683 [debug] [Thread-2 (]: Using postgres connection "test.dbt_pg_tutorial.unique_dim_customers_customer_id.15c9f1e2fd"
[0m18:24:37.710773 [debug] [Thread-1 (]: Using postgres connection "test.dbt_pg_tutorial.not_null_dim_customers_customer_id.dd91cd1c8d"
[0m18:24:37.715775 [debug] [Thread-2 (]: On test.dbt_pg_tutorial.unique_dim_customers_customer_id.15c9f1e2fd: BEGIN
[0m18:24:37.721553 [debug] [Thread-1 (]: On test.dbt_pg_tutorial.not_null_dim_customers_customer_id.dd91cd1c8d: BEGIN
[0m18:24:37.726474 [debug] [Thread-2 (]: Opening a new connection, currently in state init
[0m18:24:37.732015 [debug] [Thread-1 (]: Opening a new connection, currently in state init
[0m18:24:38.271048 [debug] [Thread-2 (]: SQL status: BEGIN in 0.544 seconds
[0m18:24:38.275988 [debug] [Thread-2 (]: Using postgres connection "test.dbt_pg_tutorial.unique_dim_customers_customer_id.15c9f1e2fd"
[0m18:24:38.281850 [debug] [Thread-2 (]: On test.dbt_pg_tutorial.unique_dim_customers_customer_id.15c9f1e2fd: /* {"app": "dbt", "dbt_version": "1.9.0", "profile_name": "dbt_pg_tutorial", "target_name": "dev", "node_id": "test.dbt_pg_tutorial.unique_dim_customers_customer_id.15c9f1e2fd"} */

    select
      count(*) as failures,
      count(*) != 0 as should_warn,
      count(*) != 0 as should_error
    from (
      
    
  
    
    

select
    customer_id as unique_field,
    count(*) as n_records

from "dbt_tutorial"."analytics_marts"."dim_customers"
where customer_id is not null
group by customer_id
having count(*) > 1



  
  
      
    ) dbt_internal_test
[0m18:24:38.292795 [debug] [Thread-1 (]: SQL status: BEGIN in 0.561 seconds
[0m18:24:38.296660 [debug] [Thread-2 (]: SQL status: SELECT 1 in 0.010 seconds
[0m18:24:38.301833 [debug] [Thread-1 (]: Using postgres connection "test.dbt_pg_tutorial.not_null_dim_customers_customer_id.dd91cd1c8d"
[0m18:24:38.333839 [debug] [Thread-2 (]: On test.dbt_pg_tutorial.unique_dim_customers_customer_id.15c9f1e2fd: ROLLBACK
[0m18:24:38.337844 [debug] [Thread-1 (]: On test.dbt_pg_tutorial.not_null_dim_customers_customer_id.dd91cd1c8d: /* {"app": "dbt", "dbt_version": "1.9.0", "profile_name": "dbt_pg_tutorial", "target_name": "dev", "node_id": "test.dbt_pg_tutorial.not_null_dim_customers_customer_id.dd91cd1c8d"} */

    select
      count(*) as failures,
      count(*) != 0 as should_warn,
      count(*) != 0 as should_error
    from (
      
    
  
    
    



select customer_id
from "dbt_tutorial"."analytics_marts"."dim_customers"
where customer_id is null



  
  
      
    ) dbt_internal_test
[0m18:24:38.343713 [debug] [Thread-2 (]: On test.dbt_pg_tutorial.unique_dim_customers_customer_id.15c9f1e2fd: Close
[0m18:24:38.352791 [info ] [Thread-2 (]: 2 of 2 PASS unique_dim_customers_customer_id ................................... [[32mPASS[0m in 1.18s]
[0m18:24:38.357695 [debug] [Thread-1 (]: SQL status: SELECT 1 in 0.010 seconds
[0m18:24:38.367706 [debug] [Thread-2 (]: Finished running node test.dbt_pg_tutorial.unique_dim_customers_customer_id.15c9f1e2fd
[0m18:24:38.385112 [debug] [Thread-1 (]: On test.dbt_pg_tutorial.not_null_dim_customers_customer_id.dd91cd1c8d: ROLLBACK
[0m18:24:38.395174 [debug] [Thread-1 (]: On test.dbt_pg_tutorial.not_null_dim_customers_customer_id.dd91cd1c8d: Close
[0m18:24:38.402167 [info ] [Thread-1 (]: 1 of 2 PASS not_null_dim_customers_customer_id ................................. [[32mPASS[0m in 1.23s]
[0m18:24:38.411096 [debug] [Thread-1 (]: Finished running node test.dbt_pg_tutorial.not_null_dim_customers_customer_id.dd91cd1c8d
[0m18:24:38.425293 [debug] [MainThread]: Using postgres connection "master"
[0m18:24:38.430384 [debug] [MainThread]: On master: BEGIN
[0m18:24:38.435011 [debug] [MainThread]: Opening a new connection, currently in state closed
[0m18:24:38.935095 [debug] [MainThread]: SQL status: BEGIN in 0.500 seconds
[0m18:24:38.940229 [debug] [MainThread]: On master: COMMIT
[0m18:24:38.944219 [debug] [MainThread]: Using postgres connection "master"
[0m18:24:38.948357 [debug] [MainThread]: On master: COMMIT
[0m18:24:38.953968 [debug] [MainThread]: SQL status: COMMIT in 0.001 seconds
[0m18:24:38.958058 [debug] [MainThread]: On master: Close
[0m18:24:38.964061 [debug] [MainThread]: Connection 'master' was properly closed.
[0m18:24:38.967971 [debug] [MainThread]: Connection 'list_dbt_tutorial_analytics_staging' was properly closed.
[0m18:24:38.972756 [debug] [MainThread]: Connection 'list_dbt_tutorial_analytics_marts' was properly closed.
[0m18:24:38.977656 [debug] [MainThread]: Connection 'list_dbt_tutorial_analytics_intermediate' was properly closed.
[0m18:24:38.982819 [debug] [MainThread]: Connection 'test.dbt_pg_tutorial.not_null_dim_customers_customer_id.dd91cd1c8d' was properly closed.
[0m18:24:38.986861 [debug] [MainThread]: Connection 'test.dbt_pg_tutorial.unique_dim_customers_customer_id.15c9f1e2fd' was properly closed.
[0m18:24:38.991711 [info ] [MainThread]: 
[0m18:24:38.999221 [info ] [MainThread]: Finished running 2 data tests in 0 hours 0 minutes and 4.57 seconds (4.57s).
[0m18:24:39.010013 [debug] [MainThread]: Command end result
[0m18:24:39.264689 [debug] [MainThread]: Wrote artifact WritableManifest to C:\Users\kashv\dbt_workspace\dbt_pg_tutorial\target\manifest.json
[0m18:24:39.300686 [debug] [MainThread]: Wrote artifact SemanticManifest to C:\Users\kashv\dbt_workspace\dbt_pg_tutorial\target\semantic_manifest.json
[0m18:24:39.372672 [debug] [MainThread]: Wrote artifact RunExecutionResult to C:\Users\kashv\dbt_workspace\dbt_pg_tutorial\target\run_results.json
[0m18:24:39.376649 [info ] [MainThread]: 
[0m18:24:39.383680 [info ] [MainThread]: [32mCompleted successfully[0m
[0m18:24:39.389678 [info ] [MainThread]: 
[0m18:24:39.396671 [info ] [MainThread]: Done. PASS=2 WARN=0 ERROR=0 SKIP=0 TOTAL=2
[0m18:24:39.407045 [debug] [MainThread]: Command `dbt test` succeeded at 18:24:39.406007 after 14.49 seconds
[0m18:24:39.413523 [debug] [MainThread]: Sending event: {'category': 'dbt', 'action': 'invocation', 'label': 'end', 'context': [<snowplow_tracker.self_describing_json.SelfDescribingJson object at 0x000001CA42A93FB0>, <snowplow_tracker.self_describing_json.SelfDescribingJson object at 0x000001CA45923E60>, <snowplow_tracker.self_describing_json.SelfDescribingJson object at 0x000001CA46EC7140>]}
[0m18:24:39.418586 [debug] [MainThread]: Flushing usage events
[0m18:24:39.435761 [debug] [MainThread]: An error was encountered while trying to flush usage events
[0m18:25:00.435790 [debug] [MainThread]: Sending event: {'category': 'dbt', 'action': 'invocation', 'label': 'start', 'context': [<snowplow_tracker.self_describing_json.SelfDescribingJson object at 0x000002834A4CD550>, <snowplow_tracker.self_describing_json.SelfDescribingJson object at 0x000002834D4ED700>, <snowplow_tracker.self_describing_json.SelfDescribingJson object at 0x000002834D82E540>]}


============================== 18:25:00.467789 | 292f43c8-6411-4328-bc9e-7c96bef5afe0 ==============================
[0m18:25:00.467789 [info ] [MainThread]: Running with dbt=1.9.0
[0m18:25:00.474642 [debug] [MainThread]: running dbt with arguments {'printer_width': '80', 'indirect_selection': 'eager', 'log_cache_events': 'False', 'write_json': 'True', 'partial_parse': 'True', 'cache_selected_only': 'False', 'warn_error': 'None', 'debug': 'False', 'profiles_dir': 'C:\\Users\\kashv\\.dbt', 'log_path': 'C:\\Users\\kashv\\dbt_workspace\\dbt_pg_tutorial\\logs', 'version_check': 'True', 'fail_fast': 'False', 'use_colors': 'True', 'use_experimental_parser': 'False', 'empty': 'None', 'quiet': 'False', 'no_print': 'None', 'warn_error_options': 'WarnErrorOptions(include=[], exclude=[])', 'introspect': 'True', 'invocation_command': 'dbt docs generate', 'static_parser': 'True', 'target_path': 'None', 'log_format': 'default', 'send_anonymous_usage_stats': 'True'}
[0m18:25:02.008881 [debug] [MainThread]: Sending event: {'category': 'dbt', 'action': 'project_id', 'label': '292f43c8-6411-4328-bc9e-7c96bef5afe0', 'context': [<snowplow_tracker.self_describing_json.SelfDescribingJson object at 0x000002834DF58A40>]}
[0m18:25:02.459724 [debug] [MainThread]: Sending event: {'category': 'dbt', 'action': 'adapter_info', 'label': '292f43c8-6411-4328-bc9e-7c96bef5afe0', 'context': [<snowplow_tracker.self_describing_json.SelfDescribingJson object at 0x000002834B0D9DC0>]}
[0m18:25:02.471682 [info ] [MainThread]: Registered adapter: postgres=1.9.1
[0m18:25:05.327695 [debug] [MainThread]: checksum: c99e828bba267739642b5a3ce85f17518764ea526e0e6c4fdc649171c1a66bff, vars: {}, profile: , target: , version: 1.9.0
[0m18:25:06.910581 [debug] [MainThread]: Partial parsing enabled: 0 files deleted, 0 files added, 0 files changed.
[0m18:25:06.915998 [debug] [MainThread]: Partial parsing enabled, no changes found, skipping parsing
[0m18:25:07.250161 [debug] [MainThread]: Sending event: {'category': 'dbt', 'action': 'load_project', 'label': '292f43c8-6411-4328-bc9e-7c96bef5afe0', 'context': [<snowplow_tracker.self_describing_json.SelfDescribingJson object at 0x000002834DFF7290>]}
[0m18:25:07.576055 [debug] [MainThread]: Sending event: {'category': 'dbt', 'action': 'resource_counts', 'label': '292f43c8-6411-4328-bc9e-7c96bef5afe0', 'context': [<snowplow_tracker.self_describing_json.SelfDescribingJson object at 0x000002834E145A60>]}
[0m18:25:07.582174 [info ] [MainThread]: Found 6 models, 2 data tests, 3 sources, 434 macros
[0m18:25:07.587938 [debug] [MainThread]: Sending event: {'category': 'dbt', 'action': 'runnable_timing', 'label': '292f43c8-6411-4328-bc9e-7c96bef5afe0', 'context': [<snowplow_tracker.self_describing_json.SelfDescribingJson object at 0x000002834F271D00>]}
[0m18:25:07.604104 [info ] [MainThread]: 
[0m18:25:07.604104 [info ] [MainThread]: Concurrency: 4 threads (target='dev')
[0m18:25:07.617110 [info ] [MainThread]: 
[0m18:25:07.624044 [debug] [MainThread]: Acquiring new postgres connection 'master'
[0m18:25:07.663349 [debug] [ThreadPool]: Acquiring new postgres connection 'list_dbt_tutorial_analytics_intermediate'
[0m18:25:07.673013 [debug] [ThreadPool]: Acquiring new postgres connection 'list_dbt_tutorial_analytics_marts'
[0m18:25:07.673013 [debug] [ThreadPool]: Acquiring new postgres connection 'list_dbt_tutorial_analytics_staging'
[0m18:25:08.710402 [debug] [ThreadPool]: Using postgres connection "list_dbt_tutorial_analytics_intermediate"
[0m18:25:08.713402 [debug] [ThreadPool]: Using postgres connection "list_dbt_tutorial_analytics_marts"
[0m18:25:08.716400 [debug] [ThreadPool]: Using postgres connection "list_dbt_tutorial_analytics_staging"
[0m18:25:08.721430 [debug] [ThreadPool]: On list_dbt_tutorial_analytics_intermediate: BEGIN
[0m18:25:08.725430 [debug] [ThreadPool]: On list_dbt_tutorial_analytics_marts: BEGIN
[0m18:25:08.730428 [debug] [ThreadPool]: On list_dbt_tutorial_analytics_staging: BEGIN
[0m18:25:08.734959 [debug] [ThreadPool]: Opening a new connection, currently in state init
[0m18:25:08.739580 [debug] [ThreadPool]: Opening a new connection, currently in state init
[0m18:25:08.744583 [debug] [ThreadPool]: Opening a new connection, currently in state init
[0m18:25:09.346397 [debug] [ThreadPool]: SQL status: BEGIN in 0.602 seconds
[0m18:25:09.352397 [debug] [ThreadPool]: Using postgres connection "list_dbt_tutorial_analytics_staging"
[0m18:25:09.359948 [debug] [ThreadPool]: On list_dbt_tutorial_analytics_staging: /* {"app": "dbt", "dbt_version": "1.9.0", "profile_name": "dbt_pg_tutorial", "target_name": "dev", "connection_name": "list_dbt_tutorial_analytics_staging"} */
select
      'dbt_tutorial' as database,
      tablename as name,
      schemaname as schema,
      'table' as type
    from pg_tables
    where schemaname ilike 'analytics_staging'
    union all
    select
      'dbt_tutorial' as database,
      viewname as name,
      schemaname as schema,
      'view' as type
    from pg_views
    where schemaname ilike 'analytics_staging'
    union all
    select
      'dbt_tutorial' as database,
      matviewname as name,
      schemaname as schema,
      'materialized_view' as type
    from pg_matviews
    where schemaname ilike 'analytics_staging'
  
[0m18:25:09.397749 [debug] [ThreadPool]: SQL status: SELECT 3 in 0.031 seconds
[0m18:25:09.413762 [debug] [ThreadPool]: On list_dbt_tutorial_analytics_staging: ROLLBACK
[0m18:25:09.422725 [debug] [ThreadPool]: On list_dbt_tutorial_analytics_staging: Close
[0m18:25:09.444510 [debug] [ThreadPool]: SQL status: BEGIN in 0.705 seconds
[0m18:25:09.450516 [debug] [ThreadPool]: Using postgres connection "list_dbt_tutorial_analytics_marts"
[0m18:25:09.453513 [debug] [ThreadPool]: SQL status: BEGIN in 0.718 seconds
[0m18:25:09.459520 [debug] [ThreadPool]: On list_dbt_tutorial_analytics_marts: /* {"app": "dbt", "dbt_version": "1.9.0", "profile_name": "dbt_pg_tutorial", "target_name": "dev", "connection_name": "list_dbt_tutorial_analytics_marts"} */
select
      'dbt_tutorial' as database,
      tablename as name,
      schemaname as schema,
      'table' as type
    from pg_tables
    where schemaname ilike 'analytics_marts'
    union all
    select
      'dbt_tutorial' as database,
      viewname as name,
      schemaname as schema,
      'view' as type
    from pg_views
    where schemaname ilike 'analytics_marts'
    union all
    select
      'dbt_tutorial' as database,
      matviewname as name,
      schemaname as schema,
      'materialized_view' as type
    from pg_matviews
    where schemaname ilike 'analytics_marts'
  
[0m18:25:09.464519 [debug] [ThreadPool]: Using postgres connection "list_dbt_tutorial_analytics_intermediate"
[0m18:25:09.473515 [debug] [ThreadPool]: On list_dbt_tutorial_analytics_intermediate: /* {"app": "dbt", "dbt_version": "1.9.0", "profile_name": "dbt_pg_tutorial", "target_name": "dev", "connection_name": "list_dbt_tutorial_analytics_intermediate"} */
select
      'dbt_tutorial' as database,
      tablename as name,
      schemaname as schema,
      'table' as type
    from pg_tables
    where schemaname ilike 'analytics_intermediate'
    union all
    select
      'dbt_tutorial' as database,
      viewname as name,
      schemaname as schema,
      'view' as type
    from pg_views
    where schemaname ilike 'analytics_intermediate'
    union all
    select
      'dbt_tutorial' as database,
      matviewname as name,
      schemaname as schema,
      'materialized_view' as type
    from pg_matviews
    where schemaname ilike 'analytics_intermediate'
  
[0m18:25:09.494527 [debug] [ThreadPool]: SQL status: SELECT 2 in 0.025 seconds
[0m18:25:09.506522 [debug] [ThreadPool]: On list_dbt_tutorial_analytics_marts: ROLLBACK
[0m18:25:09.509521 [debug] [ThreadPool]: SQL status: SELECT 1 in 0.029 seconds
[0m18:25:09.514508 [debug] [ThreadPool]: On list_dbt_tutorial_analytics_marts: Close
[0m18:25:09.525536 [debug] [ThreadPool]: On list_dbt_tutorial_analytics_intermediate: ROLLBACK
[0m18:25:09.538098 [debug] [ThreadPool]: On list_dbt_tutorial_analytics_intermediate: Close
[0m18:25:09.577645 [debug] [MainThread]: Using postgres connection "master"
[0m18:25:09.582680 [debug] [MainThread]: On master: BEGIN
[0m18:25:09.586677 [debug] [MainThread]: Opening a new connection, currently in state init
[0m18:25:10.050154 [debug] [MainThread]: SQL status: BEGIN in 0.463 seconds
[0m18:25:10.056205 [debug] [MainThread]: Using postgres connection "master"
[0m18:25:10.062221 [debug] [MainThread]: On master: /* {"app": "dbt", "dbt_version": "1.9.0", "profile_name": "dbt_pg_tutorial", "target_name": "dev", "connection_name": "master"} */
select distinct
        dependent_namespace.nspname as dependent_schema,
        dependent_class.relname as dependent_name,
        referenced_namespace.nspname as referenced_schema,
        referenced_class.relname as referenced_name

    -- Query for views: views are entries in pg_class with an entry in pg_rewrite, but we avoid
    -- a seq scan on pg_rewrite by leveraging the fact there is an "internal" row in pg_depend for
    -- the view...
    from pg_class as dependent_class
    join pg_namespace as dependent_namespace on dependent_namespace.oid = dependent_class.relnamespace
    join pg_depend as dependent_depend on dependent_depend.refobjid = dependent_class.oid
        and dependent_depend.classid = 'pg_rewrite'::regclass
        and dependent_depend.refclassid = 'pg_class'::regclass
        and dependent_depend.deptype = 'i'

    -- ... and via pg_depend (that has a row per column, hence the need for "distinct" above, and
    -- making sure to exclude the internal row to avoid a view appearing to depend on itself)...
    join pg_depend as joining_depend on joining_depend.objid = dependent_depend.objid
        and joining_depend.classid = 'pg_rewrite'::regclass
        and joining_depend.refclassid = 'pg_class'::regclass
        and joining_depend.refobjid != dependent_depend.refobjid

    -- ... we can find the tables they query from in pg_class, but excluding system tables. Note we
    -- don't need need to exclude _dependent_ system tables, because they only query from other
    -- system tables, and so are automatically excluded by excluding _referenced_ system tables
    join pg_class as referenced_class on referenced_class.oid = joining_depend.refobjid
    join pg_namespace as referenced_namespace on referenced_namespace.oid = referenced_class.relnamespace
        and referenced_namespace.nspname != 'information_schema'
        and referenced_namespace.nspname not like 'pg\_%'

    order by
        dependent_schema, dependent_name, referenced_schema, referenced_name;
[0m18:25:10.095910 [debug] [MainThread]: SQL status: SELECT 5 in 0.029 seconds
[0m18:25:10.110783 [debug] [MainThread]: Sending event: {'category': 'dbt', 'action': 'runnable_timing', 'label': '292f43c8-6411-4328-bc9e-7c96bef5afe0', 'context': [<snowplow_tracker.self_describing_json.SelfDescribingJson object at 0x000002834DFF7230>]}
[0m18:25:10.115780 [debug] [MainThread]: On master: ROLLBACK
[0m18:25:10.121637 [debug] [MainThread]: On master: Close
[0m18:25:10.148866 [debug] [Thread-1 (]: Began running node model.dbt_pg_tutorial.stg_customers
[0m18:25:10.152785 [debug] [Thread-2 (]: Began running node model.dbt_pg_tutorial.stg_orders
[0m18:25:10.155776 [debug] [Thread-3 (]: Began running node model.dbt_pg_tutorial.stg_payments
[0m18:25:10.160874 [debug] [Thread-1 (]: Acquiring new postgres connection 'model.dbt_pg_tutorial.stg_customers'
[0m18:25:10.166773 [debug] [Thread-2 (]: Acquiring new postgres connection 'model.dbt_pg_tutorial.stg_orders'
[0m18:25:10.171924 [debug] [Thread-3 (]: Acquiring new postgres connection 'model.dbt_pg_tutorial.stg_payments'
[0m18:25:10.176909 [debug] [Thread-1 (]: Began compiling node model.dbt_pg_tutorial.stg_customers
[0m18:25:10.180931 [debug] [Thread-2 (]: Began compiling node model.dbt_pg_tutorial.stg_orders
[0m18:25:10.185880 [debug] [Thread-3 (]: Began compiling node model.dbt_pg_tutorial.stg_payments
[0m18:25:10.240373 [debug] [Thread-1 (]: Writing injected SQL for node "model.dbt_pg_tutorial.stg_customers"
[0m18:25:10.261215 [debug] [Thread-2 (]: Writing injected SQL for node "model.dbt_pg_tutorial.stg_orders"
[0m18:25:10.281268 [debug] [Thread-3 (]: Writing injected SQL for node "model.dbt_pg_tutorial.stg_payments"
[0m18:25:10.362341 [debug] [Thread-1 (]: Began executing node model.dbt_pg_tutorial.stg_customers
[0m18:25:10.366267 [debug] [Thread-2 (]: Began executing node model.dbt_pg_tutorial.stg_orders
[0m18:25:10.369726 [debug] [Thread-3 (]: Began executing node model.dbt_pg_tutorial.stg_payments
[0m18:25:10.375713 [debug] [Thread-1 (]: Finished running node model.dbt_pg_tutorial.stg_customers
[0m18:25:10.383712 [debug] [Thread-2 (]: Finished running node model.dbt_pg_tutorial.stg_orders
[0m18:25:10.389716 [debug] [Thread-3 (]: Finished running node model.dbt_pg_tutorial.stg_payments
[0m18:25:10.396716 [debug] [Thread-4 (]: Began running node model.dbt_pg_tutorial.dim_customers
[0m18:25:10.403714 [debug] [Thread-1 (]: Began running node model.dbt_pg_tutorial.int_order_payments
[0m18:25:10.409744 [debug] [Thread-4 (]: Acquiring new postgres connection 'model.dbt_pg_tutorial.dim_customers'
[0m18:25:10.414746 [debug] [Thread-1 (]: Re-using an available connection from the pool (formerly model.dbt_pg_tutorial.stg_customers, now model.dbt_pg_tutorial.int_order_payments)
[0m18:25:10.419749 [debug] [Thread-4 (]: Began compiling node model.dbt_pg_tutorial.dim_customers
[0m18:25:10.426331 [debug] [Thread-1 (]: Began compiling node model.dbt_pg_tutorial.int_order_payments
[0m18:25:10.447887 [debug] [Thread-4 (]: Writing injected SQL for node "model.dbt_pg_tutorial.dim_customers"
[0m18:25:10.479886 [debug] [Thread-1 (]: Writing injected SQL for node "model.dbt_pg_tutorial.int_order_payments"
[0m18:25:10.543738 [debug] [Thread-1 (]: Began executing node model.dbt_pg_tutorial.int_order_payments
[0m18:25:10.546733 [debug] [Thread-4 (]: Began executing node model.dbt_pg_tutorial.dim_customers
[0m18:25:10.553733 [debug] [Thread-1 (]: Finished running node model.dbt_pg_tutorial.int_order_payments
[0m18:25:10.560733 [debug] [Thread-4 (]: Finished running node model.dbt_pg_tutorial.dim_customers
[0m18:25:10.566743 [debug] [Thread-3 (]: Began running node model.dbt_pg_tutorial.fct_orders
[0m18:25:10.571733 [debug] [Thread-1 (]: Began running node test.dbt_pg_tutorial.not_null_dim_customers_customer_id.dd91cd1c8d
[0m18:25:10.574732 [debug] [Thread-2 (]: Began running node test.dbt_pg_tutorial.unique_dim_customers_customer_id.15c9f1e2fd
[0m18:25:10.579734 [debug] [Thread-3 (]: Re-using an available connection from the pool (formerly model.dbt_pg_tutorial.stg_payments, now model.dbt_pg_tutorial.fct_orders)
[0m18:25:10.584740 [debug] [Thread-1 (]: Re-using an available connection from the pool (formerly model.dbt_pg_tutorial.int_order_payments, now test.dbt_pg_tutorial.not_null_dim_customers_customer_id.dd91cd1c8d)
[0m18:25:10.589737 [debug] [Thread-2 (]: Re-using an available connection from the pool (formerly model.dbt_pg_tutorial.stg_orders, now test.dbt_pg_tutorial.unique_dim_customers_customer_id.15c9f1e2fd)
[0m18:25:10.594738 [debug] [Thread-3 (]: Began compiling node model.dbt_pg_tutorial.fct_orders
[0m18:25:10.599738 [debug] [Thread-1 (]: Began compiling node test.dbt_pg_tutorial.not_null_dim_customers_customer_id.dd91cd1c8d
[0m18:25:10.604737 [debug] [Thread-2 (]: Began compiling node test.dbt_pg_tutorial.unique_dim_customers_customer_id.15c9f1e2fd
[0m18:25:10.626764 [debug] [Thread-3 (]: Writing injected SQL for node "model.dbt_pg_tutorial.fct_orders"
[0m18:25:10.734905 [debug] [Thread-1 (]: Writing injected SQL for node "test.dbt_pg_tutorial.not_null_dim_customers_customer_id.dd91cd1c8d"
[0m18:25:10.763462 [debug] [Thread-2 (]: Writing injected SQL for node "test.dbt_pg_tutorial.unique_dim_customers_customer_id.15c9f1e2fd"
[0m18:25:10.850318 [debug] [Thread-1 (]: Began executing node test.dbt_pg_tutorial.not_null_dim_customers_customer_id.dd91cd1c8d
[0m18:25:10.853311 [debug] [Thread-3 (]: Began executing node model.dbt_pg_tutorial.fct_orders
[0m18:25:10.856467 [debug] [Thread-2 (]: Began executing node test.dbt_pg_tutorial.unique_dim_customers_customer_id.15c9f1e2fd
[0m18:25:10.863465 [debug] [Thread-1 (]: Finished running node test.dbt_pg_tutorial.not_null_dim_customers_customer_id.dd91cd1c8d
[0m18:25:10.870462 [debug] [Thread-3 (]: Finished running node model.dbt_pg_tutorial.fct_orders
[0m18:25:10.876466 [debug] [Thread-2 (]: Finished running node test.dbt_pg_tutorial.unique_dim_customers_customer_id.15c9f1e2fd
[0m18:25:10.894550 [debug] [MainThread]: Connection 'master' was properly closed.
[0m18:25:10.899597 [debug] [MainThread]: Connection 'list_dbt_tutorial_analytics_intermediate' was properly closed.
[0m18:25:10.903547 [debug] [MainThread]: Connection 'list_dbt_tutorial_analytics_marts' was properly closed.
[0m18:25:10.908282 [debug] [MainThread]: Connection 'list_dbt_tutorial_analytics_staging' was properly closed.
[0m18:25:10.912295 [debug] [MainThread]: Connection 'test.dbt_pg_tutorial.not_null_dim_customers_customer_id.dd91cd1c8d' was properly closed.
[0m18:25:10.916275 [debug] [MainThread]: Connection 'test.dbt_pg_tutorial.unique_dim_customers_customer_id.15c9f1e2fd' was properly closed.
[0m18:25:10.920224 [debug] [MainThread]: Connection 'model.dbt_pg_tutorial.fct_orders' was properly closed.
[0m18:25:10.923242 [debug] [MainThread]: Connection 'model.dbt_pg_tutorial.dim_customers' was properly closed.
[0m18:25:10.936482 [debug] [MainThread]: Command end result
[0m18:25:11.607000 [debug] [MainThread]: Wrote artifact WritableManifest to C:\Users\kashv\dbt_workspace\dbt_pg_tutorial\target\manifest.json
[0m18:25:11.739910 [debug] [MainThread]: Wrote artifact SemanticManifest to C:\Users\kashv\dbt_workspace\dbt_pg_tutorial\target\semantic_manifest.json
[0m18:25:11.812805 [debug] [MainThread]: Wrote artifact RunExecutionResult to C:\Users\kashv\dbt_workspace\dbt_pg_tutorial\target\run_results.json
[0m18:25:14.732074 [debug] [MainThread]: Acquiring new postgres connection 'generate_catalog'
[0m18:25:14.736124 [info ] [MainThread]: Building catalog
[0m18:25:14.807589 [debug] [ThreadPool]: Acquiring new postgres connection 'dbt_tutorial.information_schema'
[0m18:25:14.857679 [debug] [ThreadPool]: Using postgres connection "dbt_tutorial.information_schema"
[0m18:25:14.862684 [debug] [ThreadPool]: On dbt_tutorial.information_schema: BEGIN
[0m18:25:14.866544 [debug] [ThreadPool]: Opening a new connection, currently in state init
[0m18:25:15.334707 [debug] [ThreadPool]: SQL status: BEGIN in 0.467 seconds
[0m18:25:15.338692 [debug] [ThreadPool]: Using postgres connection "dbt_tutorial.information_schema"
[0m18:25:15.344307 [debug] [ThreadPool]: On dbt_tutorial.information_schema: /* {"app": "dbt", "dbt_version": "1.9.0", "profile_name": "dbt_pg_tutorial", "target_name": "dev", "connection_name": "dbt_tutorial.information_schema"} */

    
    

    select
        'dbt_tutorial' as table_database,
        sch.nspname as table_schema,
        tbl.relname as table_name,
        case tbl.relkind
            when 'v' then 'VIEW'
            when 'm' then 'MATERIALIZED VIEW'
            else 'BASE TABLE'
        end as table_type,
        tbl_desc.description as table_comment,
        col.attname as column_name,
        col.attnum as column_index,
        pg_catalog.format_type(col.atttypid, col.atttypmod) as column_type,
        col_desc.description as column_comment,
        pg_get_userbyid(tbl.relowner) as table_owner

    from pg_catalog.pg_namespace sch
    join pg_catalog.pg_class tbl on tbl.relnamespace = sch.oid
    join pg_catalog.pg_attribute col on col.attrelid = tbl.oid
    left outer join pg_catalog.pg_description tbl_desc on (tbl_desc.objoid = tbl.oid and tbl_desc.objsubid = 0)
    left outer join pg_catalog.pg_description col_desc on (col_desc.objoid = tbl.oid and col_desc.objsubid = col.attnum)
    where ((upper(sch.nspname) = upper('analytics_marts') and
           upper(tbl.relname) = upper('fct_orders')) or (upper(sch.nspname) = upper('raw') and
           upper(tbl.relname) = upper('customers')) or (upper(sch.nspname) = upper('analytics_staging') and
           upper(tbl.relname) = upper('stg_orders')) or (upper(sch.nspname) = upper('analytics_staging') and
           upper(tbl.relname) = upper('stg_payments')) or (upper(sch.nspname) = upper('analytics_intermediate') and
           upper(tbl.relname) = upper('int_order_payments')) or (upper(sch.nspname) = upper('raw') and
           upper(tbl.relname) = upper('payments')) or (upper(sch.nspname) = upper('raw') and
           upper(tbl.relname) = upper('orders')) or (upper(sch.nspname) = upper('analytics_marts') and
           upper(tbl.relname) = upper('dim_customers')) or (upper(sch.nspname) = upper('analytics_staging') and
           upper(tbl.relname) = upper('stg_customers')))
      and not pg_is_other_temp_schema(sch.oid) -- not a temporary schema belonging to another session
      and tbl.relpersistence in ('p', 'u') -- [p]ermanent table or [u]nlogged table. Exclude [t]emporary tables
      and tbl.relkind in ('r', 'v', 'f', 'p', 'm') -- o[r]dinary table, [v]iew, [f]oreign table, [p]artitioned table, [m]aterialized view. Other values are [i]ndex, [S]equence, [c]omposite type, [t]OAST table
      and col.attnum > 0 -- negative numbers are used for system columns such as oid
      and not col.attisdropped -- column as not been dropped

    order by
        sch.nspname,
        tbl.relname,
        col.attnum
[0m18:25:15.386551 [debug] [ThreadPool]: SQL status: SELECT 52 in 0.038 seconds
[0m18:25:15.411687 [debug] [ThreadPool]: On dbt_tutorial.information_schema: ROLLBACK
[0m18:25:15.417590 [debug] [ThreadPool]: On dbt_tutorial.information_schema: Close
[0m18:25:15.621429 [debug] [MainThread]: Wrote artifact CatalogArtifact to C:\Users\kashv\dbt_workspace\dbt_pg_tutorial\target\catalog.json
[0m18:25:15.871133 [debug] [MainThread]: Wrote artifact WritableManifest to C:\Users\kashv\dbt_workspace\dbt_pg_tutorial\target\manifest.json
[0m18:25:15.906217 [debug] [MainThread]: Wrote artifact SemanticManifest to C:\Users\kashv\dbt_workspace\dbt_pg_tutorial\target\semantic_manifest.json
[0m18:25:15.911216 [info ] [MainThread]: Catalog written to C:\Users\kashv\dbt_workspace\dbt_pg_tutorial\target\catalog.json
[0m18:25:15.921547 [debug] [MainThread]: Command `dbt docs generate` succeeded at 18:25:15.920549 after 16.60 seconds
[0m18:25:15.925935 [debug] [MainThread]: Connection 'generate_catalog' was properly closed.
[0m18:25:15.929981 [debug] [MainThread]: Connection 'dbt_tutorial.information_schema' was properly closed.
[0m18:25:15.933966 [debug] [MainThread]: Sending event: {'category': 'dbt', 'action': 'invocation', 'label': 'end', 'context': [<snowplow_tracker.self_describing_json.SelfDescribingJson object at 0x000002834D1231A0>, <snowplow_tracker.self_describing_json.SelfDescribingJson object at 0x000002834D121F10>, <snowplow_tracker.self_describing_json.SelfDescribingJson object at 0x000002834D60E330>]}
[0m18:25:15.939980 [debug] [MainThread]: Flushing usage events
[0m18:25:15.958663 [debug] [MainThread]: An error was encountered while trying to flush usage events
[0m18:28:00.345709 [debug] [MainThread]: Sending event: {'category': 'dbt', 'action': 'invocation', 'label': 'start', 'context': [<snowplow_tracker.self_describing_json.SelfDescribingJson object at 0x00000233AD90F350>, <snowplow_tracker.self_describing_json.SelfDescribingJson object at 0x00000233B051F080>, <snowplow_tracker.self_describing_json.SelfDescribingJson object at 0x00000233B051DF10>]}


============================== 18:28:00.380268 | a1714e7c-211a-498c-97be-e46156788eab ==============================
[0m18:28:00.380268 [info ] [MainThread]: Running with dbt=1.9.0
[0m18:28:00.387273 [debug] [MainThread]: running dbt with arguments {'printer_width': '80', 'indirect_selection': 'eager', 'log_cache_events': 'False', 'write_json': 'True', 'partial_parse': 'True', 'cache_selected_only': 'False', 'profiles_dir': 'C:\\Users\\kashv\\.dbt', 'version_check': 'True', 'warn_error': 'None', 'log_path': 'C:\\Users\\kashv\\dbt_workspace\\dbt_pg_tutorial\\logs', 'fail_fast': 'False', 'debug': 'False', 'use_colors': 'True', 'use_experimental_parser': 'False', 'no_print': 'None', 'quiet': 'False', 'empty': 'None', 'log_format': 'default', 'introspect': 'True', 'invocation_command': 'dbt docs serve --port 8085', 'static_parser': 'True', 'target_path': 'None', 'warn_error_options': 'WarnErrorOptions(include=[], exclude=[])', 'send_anonymous_usage_stats': 'True'}
[0m18:28:01.917674 [debug] [MainThread]: Sending event: {'category': 'dbt', 'action': 'project_id', 'label': 'a1714e7c-211a-498c-97be-e46156788eab', 'context': [<snowplow_tracker.self_describing_json.SelfDescribingJson object at 0x00000233B07AC530>]}
[0m18:28:02.367248 [debug] [MainThread]: Sending event: {'category': 'dbt', 'action': 'adapter_info', 'label': 'a1714e7c-211a-498c-97be-e46156788eab', 'context': [<snowplow_tracker.self_describing_json.SelfDescribingJson object at 0x00000233B028CBC0>]}
[0m18:34:59.392744 [error] [MainThread]: Encountered an error:

[0m18:34:59.558228 [error] [MainThread]: Traceback (most recent call last):
  File "C:\Users\kashv\pythonvenv1\env\Lib\site-packages\dbt\cli\requires.py", line 153, in wrapper
    result, success = func(*args, **kwargs)
                      ^^^^^^^^^^^^^^^^^^^^^
  File "C:\Users\kashv\pythonvenv1\env\Lib\site-packages\dbt\cli\requires.py", line 103, in wrapper
    return func(*args, **kwargs)
           ^^^^^^^^^^^^^^^^^^^^^
  File "C:\Users\kashv\pythonvenv1\env\Lib\site-packages\dbt\cli\requires.py", line 235, in wrapper
    return func(*args, **kwargs)
           ^^^^^^^^^^^^^^^^^^^^^
  File "C:\Users\kashv\pythonvenv1\env\Lib\site-packages\dbt\cli\requires.py", line 264, in wrapper
    return func(*args, **kwargs)
           ^^^^^^^^^^^^^^^^^^^^^
  File "C:\Users\kashv\pythonvenv1\env\Lib\site-packages\dbt\cli\requires.py", line 311, in wrapper
    return func(*args, **kwargs)
           ^^^^^^^^^^^^^^^^^^^^^
  File "C:\Users\kashv\pythonvenv1\env\Lib\site-packages\dbt\cli\main.py", line 301, in docs_serve
    results = task.run()
              ^^^^^^^^^^
  File "C:\Users\kashv\pythonvenv1\env\Lib\site-packages\dbt\task\docs\serve.py", line 29, in run
    httpd.serve_forever()
  File "C:\Users\kashv\AppData\Local\Programs\Python\Python312\Lib\socketserver.py", line 240, in serve_forever
    self._handle_request_noblock()
  File "C:\Users\kashv\AppData\Local\Programs\Python\Python312\Lib\socketserver.py", line 318, in _handle_request_noblock
    self.process_request(request, client_address)
  File "C:\Users\kashv\AppData\Local\Programs\Python\Python312\Lib\socketserver.py", line 349, in process_request
    self.finish_request(request, client_address)
  File "C:\Users\kashv\AppData\Local\Programs\Python\Python312\Lib\socketserver.py", line 362, in finish_request
    self.RequestHandlerClass(request, client_address, self)
  File "C:\Users\kashv\AppData\Local\Programs\Python\Python312\Lib\http\server.py", line 672, in __init__
    super().__init__(*args, **kwargs)
  File "C:\Users\kashv\AppData\Local\Programs\Python\Python312\Lib\socketserver.py", line 761, in __init__
    self.handle()
  File "C:\Users\kashv\AppData\Local\Programs\Python\Python312\Lib\http\server.py", line 436, in handle
    self.handle_one_request()
  File "C:\Users\kashv\AppData\Local\Programs\Python\Python312\Lib\http\server.py", line 404, in handle_one_request
    self.raw_requestline = self.rfile.readline(65537)
                           ^^^^^^^^^^^^^^^^^^^^^^^^^^
  File "C:\Users\kashv\AppData\Local\Programs\Python\Python312\Lib\socket.py", line 707, in readinto
    return self._sock.recv_into(b)
           ^^^^^^^^^^^^^^^^^^^^^^^
KeyboardInterrupt

[0m18:34:59.575659 [debug] [MainThread]: Command `dbt docs serve` failed at 18:34:59.574632 after 420.36 seconds
[0m18:34:59.584650 [debug] [MainThread]: Sending event: {'category': 'dbt', 'action': 'invocation', 'label': 'end', 'context': [<snowplow_tracker.self_describing_json.SelfDescribingJson object at 0x00000233AE541D30>, <snowplow_tracker.self_describing_json.SelfDescribingJson object at 0x00000233B1B87860>, <snowplow_tracker.self_describing_json.SelfDescribingJson object at 0x00000233B094A150>]}
[0m18:34:59.593248 [debug] [MainThread]: Flushing usage events
[0m18:34:59.624470 [debug] [MainThread]: An error was encountered while trying to flush usage events
[0m18:38:23.023446 [debug] [MainThread]: Sending event: {'category': 'dbt', 'action': 'invocation', 'label': 'start', 'context': [<snowplow_tracker.self_describing_json.SelfDescribingJson object at 0x0000018699465700>, <snowplow_tracker.self_describing_json.SelfDescribingJson object at 0x0000018699465580>, <snowplow_tracker.self_describing_json.SelfDescribingJson object at 0x00000186994654F0>]}


============================== 18:38:23.055817 | 6ef60e57-9348-4d70-9bec-4cdeabb704c3 ==============================
[0m18:38:23.055817 [info ] [MainThread]: Running with dbt=1.9.0
[0m18:38:23.063655 [debug] [MainThread]: running dbt with arguments {'printer_width': '80', 'indirect_selection': 'eager', 'write_json': 'True', 'log_cache_events': 'False', 'partial_parse': 'True', 'cache_selected_only': 'False', 'warn_error': 'None', 'version_check': 'True', 'fail_fast': 'False', 'log_path': 'C:\\Users\\kashv\\dbt_workspace\\dbt_pg_tutorial\\logs', 'debug': 'False', 'profiles_dir': 'C:\\Users\\kashv\\.dbt', 'use_colors': 'True', 'use_experimental_parser': 'False', 'no_print': 'None', 'quiet': 'False', 'empty': 'False', 'warn_error_options': 'WarnErrorOptions(include=[], exclude=[])', 'introspect': 'True', 'invocation_command': 'dbt run -m staging', 'log_format': 'default', 'target_path': 'None', 'static_parser': 'True', 'send_anonymous_usage_stats': 'True'}
[0m18:38:24.581627 [debug] [MainThread]: Sending event: {'category': 'dbt', 'action': 'project_id', 'label': '6ef60e57-9348-4d70-9bec-4cdeabb704c3', 'context': [<snowplow_tracker.self_describing_json.SelfDescribingJson object at 0x000001869944EB40>]}
[0m18:38:25.024744 [debug] [MainThread]: Sending event: {'category': 'dbt', 'action': 'adapter_info', 'label': '6ef60e57-9348-4d70-9bec-4cdeabb704c3', 'context': [<snowplow_tracker.self_describing_json.SelfDescribingJson object at 0x00000186995A3B90>]}
[0m18:38:25.035637 [info ] [MainThread]: Registered adapter: postgres=1.9.1
[0m18:38:27.778687 [debug] [MainThread]: checksum: c99e828bba267739642b5a3ce85f17518764ea526e0e6c4fdc649171c1a66bff, vars: {}, profile: , target: , version: 1.9.0
[0m18:38:28.438210 [info ] [MainThread]: Unable to do partial parsing because a project config has changed
[0m18:38:28.459551 [debug] [MainThread]: Sending event: {'category': 'dbt', 'action': 'partial_parser', 'label': '6ef60e57-9348-4d70-9bec-4cdeabb704c3', 'context': [<snowplow_tracker.self_describing_json.SelfDescribingJson object at 0x000001869A97D9D0>]}
[0m18:38:37.746890 [debug] [MainThread]: Sending event: {'category': 'dbt', 'action': 'load_project', 'label': '6ef60e57-9348-4d70-9bec-4cdeabb704c3', 'context': [<snowplow_tracker.self_describing_json.SelfDescribingJson object at 0x000001869AB387D0>]}
[0m18:38:38.422435 [debug] [MainThread]: Wrote artifact WritableManifest to C:\Users\kashv\dbt_workspace\dbt_pg_tutorial\target\manifest.json
[0m18:38:38.549008 [debug] [MainThread]: Wrote artifact SemanticManifest to C:\Users\kashv\dbt_workspace\dbt_pg_tutorial\target\semantic_manifest.json
[0m18:38:38.858753 [debug] [MainThread]: Sending event: {'category': 'dbt', 'action': 'resource_counts', 'label': '6ef60e57-9348-4d70-9bec-4cdeabb704c3', 'context': [<snowplow_tracker.self_describing_json.SelfDescribingJson object at 0x000001869AA5A810>]}
[0m18:38:38.863935 [info ] [MainThread]: Found 6 models, 2 data tests, 3 sources, 434 macros
[0m18:38:38.869913 [debug] [MainThread]: Sending event: {'category': 'dbt', 'action': 'runnable_timing', 'label': '6ef60e57-9348-4d70-9bec-4cdeabb704c3', 'context': [<snowplow_tracker.self_describing_json.SelfDescribingJson object at 0x000001869AB22780>]}
[0m18:38:38.883415 [info ] [MainThread]: 
[0m18:38:38.889019 [info ] [MainThread]: Concurrency: 4 threads (target='dev')
[0m18:38:38.896629 [info ] [MainThread]: 
[0m18:38:38.904635 [debug] [MainThread]: Acquiring new postgres connection 'master'
[0m18:38:38.945046 [debug] [ThreadPool]: Acquiring new postgres connection 'list_dbt_tutorial'
[0m18:38:39.903097 [debug] [ThreadPool]: Using postgres connection "list_dbt_tutorial"
[0m18:38:39.907158 [debug] [ThreadPool]: On list_dbt_tutorial: /* {"app": "dbt", "dbt_version": "1.9.0", "profile_name": "dbt_pg_tutorial", "target_name": "dev", "connection_name": "list_dbt_tutorial"} */

    select distinct nspname from pg_namespace
  
[0m18:38:39.911227 [debug] [ThreadPool]: Opening a new connection, currently in state init
[0m18:38:40.504608 [debug] [ThreadPool]: SQL status: SELECT 9 in 0.591 seconds
[0m18:38:40.515618 [debug] [ThreadPool]: On list_dbt_tutorial: Close
[0m18:38:40.530771 [debug] [ThreadPool]: Acquiring new postgres connection 'list_dbt_tutorial_analytics_staging'
[0m18:38:40.536773 [debug] [ThreadPool]: Acquiring new postgres connection 'list_dbt_tutorial_analytics'
[0m18:38:40.581772 [debug] [ThreadPool]: Using postgres connection "list_dbt_tutorial_analytics_staging"
[0m18:38:40.595770 [debug] [ThreadPool]: Using postgres connection "list_dbt_tutorial_analytics"
[0m18:38:40.600772 [debug] [ThreadPool]: On list_dbt_tutorial_analytics_staging: BEGIN
[0m18:38:40.605774 [debug] [ThreadPool]: On list_dbt_tutorial_analytics: BEGIN
[0m18:38:40.609774 [debug] [ThreadPool]: Opening a new connection, currently in state init
[0m18:38:40.614818 [debug] [ThreadPool]: Opening a new connection, currently in state init
[0m18:38:41.108027 [debug] [ThreadPool]: SQL status: BEGIN in 0.493 seconds
[0m18:38:41.115050 [debug] [ThreadPool]: Using postgres connection "list_dbt_tutorial_analytics"
[0m18:38:41.120050 [debug] [ThreadPool]: On list_dbt_tutorial_analytics: /* {"app": "dbt", "dbt_version": "1.9.0", "profile_name": "dbt_pg_tutorial", "target_name": "dev", "connection_name": "list_dbt_tutorial_analytics"} */
select
      'dbt_tutorial' as database,
      tablename as name,
      schemaname as schema,
      'table' as type
    from pg_tables
    where schemaname ilike 'analytics'
    union all
    select
      'dbt_tutorial' as database,
      viewname as name,
      schemaname as schema,
      'view' as type
    from pg_views
    where schemaname ilike 'analytics'
    union all
    select
      'dbt_tutorial' as database,
      matviewname as name,
      schemaname as schema,
      'materialized_view' as type
    from pg_matviews
    where schemaname ilike 'analytics'
  
[0m18:38:41.151617 [debug] [ThreadPool]: SQL status: SELECT 0 in 0.026 seconds
[0m18:38:41.162616 [debug] [ThreadPool]: On list_dbt_tutorial_analytics: ROLLBACK
[0m18:38:41.169619 [debug] [ThreadPool]: On list_dbt_tutorial_analytics: Close
[0m18:38:41.237206 [debug] [ThreadPool]: SQL status: BEGIN in 0.627 seconds
[0m18:38:41.242204 [debug] [ThreadPool]: Using postgres connection "list_dbt_tutorial_analytics_staging"
[0m18:38:41.246202 [debug] [ThreadPool]: On list_dbt_tutorial_analytics_staging: /* {"app": "dbt", "dbt_version": "1.9.0", "profile_name": "dbt_pg_tutorial", "target_name": "dev", "connection_name": "list_dbt_tutorial_analytics_staging"} */
select
      'dbt_tutorial' as database,
      tablename as name,
      schemaname as schema,
      'table' as type
    from pg_tables
    where schemaname ilike 'analytics_staging'
    union all
    select
      'dbt_tutorial' as database,
      viewname as name,
      schemaname as schema,
      'view' as type
    from pg_views
    where schemaname ilike 'analytics_staging'
    union all
    select
      'dbt_tutorial' as database,
      matviewname as name,
      schemaname as schema,
      'materialized_view' as type
    from pg_matviews
    where schemaname ilike 'analytics_staging'
  
[0m18:38:41.275232 [debug] [ThreadPool]: SQL status: SELECT 3 in 0.024 seconds
[0m18:38:41.285826 [debug] [ThreadPool]: On list_dbt_tutorial_analytics_staging: ROLLBACK
[0m18:38:41.291820 [debug] [ThreadPool]: On list_dbt_tutorial_analytics_staging: Close
[0m18:38:41.332403 [debug] [MainThread]: Using postgres connection "master"
[0m18:38:41.337402 [debug] [MainThread]: On master: BEGIN
[0m18:38:41.342405 [debug] [MainThread]: Opening a new connection, currently in state init
[0m18:38:41.848049 [debug] [MainThread]: SQL status: BEGIN in 0.506 seconds
[0m18:38:41.854961 [debug] [MainThread]: Using postgres connection "master"
[0m18:38:41.860935 [debug] [MainThread]: On master: /* {"app": "dbt", "dbt_version": "1.9.0", "profile_name": "dbt_pg_tutorial", "target_name": "dev", "connection_name": "master"} */
select distinct
        dependent_namespace.nspname as dependent_schema,
        dependent_class.relname as dependent_name,
        referenced_namespace.nspname as referenced_schema,
        referenced_class.relname as referenced_name

    -- Query for views: views are entries in pg_class with an entry in pg_rewrite, but we avoid
    -- a seq scan on pg_rewrite by leveraging the fact there is an "internal" row in pg_depend for
    -- the view...
    from pg_class as dependent_class
    join pg_namespace as dependent_namespace on dependent_namespace.oid = dependent_class.relnamespace
    join pg_depend as dependent_depend on dependent_depend.refobjid = dependent_class.oid
        and dependent_depend.classid = 'pg_rewrite'::regclass
        and dependent_depend.refclassid = 'pg_class'::regclass
        and dependent_depend.deptype = 'i'

    -- ... and via pg_depend (that has a row per column, hence the need for "distinct" above, and
    -- making sure to exclude the internal row to avoid a view appearing to depend on itself)...
    join pg_depend as joining_depend on joining_depend.objid = dependent_depend.objid
        and joining_depend.classid = 'pg_rewrite'::regclass
        and joining_depend.refclassid = 'pg_class'::regclass
        and joining_depend.refobjid != dependent_depend.refobjid

    -- ... we can find the tables they query from in pg_class, but excluding system tables. Note we
    -- don't need need to exclude _dependent_ system tables, because they only query from other
    -- system tables, and so are automatically excluded by excluding _referenced_ system tables
    join pg_class as referenced_class on referenced_class.oid = joining_depend.refobjid
    join pg_namespace as referenced_namespace on referenced_namespace.oid = referenced_class.relnamespace
        and referenced_namespace.nspname != 'information_schema'
        and referenced_namespace.nspname not like 'pg\_%'

    order by
        dependent_schema, dependent_name, referenced_schema, referenced_name;
[0m18:38:41.892692 [debug] [MainThread]: SQL status: SELECT 5 in 0.027 seconds
[0m18:38:41.908719 [debug] [MainThread]: Sending event: {'category': 'dbt', 'action': 'runnable_timing', 'label': '6ef60e57-9348-4d70-9bec-4cdeabb704c3', 'context': [<snowplow_tracker.self_describing_json.SelfDescribingJson object at 0x000001869AB571D0>]}
[0m18:38:41.913722 [debug] [MainThread]: On master: ROLLBACK
[0m18:38:41.920720 [debug] [MainThread]: Using postgres connection "master"
[0m18:38:41.925285 [debug] [MainThread]: On master: BEGIN
[0m18:38:41.931807 [debug] [MainThread]: SQL status: BEGIN in 0.002 seconds
[0m18:38:41.936841 [debug] [MainThread]: On master: COMMIT
[0m18:38:41.940841 [debug] [MainThread]: Using postgres connection "master"
[0m18:38:41.944872 [debug] [MainThread]: On master: COMMIT
[0m18:38:41.950870 [debug] [MainThread]: SQL status: COMMIT in 0.001 seconds
[0m18:38:41.955866 [debug] [MainThread]: On master: Close
[0m18:38:41.977439 [debug] [Thread-1 (]: Began running node model.dbt_pg_tutorial.stg_customers
[0m18:38:41.981428 [debug] [Thread-2 (]: Began running node model.dbt_pg_tutorial.stg_orders
[0m18:38:41.984427 [debug] [Thread-3 (]: Began running node model.dbt_pg_tutorial.stg_payments
[0m18:38:41.990430 [info ] [Thread-1 (]: 1 of 3 START sql view model analytics_staging.stg_customers .................... [RUN]
[0m18:38:41.998455 [info ] [Thread-2 (]: 2 of 3 START sql view model analytics_staging.stg_orders ....................... [RUN]
[0m18:38:42.007465 [info ] [Thread-3 (]: 3 of 3 START sql view model analytics_staging.stg_payments ..................... [RUN]
[0m18:38:42.014845 [debug] [Thread-1 (]: Acquiring new postgres connection 'model.dbt_pg_tutorial.stg_customers'
[0m18:38:42.023371 [debug] [Thread-2 (]: Acquiring new postgres connection 'model.dbt_pg_tutorial.stg_orders'
[0m18:38:42.029403 [debug] [Thread-3 (]: Acquiring new postgres connection 'model.dbt_pg_tutorial.stg_payments'
[0m18:38:42.036022 [debug] [Thread-1 (]: Began compiling node model.dbt_pg_tutorial.stg_customers
[0m18:38:42.042030 [debug] [Thread-2 (]: Began compiling node model.dbt_pg_tutorial.stg_orders
[0m18:38:42.047027 [debug] [Thread-3 (]: Began compiling node model.dbt_pg_tutorial.stg_payments
[0m18:38:42.102023 [debug] [Thread-1 (]: Writing injected SQL for node "model.dbt_pg_tutorial.stg_customers"
[0m18:38:42.123049 [debug] [Thread-2 (]: Writing injected SQL for node "model.dbt_pg_tutorial.stg_orders"
[0m18:38:42.147607 [debug] [Thread-3 (]: Writing injected SQL for node "model.dbt_pg_tutorial.stg_payments"
[0m18:38:42.233156 [debug] [Thread-1 (]: Began executing node model.dbt_pg_tutorial.stg_customers
[0m18:38:42.236255 [debug] [Thread-2 (]: Began executing node model.dbt_pg_tutorial.stg_orders
[0m18:38:42.241311 [debug] [Thread-3 (]: Began executing node model.dbt_pg_tutorial.stg_payments
[0m18:38:42.733650 [debug] [Thread-1 (]: Writing runtime sql for node "model.dbt_pg_tutorial.stg_customers"
[0m18:38:42.742564 [debug] [Thread-3 (]: Writing runtime sql for node "model.dbt_pg_tutorial.stg_payments"
[0m18:38:42.723643 [debug] [Thread-2 (]: Writing runtime sql for node "model.dbt_pg_tutorial.stg_orders"
[0m18:38:42.825769 [debug] [Thread-3 (]: Using postgres connection "model.dbt_pg_tutorial.stg_payments"
[0m18:38:42.828768 [debug] [Thread-1 (]: Using postgres connection "model.dbt_pg_tutorial.stg_customers"
[0m18:38:42.831781 [debug] [Thread-2 (]: Using postgres connection "model.dbt_pg_tutorial.stg_orders"
[0m18:38:42.837600 [debug] [Thread-3 (]: On model.dbt_pg_tutorial.stg_payments: BEGIN
[0m18:38:42.842504 [debug] [Thread-1 (]: On model.dbt_pg_tutorial.stg_customers: BEGIN
[0m18:38:42.846532 [debug] [Thread-2 (]: On model.dbt_pg_tutorial.stg_orders: BEGIN
[0m18:38:42.852139 [debug] [Thread-3 (]: Opening a new connection, currently in state init
[0m18:38:42.857242 [debug] [Thread-1 (]: Opening a new connection, currently in state init
[0m18:38:42.862141 [debug] [Thread-2 (]: Opening a new connection, currently in state init
[0m18:38:43.391077 [debug] [Thread-3 (]: SQL status: BEGIN in 0.538 seconds
[0m18:38:43.397077 [debug] [Thread-3 (]: Using postgres connection "model.dbt_pg_tutorial.stg_payments"
[0m18:38:43.405081 [debug] [Thread-3 (]: On model.dbt_pg_tutorial.stg_payments: /* {"app": "dbt", "dbt_version": "1.9.0", "profile_name": "dbt_pg_tutorial", "target_name": "dev", "node_id": "model.dbt_pg_tutorial.stg_payments"} */

  create view "dbt_tutorial"."analytics_staging"."stg_payments__dbt_tmp"
    
    
  as (
    

with source as (
    select * from "dbt_tutorial"."raw"."payments"
),
casted as (
    select
        id           as payment_id,
        order_id,
        lower(payment_method) as payment_method,
        amount::numeric(10,2) as amount,
        paid_at::timestamp    as paid_at
    from source
)
select * from casted
  );
[0m18:38:43.435184 [debug] [Thread-1 (]: SQL status: BEGIN in 0.578 seconds
[0m18:38:43.440246 [debug] [Thread-3 (]: SQL status: CREATE VIEW in 0.028 seconds
[0m18:38:43.446216 [debug] [Thread-1 (]: Using postgres connection "model.dbt_pg_tutorial.stg_customers"
[0m18:38:43.502213 [debug] [Thread-3 (]: Using postgres connection "model.dbt_pg_tutorial.stg_payments"
[0m18:38:43.505213 [debug] [Thread-1 (]: On model.dbt_pg_tutorial.stg_customers: /* {"app": "dbt", "dbt_version": "1.9.0", "profile_name": "dbt_pg_tutorial", "target_name": "dev", "node_id": "model.dbt_pg_tutorial.stg_customers"} */

  create view "dbt_tutorial"."analytics_staging"."stg_customers__dbt_tmp"
    
    
  as (
    

with source as (
    select * from "dbt_tutorial"."raw"."customers"
),
renamed as (
    select
        id                as customer_id,
        lower(trim(first_name)) as first_name,
        lower(trim(last_name))  as last_name,
        lower(trim(email))      as email,
        created_at
    from source
)
select * from renamed
  );
[0m18:38:43.512215 [debug] [Thread-3 (]: On model.dbt_pg_tutorial.stg_payments: /* {"app": "dbt", "dbt_version": "1.9.0", "profile_name": "dbt_pg_tutorial", "target_name": "dev", "node_id": "model.dbt_pg_tutorial.stg_payments"} */
alter table "dbt_tutorial"."analytics_staging"."stg_payments" rename to "stg_payments__dbt_backup"
[0m18:38:43.525242 [debug] [Thread-3 (]: SQL status: ALTER TABLE in 0.004 seconds
[0m18:38:43.543486 [debug] [Thread-1 (]: SQL status: CREATE VIEW in 0.025 seconds
[0m18:38:43.553482 [debug] [Thread-3 (]: Using postgres connection "model.dbt_pg_tutorial.stg_payments"
[0m18:38:43.575034 [debug] [Thread-2 (]: SQL status: BEGIN in 0.713 seconds
[0m18:38:43.579037 [debug] [Thread-1 (]: Using postgres connection "model.dbt_pg_tutorial.stg_customers"
[0m18:38:43.585067 [debug] [Thread-3 (]: On model.dbt_pg_tutorial.stg_payments: /* {"app": "dbt", "dbt_version": "1.9.0", "profile_name": "dbt_pg_tutorial", "target_name": "dev", "node_id": "model.dbt_pg_tutorial.stg_payments"} */
alter table "dbt_tutorial"."analytics_staging"."stg_payments__dbt_tmp" rename to "stg_payments"
[0m18:38:43.590064 [debug] [Thread-2 (]: Using postgres connection "model.dbt_pg_tutorial.stg_orders"
[0m18:38:43.595067 [debug] [Thread-1 (]: On model.dbt_pg_tutorial.stg_customers: /* {"app": "dbt", "dbt_version": "1.9.0", "profile_name": "dbt_pg_tutorial", "target_name": "dev", "node_id": "model.dbt_pg_tutorial.stg_customers"} */
alter table "dbt_tutorial"."analytics_staging"."stg_customers" rename to "stg_customers__dbt_backup"
[0m18:38:43.602633 [debug] [Thread-2 (]: On model.dbt_pg_tutorial.stg_orders: /* {"app": "dbt", "dbt_version": "1.9.0", "profile_name": "dbt_pg_tutorial", "target_name": "dev", "node_id": "model.dbt_pg_tutorial.stg_orders"} */

  create view "dbt_tutorial"."analytics_staging"."stg_orders__dbt_tmp"
    
    
  as (
    

with source as (
    select * from "dbt_tutorial"."raw"."orders"
),
casted as (
    select
        id           as order_id,
        user_id      as customer_id,
        order_date::timestamp as order_timestamp,
        lower(status) as status,
        total_amount::numeric(10,2) as total_amount
    from source
)
select * from casted
  );
[0m18:38:43.605622 [debug] [Thread-3 (]: SQL status: ALTER TABLE in 0.006 seconds
[0m18:38:43.612938 [debug] [Thread-1 (]: SQL status: ALTER TABLE in 0.003 seconds
[0m18:38:43.637534 [debug] [Thread-2 (]: SQL status: CREATE VIEW in 0.026 seconds
[0m18:38:43.747972 [debug] [Thread-1 (]: Using postgres connection "model.dbt_pg_tutorial.stg_customers"
[0m18:38:43.761972 [debug] [Thread-3 (]: On model.dbt_pg_tutorial.stg_payments: COMMIT
[0m18:38:43.782261 [debug] [Thread-2 (]: Using postgres connection "model.dbt_pg_tutorial.stg_orders"
[0m18:38:43.787132 [debug] [Thread-1 (]: On model.dbt_pg_tutorial.stg_customers: /* {"app": "dbt", "dbt_version": "1.9.0", "profile_name": "dbt_pg_tutorial", "target_name": "dev", "node_id": "model.dbt_pg_tutorial.stg_customers"} */
alter table "dbt_tutorial"."analytics_staging"."stg_customers__dbt_tmp" rename to "stg_customers"
[0m18:38:43.793129 [debug] [Thread-3 (]: Using postgres connection "model.dbt_pg_tutorial.stg_payments"
[0m18:38:43.798583 [debug] [Thread-2 (]: On model.dbt_pg_tutorial.stg_orders: /* {"app": "dbt", "dbt_version": "1.9.0", "profile_name": "dbt_pg_tutorial", "target_name": "dev", "node_id": "model.dbt_pg_tutorial.stg_orders"} */
alter table "dbt_tutorial"."analytics_staging"."stg_orders" rename to "stg_orders__dbt_backup"
[0m18:38:43.808036 [debug] [Thread-1 (]: SQL status: ALTER TABLE in 0.003 seconds
[0m18:38:43.812820 [debug] [Thread-3 (]: On model.dbt_pg_tutorial.stg_payments: COMMIT
[0m18:38:43.829788 [debug] [Thread-1 (]: On model.dbt_pg_tutorial.stg_customers: COMMIT
[0m18:38:43.833738 [debug] [Thread-2 (]: SQL status: ALTER TABLE in 0.015 seconds
[0m18:38:43.841408 [debug] [Thread-1 (]: Using postgres connection "model.dbt_pg_tutorial.stg_customers"
[0m18:38:43.844426 [debug] [Thread-3 (]: SQL status: COMMIT in 0.007 seconds
[0m18:38:43.874330 [debug] [Thread-2 (]: Using postgres connection "model.dbt_pg_tutorial.stg_orders"
[0m18:38:43.878334 [debug] [Thread-1 (]: On model.dbt_pg_tutorial.stg_customers: COMMIT
[0m18:38:43.929938 [debug] [Thread-3 (]: Applying DROP to: "dbt_tutorial"."analytics_staging"."stg_payments__dbt_backup"
[0m18:38:43.934942 [debug] [Thread-2 (]: On model.dbt_pg_tutorial.stg_orders: /* {"app": "dbt", "dbt_version": "1.9.0", "profile_name": "dbt_pg_tutorial", "target_name": "dev", "node_id": "model.dbt_pg_tutorial.stg_orders"} */
alter table "dbt_tutorial"."analytics_staging"."stg_orders__dbt_tmp" rename to "stg_orders"
[0m18:38:43.965221 [debug] [Thread-1 (]: SQL status: COMMIT in 0.024 seconds
[0m18:38:43.982805 [debug] [Thread-3 (]: Using postgres connection "model.dbt_pg_tutorial.stg_payments"
[0m18:38:43.996787 [debug] [Thread-2 (]: SQL status: ALTER TABLE in 0.010 seconds
[0m18:38:44.006782 [debug] [Thread-1 (]: Applying DROP to: "dbt_tutorial"."analytics_staging"."stg_customers__dbt_backup"
[0m18:38:44.012785 [debug] [Thread-3 (]: On model.dbt_pg_tutorial.stg_payments: /* {"app": "dbt", "dbt_version": "1.9.0", "profile_name": "dbt_pg_tutorial", "target_name": "dev", "node_id": "model.dbt_pg_tutorial.stg_payments"} */
drop view if exists "dbt_tutorial"."analytics_staging"."stg_payments__dbt_backup" cascade
[0m18:38:44.025816 [debug] [Thread-2 (]: On model.dbt_pg_tutorial.stg_orders: COMMIT
[0m18:38:44.033815 [debug] [Thread-1 (]: Using postgres connection "model.dbt_pg_tutorial.stg_customers"
[0m18:38:44.042405 [debug] [Thread-2 (]: Using postgres connection "model.dbt_pg_tutorial.stg_orders"
[0m18:38:44.053421 [debug] [Thread-1 (]: On model.dbt_pg_tutorial.stg_customers: /* {"app": "dbt", "dbt_version": "1.9.0", "profile_name": "dbt_pg_tutorial", "target_name": "dev", "node_id": "model.dbt_pg_tutorial.stg_customers"} */
drop view if exists "dbt_tutorial"."analytics_staging"."stg_customers__dbt_backup" cascade
[0m18:38:44.058994 [debug] [Thread-3 (]: SQL status: DROP VIEW in 0.019 seconds
[0m18:38:44.064997 [debug] [Thread-2 (]: On model.dbt_pg_tutorial.stg_orders: COMMIT
[0m18:38:44.086619 [debug] [Thread-3 (]: On model.dbt_pg_tutorial.stg_payments: Close
[0m18:38:44.090621 [debug] [Thread-1 (]: SQL status: DROP VIEW in 0.021 seconds
[0m18:38:44.108909 [debug] [Thread-2 (]: SQL status: COMMIT in 0.014 seconds
[0m18:38:44.123527 [debug] [Thread-1 (]: On model.dbt_pg_tutorial.stg_customers: Close
[0m18:38:44.131520 [debug] [Thread-3 (]: Sending event: {'category': 'dbt', 'action': 'run_model', 'label': '6ef60e57-9348-4d70-9bec-4cdeabb704c3', 'context': [<snowplow_tracker.self_describing_json.SelfDescribingJson object at 0x000001869B2E46E0>]}
[0m18:38:44.151098 [debug] [Thread-2 (]: Applying DROP to: "dbt_tutorial"."analytics_staging"."stg_orders__dbt_backup"
[0m18:38:44.158103 [debug] [Thread-1 (]: Sending event: {'category': 'dbt', 'action': 'run_model', 'label': '6ef60e57-9348-4d70-9bec-4cdeabb704c3', 'context': [<snowplow_tracker.self_describing_json.SelfDescribingJson object at 0x000001869B153500>]}
[0m18:38:44.166103 [info ] [Thread-3 (]: 3 of 3 OK created sql view model analytics_staging.stg_payments ................ [[32mCREATE VIEW[0m in 2.07s]
[0m18:38:44.176090 [debug] [Thread-2 (]: Using postgres connection "model.dbt_pg_tutorial.stg_orders"
[0m18:38:44.185095 [info ] [Thread-1 (]: 1 of 3 OK created sql view model analytics_staging.stg_customers ............... [[32mCREATE VIEW[0m in 2.14s]
[0m18:38:44.197099 [debug] [Thread-3 (]: Finished running node model.dbt_pg_tutorial.stg_payments
[0m18:38:44.205092 [debug] [Thread-2 (]: On model.dbt_pg_tutorial.stg_orders: /* {"app": "dbt", "dbt_version": "1.9.0", "profile_name": "dbt_pg_tutorial", "target_name": "dev", "node_id": "model.dbt_pg_tutorial.stg_orders"} */
drop view if exists "dbt_tutorial"."analytics_staging"."stg_orders__dbt_backup" cascade
[0m18:38:44.216091 [debug] [Thread-1 (]: Finished running node model.dbt_pg_tutorial.stg_customers
[0m18:38:44.236141 [debug] [Thread-2 (]: SQL status: DROP VIEW in 0.009 seconds
[0m18:38:44.247704 [debug] [Thread-2 (]: On model.dbt_pg_tutorial.stg_orders: Close
[0m18:38:44.254705 [debug] [Thread-2 (]: Sending event: {'category': 'dbt', 'action': 'run_model', 'label': '6ef60e57-9348-4d70-9bec-4cdeabb704c3', 'context': [<snowplow_tracker.self_describing_json.SelfDescribingJson object at 0x000001869B1C1340>]}
[0m18:38:44.262702 [info ] [Thread-2 (]: 2 of 3 OK created sql view model analytics_staging.stg_orders .................. [[32mCREATE VIEW[0m in 2.23s]
[0m18:38:44.271710 [debug] [Thread-2 (]: Finished running node model.dbt_pg_tutorial.stg_orders
[0m18:38:44.288726 [debug] [MainThread]: Using postgres connection "master"
[0m18:38:44.296709 [debug] [MainThread]: On master: BEGIN
[0m18:38:44.301752 [debug] [MainThread]: Opening a new connection, currently in state closed
[0m18:38:44.806086 [debug] [MainThread]: SQL status: BEGIN in 0.504 seconds
[0m18:38:44.811087 [debug] [MainThread]: On master: COMMIT
[0m18:38:44.816087 [debug] [MainThread]: Using postgres connection "master"
[0m18:38:44.820086 [debug] [MainThread]: On master: COMMIT
[0m18:38:44.826114 [debug] [MainThread]: SQL status: COMMIT in 0.001 seconds
[0m18:38:44.830111 [debug] [MainThread]: On master: Close
[0m18:38:44.836112 [debug] [MainThread]: Connection 'master' was properly closed.
[0m18:38:44.839637 [debug] [MainThread]: Connection 'list_dbt_tutorial' was properly closed.
[0m18:38:44.843671 [debug] [MainThread]: Connection 'list_dbt_tutorial_analytics_staging' was properly closed.
[0m18:38:44.848673 [debug] [MainThread]: Connection 'list_dbt_tutorial_analytics' was properly closed.
[0m18:38:44.853688 [debug] [MainThread]: Connection 'model.dbt_pg_tutorial.stg_customers' was properly closed.
[0m18:38:44.858676 [debug] [MainThread]: Connection 'model.dbt_pg_tutorial.stg_orders' was properly closed.
[0m18:38:44.861671 [debug] [MainThread]: Connection 'model.dbt_pg_tutorial.stg_payments' was properly closed.
[0m18:38:44.867707 [info ] [MainThread]: 
[0m18:38:44.874701 [info ] [MainThread]: Finished running 3 view models in 0 hours 0 minutes and 5.96 seconds (5.96s).
[0m18:38:44.888838 [debug] [MainThread]: Command end result
[0m18:38:45.140526 [debug] [MainThread]: Wrote artifact WritableManifest to C:\Users\kashv\dbt_workspace\dbt_pg_tutorial\target\manifest.json
[0m18:38:45.175388 [debug] [MainThread]: Wrote artifact SemanticManifest to C:\Users\kashv\dbt_workspace\dbt_pg_tutorial\target\semantic_manifest.json
[0m18:38:45.249187 [debug] [MainThread]: Wrote artifact RunExecutionResult to C:\Users\kashv\dbt_workspace\dbt_pg_tutorial\target\run_results.json
[0m18:38:45.253274 [info ] [MainThread]: 
[0m18:38:45.261326 [info ] [MainThread]: [32mCompleted successfully[0m
[0m18:38:45.267324 [info ] [MainThread]: 
[0m18:38:45.272325 [info ] [MainThread]: Done. PASS=3 WARN=0 ERROR=0 SKIP=0 TOTAL=3
[0m18:38:45.283922 [debug] [MainThread]: Command `dbt run` succeeded at 18:38:45.282903 after 23.44 seconds
[0m18:38:45.289814 [debug] [MainThread]: Sending event: {'category': 'dbt', 'action': 'invocation', 'label': 'end', 'context': [<snowplow_tracker.self_describing_json.SelfDescribingJson object at 0x000001869B297FE0>, <snowplow_tracker.self_describing_json.SelfDescribingJson object at 0x00000186965393D0>, <snowplow_tracker.self_describing_json.SelfDescribingJson object at 0x000001869B316ED0>]}
[0m18:38:45.294909 [debug] [MainThread]: Flushing usage events
[0m18:38:45.312958 [debug] [MainThread]: An error was encountered while trying to flush usage events
[0m18:39:14.737615 [debug] [MainThread]: Sending event: {'category': 'dbt', 'action': 'invocation', 'label': 'start', 'context': [<snowplow_tracker.self_describing_json.SelfDescribingJson object at 0x0000020DF5653CE0>, <snowplow_tracker.self_describing_json.SelfDescribingJson object at 0x0000020DF5653DA0>, <snowplow_tracker.self_describing_json.SelfDescribingJson object at 0x0000020DEFD6E5A0>]}


============================== 18:39:14.770850 | d081bcd7-6cb8-45d7-9a0b-6c6f3f9c0adb ==============================
[0m18:39:14.770850 [info ] [MainThread]: Running with dbt=1.9.0
[0m18:39:14.778166 [debug] [MainThread]: running dbt with arguments {'printer_width': '80', 'indirect_selection': 'eager', 'write_json': 'True', 'log_cache_events': 'False', 'partial_parse': 'True', 'cache_selected_only': 'False', 'warn_error': 'None', 'debug': 'False', 'fail_fast': 'False', 'log_path': 'C:\\Users\\kashv\\dbt_workspace\\dbt_pg_tutorial\\logs', 'version_check': 'True', 'profiles_dir': 'C:\\Users\\kashv\\.dbt', 'use_colors': 'True', 'use_experimental_parser': 'False', 'no_print': 'None', 'quiet': 'False', 'empty': 'False', 'log_format': 'default', 'static_parser': 'True', 'invocation_command': 'dbt run -m intermediate', 'warn_error_options': 'WarnErrorOptions(include=[], exclude=[])', 'target_path': 'None', 'introspect': 'True', 'send_anonymous_usage_stats': 'True'}
[0m18:39:16.295644 [debug] [MainThread]: Sending event: {'category': 'dbt', 'action': 'project_id', 'label': 'd081bcd7-6cb8-45d7-9a0b-6c6f3f9c0adb', 'context': [<snowplow_tracker.self_describing_json.SelfDescribingJson object at 0x0000020DF6124F50>]}
[0m18:39:16.741071 [debug] [MainThread]: Sending event: {'category': 'dbt', 'action': 'adapter_info', 'label': 'd081bcd7-6cb8-45d7-9a0b-6c6f3f9c0adb', 'context': [<snowplow_tracker.self_describing_json.SelfDescribingJson object at 0x0000020DF32C6480>]}
[0m18:39:16.753018 [info ] [MainThread]: Registered adapter: postgres=1.9.1
[0m18:39:19.570556 [debug] [MainThread]: checksum: c99e828bba267739642b5a3ce85f17518764ea526e0e6c4fdc649171c1a66bff, vars: {}, profile: , target: , version: 1.9.0
[0m18:39:21.159365 [debug] [MainThread]: Partial parsing enabled: 0 files deleted, 0 files added, 0 files changed.
[0m18:39:21.165215 [debug] [MainThread]: Partial parsing enabled, no changes found, skipping parsing
[0m18:39:21.469507 [debug] [MainThread]: Sending event: {'category': 'dbt', 'action': 'load_project', 'label': 'd081bcd7-6cb8-45d7-9a0b-6c6f3f9c0adb', 'context': [<snowplow_tracker.self_describing_json.SelfDescribingJson object at 0x0000020DF61271A0>]}
[0m18:39:22.150959 [debug] [MainThread]: Wrote artifact WritableManifest to C:\Users\kashv\dbt_workspace\dbt_pg_tutorial\target\manifest.json
[0m18:39:22.293420 [debug] [MainThread]: Wrote artifact SemanticManifest to C:\Users\kashv\dbt_workspace\dbt_pg_tutorial\target\semantic_manifest.json
[0m18:39:22.603623 [debug] [MainThread]: Sending event: {'category': 'dbt', 'action': 'resource_counts', 'label': 'd081bcd7-6cb8-45d7-9a0b-6c6f3f9c0adb', 'context': [<snowplow_tracker.self_describing_json.SelfDescribingJson object at 0x0000020DF771B410>]}
[0m18:39:22.609616 [info ] [MainThread]: Found 6 models, 2 data tests, 3 sources, 434 macros
[0m18:39:22.616566 [debug] [MainThread]: Sending event: {'category': 'dbt', 'action': 'runnable_timing', 'label': 'd081bcd7-6cb8-45d7-9a0b-6c6f3f9c0adb', 'context': [<snowplow_tracker.self_describing_json.SelfDescribingJson object at 0x0000020DF6319100>]}
[0m18:39:22.629058 [info ] [MainThread]: 
[0m18:39:22.636221 [info ] [MainThread]: Concurrency: 4 threads (target='dev')
[0m18:39:22.644140 [info ] [MainThread]: 
[0m18:39:22.652076 [debug] [MainThread]: Acquiring new postgres connection 'master'
[0m18:39:22.668219 [debug] [ThreadPool]: Acquiring new postgres connection 'list_dbt_tutorial'
[0m18:39:23.620640 [debug] [ThreadPool]: Using postgres connection "list_dbt_tutorial"
[0m18:39:23.624637 [debug] [ThreadPool]: On list_dbt_tutorial: /* {"app": "dbt", "dbt_version": "1.9.0", "profile_name": "dbt_pg_tutorial", "target_name": "dev", "connection_name": "list_dbt_tutorial"} */

    select distinct nspname from pg_namespace
  
[0m18:39:23.629989 [debug] [ThreadPool]: Opening a new connection, currently in state init
[0m18:39:24.178661 [debug] [ThreadPool]: SQL status: SELECT 9 in 0.549 seconds
[0m18:39:24.189744 [debug] [ThreadPool]: On list_dbt_tutorial: Close
[0m18:39:24.227328 [debug] [ThreadPool]: Acquiring new postgres connection 'list_dbt_tutorial_analytics'
[0m18:39:24.233325 [debug] [ThreadPool]: Acquiring new postgres connection 'list_dbt_tutorial_analytics_staging'
[0m18:39:24.274359 [debug] [ThreadPool]: Using postgres connection "list_dbt_tutorial_analytics"
[0m18:39:24.287841 [debug] [ThreadPool]: Using postgres connection "list_dbt_tutorial_analytics_staging"
[0m18:39:24.291878 [debug] [ThreadPool]: On list_dbt_tutorial_analytics: BEGIN
[0m18:39:24.296997 [debug] [ThreadPool]: On list_dbt_tutorial_analytics_staging: BEGIN
[0m18:39:24.302764 [debug] [ThreadPool]: Opening a new connection, currently in state init
[0m18:39:24.307323 [debug] [ThreadPool]: Opening a new connection, currently in state init
[0m18:39:24.790678 [debug] [ThreadPool]: SQL status: BEGIN in 0.488 seconds
[0m18:39:24.795232 [debug] [ThreadPool]: Using postgres connection "list_dbt_tutorial_analytics"
[0m18:39:24.800233 [debug] [ThreadPool]: On list_dbt_tutorial_analytics: /* {"app": "dbt", "dbt_version": "1.9.0", "profile_name": "dbt_pg_tutorial", "target_name": "dev", "connection_name": "list_dbt_tutorial_analytics"} */
select
      'dbt_tutorial' as database,
      tablename as name,
      schemaname as schema,
      'table' as type
    from pg_tables
    where schemaname ilike 'analytics'
    union all
    select
      'dbt_tutorial' as database,
      viewname as name,
      schemaname as schema,
      'view' as type
    from pg_views
    where schemaname ilike 'analytics'
    union all
    select
      'dbt_tutorial' as database,
      matviewname as name,
      schemaname as schema,
      'materialized_view' as type
    from pg_matviews
    where schemaname ilike 'analytics'
  
[0m18:39:24.828873 [debug] [ThreadPool]: SQL status: SELECT 0 in 0.024 seconds
[0m18:39:24.840888 [debug] [ThreadPool]: On list_dbt_tutorial_analytics: ROLLBACK
[0m18:39:24.846875 [debug] [ThreadPool]: On list_dbt_tutorial_analytics: Close
[0m18:39:24.859879 [debug] [ThreadPool]: SQL status: BEGIN in 0.552 seconds
[0m18:39:24.864880 [debug] [ThreadPool]: Using postgres connection "list_dbt_tutorial_analytics_staging"
[0m18:39:24.869874 [debug] [ThreadPool]: On list_dbt_tutorial_analytics_staging: /* {"app": "dbt", "dbt_version": "1.9.0", "profile_name": "dbt_pg_tutorial", "target_name": "dev", "connection_name": "list_dbt_tutorial_analytics_staging"} */
select
      'dbt_tutorial' as database,
      tablename as name,
      schemaname as schema,
      'table' as type
    from pg_tables
    where schemaname ilike 'analytics_staging'
    union all
    select
      'dbt_tutorial' as database,
      viewname as name,
      schemaname as schema,
      'view' as type
    from pg_views
    where schemaname ilike 'analytics_staging'
    union all
    select
      'dbt_tutorial' as database,
      matviewname as name,
      schemaname as schema,
      'materialized_view' as type
    from pg_matviews
    where schemaname ilike 'analytics_staging'
  
[0m18:39:24.898903 [debug] [ThreadPool]: SQL status: SELECT 3 in 0.024 seconds
[0m18:39:24.910007 [debug] [ThreadPool]: On list_dbt_tutorial_analytics_staging: ROLLBACK
[0m18:39:24.916525 [debug] [ThreadPool]: On list_dbt_tutorial_analytics_staging: Close
[0m18:39:24.957684 [debug] [MainThread]: Using postgres connection "master"
[0m18:39:24.963683 [debug] [MainThread]: On master: BEGIN
[0m18:39:24.968692 [debug] [MainThread]: Opening a new connection, currently in state init
[0m18:39:25.472194 [debug] [MainThread]: SQL status: BEGIN in 0.504 seconds
[0m18:39:25.476191 [debug] [MainThread]: Using postgres connection "master"
[0m18:39:25.482194 [debug] [MainThread]: On master: /* {"app": "dbt", "dbt_version": "1.9.0", "profile_name": "dbt_pg_tutorial", "target_name": "dev", "connection_name": "master"} */
select distinct
        dependent_namespace.nspname as dependent_schema,
        dependent_class.relname as dependent_name,
        referenced_namespace.nspname as referenced_schema,
        referenced_class.relname as referenced_name

    -- Query for views: views are entries in pg_class with an entry in pg_rewrite, but we avoid
    -- a seq scan on pg_rewrite by leveraging the fact there is an "internal" row in pg_depend for
    -- the view...
    from pg_class as dependent_class
    join pg_namespace as dependent_namespace on dependent_namespace.oid = dependent_class.relnamespace
    join pg_depend as dependent_depend on dependent_depend.refobjid = dependent_class.oid
        and dependent_depend.classid = 'pg_rewrite'::regclass
        and dependent_depend.refclassid = 'pg_class'::regclass
        and dependent_depend.deptype = 'i'

    -- ... and via pg_depend (that has a row per column, hence the need for "distinct" above, and
    -- making sure to exclude the internal row to avoid a view appearing to depend on itself)...
    join pg_depend as joining_depend on joining_depend.objid = dependent_depend.objid
        and joining_depend.classid = 'pg_rewrite'::regclass
        and joining_depend.refclassid = 'pg_class'::regclass
        and joining_depend.refobjid != dependent_depend.refobjid

    -- ... we can find the tables they query from in pg_class, but excluding system tables. Note we
    -- don't need need to exclude _dependent_ system tables, because they only query from other
    -- system tables, and so are automatically excluded by excluding _referenced_ system tables
    join pg_class as referenced_class on referenced_class.oid = joining_depend.refobjid
    join pg_namespace as referenced_namespace on referenced_namespace.oid = referenced_class.relnamespace
        and referenced_namespace.nspname != 'information_schema'
        and referenced_namespace.nspname not like 'pg\_%'

    order by
        dependent_schema, dependent_name, referenced_schema, referenced_name;
[0m18:39:25.515778 [debug] [MainThread]: SQL status: SELECT 3 in 0.029 seconds
[0m18:39:25.526780 [debug] [MainThread]: Sending event: {'category': 'dbt', 'action': 'runnable_timing', 'label': 'd081bcd7-6cb8-45d7-9a0b-6c6f3f9c0adb', 'context': [<snowplow_tracker.self_describing_json.SelfDescribingJson object at 0x0000020DF7C27DA0>]}
[0m18:39:25.532784 [debug] [MainThread]: On master: ROLLBACK
[0m18:39:25.537781 [debug] [MainThread]: Using postgres connection "master"
[0m18:39:25.542783 [debug] [MainThread]: On master: BEGIN
[0m18:39:25.548779 [debug] [MainThread]: SQL status: BEGIN in 0.002 seconds
[0m18:39:25.553781 [debug] [MainThread]: On master: COMMIT
[0m18:39:25.557778 [debug] [MainThread]: Using postgres connection "master"
[0m18:39:25.562785 [debug] [MainThread]: On master: COMMIT
[0m18:39:25.567778 [debug] [MainThread]: SQL status: COMMIT in 0.001 seconds
[0m18:39:25.571780 [debug] [MainThread]: On master: Close
[0m18:39:25.596804 [debug] [Thread-1 (]: Began running node model.dbt_pg_tutorial.int_order_payments
[0m18:39:25.602803 [info ] [Thread-1 (]: 1 of 1 START sql view model analytics.int_order_payments ....................... [RUN]
[0m18:39:25.611362 [debug] [Thread-1 (]: Acquiring new postgres connection 'model.dbt_pg_tutorial.int_order_payments'
[0m18:39:25.617361 [debug] [Thread-1 (]: Began compiling node model.dbt_pg_tutorial.int_order_payments
[0m18:39:25.678363 [debug] [Thread-1 (]: Writing injected SQL for node "model.dbt_pg_tutorial.int_order_payments"
[0m18:39:25.725998 [debug] [Thread-1 (]: Began executing node model.dbt_pg_tutorial.int_order_payments
[0m18:39:25.980782 [debug] [Thread-1 (]: Writing runtime sql for node "model.dbt_pg_tutorial.int_order_payments"
[0m18:39:26.028114 [debug] [Thread-1 (]: Using postgres connection "model.dbt_pg_tutorial.int_order_payments"
[0m18:39:26.033217 [debug] [Thread-1 (]: On model.dbt_pg_tutorial.int_order_payments: BEGIN
[0m18:39:26.037286 [debug] [Thread-1 (]: Opening a new connection, currently in state init
[0m18:39:26.512656 [debug] [Thread-1 (]: SQL status: BEGIN in 0.476 seconds
[0m18:39:26.519657 [debug] [Thread-1 (]: Using postgres connection "model.dbt_pg_tutorial.int_order_payments"
[0m18:39:26.523476 [debug] [Thread-1 (]: On model.dbt_pg_tutorial.int_order_payments: /* {"app": "dbt", "dbt_version": "1.9.0", "profile_name": "dbt_pg_tutorial", "target_name": "dev", "node_id": "model.dbt_pg_tutorial.int_order_payments"} */

  create view "dbt_tutorial"."analytics"."int_order_payments__dbt_tmp"
    
    
  as (
    

with payments as (
    select
        order_id,
        sum(amount) as total_paid,
        count(*)    as payment_count
    from "dbt_tutorial"."analytics_staging"."stg_payments"
    group by 1
)

select
    o.order_id,
    o.customer_id,
    o.order_timestamp,
    o.status,
    o.total_amount,
    coalesce(p.total_paid, 0)   as total_paid,
    coalesce(p.payment_count, 0) as payment_count,
    (o.total_amount - coalesce(p.total_paid, 0)) as outstanding_amount
from "dbt_tutorial"."analytics_staging"."stg_orders" o
left join payments p on o.order_id = p.order_id
  );
[0m18:39:26.537502 [debug] [Thread-1 (]: SQL status: CREATE VIEW in 0.023 seconds
[0m18:39:26.596761 [debug] [Thread-1 (]: Using postgres connection "model.dbt_pg_tutorial.int_order_payments"
[0m18:39:26.604574 [debug] [Thread-1 (]: On model.dbt_pg_tutorial.int_order_payments: /* {"app": "dbt", "dbt_version": "1.9.0", "profile_name": "dbt_pg_tutorial", "target_name": "dev", "node_id": "model.dbt_pg_tutorial.int_order_payments"} */
alter table "dbt_tutorial"."analytics"."int_order_payments__dbt_tmp" rename to "int_order_payments"
[0m18:39:26.612166 [debug] [Thread-1 (]: SQL status: ALTER TABLE in 0.003 seconds
[0m18:39:26.712343 [debug] [Thread-1 (]: On model.dbt_pg_tutorial.int_order_payments: COMMIT
[0m18:39:26.712343 [debug] [Thread-1 (]: Using postgres connection "model.dbt_pg_tutorial.int_order_payments"
[0m18:39:26.712343 [debug] [Thread-1 (]: On model.dbt_pg_tutorial.int_order_payments: COMMIT
[0m18:39:26.728255 [debug] [Thread-1 (]: SQL status: COMMIT in 0.003 seconds
[0m18:39:26.780493 [debug] [Thread-1 (]: Applying DROP to: "dbt_tutorial"."analytics"."int_order_payments__dbt_backup"
[0m18:39:26.821586 [debug] [Thread-1 (]: Using postgres connection "model.dbt_pg_tutorial.int_order_payments"
[0m18:39:26.825860 [debug] [Thread-1 (]: On model.dbt_pg_tutorial.int_order_payments: /* {"app": "dbt", "dbt_version": "1.9.0", "profile_name": "dbt_pg_tutorial", "target_name": "dev", "node_id": "model.dbt_pg_tutorial.int_order_payments"} */
drop view if exists "dbt_tutorial"."analytics"."int_order_payments__dbt_backup" cascade
[0m18:39:26.833867 [debug] [Thread-1 (]: SQL status: DROP VIEW in 0.002 seconds
[0m18:39:26.850985 [debug] [Thread-1 (]: On model.dbt_pg_tutorial.int_order_payments: Close
[0m18:39:26.869799 [debug] [Thread-1 (]: Sending event: {'category': 'dbt', 'action': 'run_model', 'label': 'd081bcd7-6cb8-45d7-9a0b-6c6f3f9c0adb', 'context': [<snowplow_tracker.self_describing_json.SelfDescribingJson object at 0x0000020DF31EBC50>]}
[0m18:39:26.878016 [info ] [Thread-1 (]: 1 of 1 OK created sql view model analytics.int_order_payments .................. [[32mCREATE VIEW[0m in 1.25s]
[0m18:39:26.889693 [debug] [Thread-1 (]: Finished running node model.dbt_pg_tutorial.int_order_payments
[0m18:39:26.905481 [debug] [MainThread]: Using postgres connection "master"
[0m18:39:26.910595 [debug] [MainThread]: On master: BEGIN
[0m18:39:26.914742 [debug] [MainThread]: Opening a new connection, currently in state closed
[0m18:39:27.390118 [debug] [MainThread]: SQL status: BEGIN in 0.475 seconds
[0m18:39:27.395019 [debug] [MainThread]: On master: COMMIT
[0m18:39:27.398966 [debug] [MainThread]: Using postgres connection "master"
[0m18:39:27.402723 [debug] [MainThread]: On master: COMMIT
[0m18:39:27.409420 [debug] [MainThread]: SQL status: COMMIT in 0.001 seconds
[0m18:39:27.413346 [debug] [MainThread]: On master: Close
[0m18:39:27.418055 [debug] [MainThread]: Connection 'master' was properly closed.
[0m18:39:27.422671 [debug] [MainThread]: Connection 'list_dbt_tutorial' was properly closed.
[0m18:39:27.426974 [debug] [MainThread]: Connection 'list_dbt_tutorial_analytics' was properly closed.
[0m18:39:27.431057 [debug] [MainThread]: Connection 'list_dbt_tutorial_analytics_staging' was properly closed.
[0m18:39:27.437719 [debug] [MainThread]: Connection 'model.dbt_pg_tutorial.int_order_payments' was properly closed.
[0m18:39:27.443568 [info ] [MainThread]: 
[0m18:39:27.450424 [info ] [MainThread]: Finished running 1 view model in 0 hours 0 minutes and 4.79 seconds (4.79s).
[0m18:39:27.460410 [debug] [MainThread]: Command end result
[0m18:39:27.708814 [debug] [MainThread]: Wrote artifact WritableManifest to C:\Users\kashv\dbt_workspace\dbt_pg_tutorial\target\manifest.json
[0m18:39:27.743577 [debug] [MainThread]: Wrote artifact SemanticManifest to C:\Users\kashv\dbt_workspace\dbt_pg_tutorial\target\semantic_manifest.json
[0m18:39:27.804691 [debug] [MainThread]: Wrote artifact RunExecutionResult to C:\Users\kashv\dbt_workspace\dbt_pg_tutorial\target\run_results.json
[0m18:39:27.808828 [info ] [MainThread]: 
[0m18:39:27.815728 [info ] [MainThread]: [32mCompleted successfully[0m
[0m18:39:27.821585 [info ] [MainThread]: 
[0m18:39:27.828610 [info ] [MainThread]: Done. PASS=1 WARN=0 ERROR=0 SKIP=0 TOTAL=1
[0m18:39:27.839668 [debug] [MainThread]: Command `dbt run` succeeded at 18:39:27.838604 after 14.22 seconds
[0m18:39:27.844583 [debug] [MainThread]: Sending event: {'category': 'dbt', 'action': 'invocation', 'label': 'end', 'context': [<snowplow_tracker.self_describing_json.SelfDescribingJson object at 0x0000020DF5E82C30>, <snowplow_tracker.self_describing_json.SelfDescribingJson object at 0x0000020DF60BF890>, <snowplow_tracker.self_describing_json.SelfDescribingJson object at 0x0000020DF3020380>]}
[0m18:39:27.849584 [debug] [MainThread]: Flushing usage events
[0m18:39:27.867226 [debug] [MainThread]: An error was encountered while trying to flush usage events
[0m18:40:11.576604 [debug] [MainThread]: Sending event: {'category': 'dbt', 'action': 'invocation', 'label': 'start', 'context': [<snowplow_tracker.self_describing_json.SelfDescribingJson object at 0x00000212C7A4AFC0>, <snowplow_tracker.self_describing_json.SelfDescribingJson object at 0x00000212C7A4ADE0>, <snowplow_tracker.self_describing_json.SelfDescribingJson object at 0x00000212C7A4BAD0>]}


============================== 18:40:11.633909 | bd592abb-7610-4a37-a684-6f6e9a5c9e7d ==============================
[0m18:40:11.633909 [info ] [MainThread]: Running with dbt=1.9.0
[0m18:40:11.646514 [debug] [MainThread]: running dbt with arguments {'printer_width': '80', 'indirect_selection': 'eager', 'write_json': 'True', 'log_cache_events': 'False', 'partial_parse': 'True', 'cache_selected_only': 'False', 'warn_error': 'None', 'debug': 'False', 'fail_fast': 'False', 'log_path': 'C:\\Users\\kashv\\dbt_workspace\\dbt_pg_tutorial\\logs', 'version_check': 'True', 'profiles_dir': 'C:\\Users\\kashv\\.dbt', 'use_colors': 'True', 'use_experimental_parser': 'False', 'no_print': 'None', 'quiet': 'False', 'empty': 'False', 'warn_error_options': 'WarnErrorOptions(include=[], exclude=[])', 'invocation_command': 'dbt run -m intermediate', 'introspect': 'True', 'log_format': 'default', 'target_path': 'None', 'static_parser': 'True', 'send_anonymous_usage_stats': 'True'}
[0m18:40:14.270644 [debug] [MainThread]: Sending event: {'category': 'dbt', 'action': 'project_id', 'label': 'bd592abb-7610-4a37-a684-6f6e9a5c9e7d', 'context': [<snowplow_tracker.self_describing_json.SelfDescribingJson object at 0x00000212C7F6BCB0>]}
[0m18:40:14.933311 [debug] [MainThread]: Sending event: {'category': 'dbt', 'action': 'adapter_info', 'label': 'bd592abb-7610-4a37-a684-6f6e9a5c9e7d', 'context': [<snowplow_tracker.self_describing_json.SelfDescribingJson object at 0x00000212C5461D60>]}
[0m18:40:14.954654 [info ] [MainThread]: Registered adapter: postgres=1.9.1
[0m18:40:21.712353 [debug] [MainThread]: checksum: c99e828bba267739642b5a3ce85f17518764ea526e0e6c4fdc649171c1a66bff, vars: {}, profile: , target: , version: 1.9.0
[0m18:40:24.323069 [debug] [MainThread]: Partial parsing enabled: 0 files deleted, 0 files added, 0 files changed.
[0m18:40:24.330065 [debug] [MainThread]: Partial parsing enabled, no changes found, skipping parsing
[0m18:40:24.750454 [debug] [MainThread]: Sending event: {'category': 'dbt', 'action': 'load_project', 'label': 'bd592abb-7610-4a37-a684-6f6e9a5c9e7d', 'context': [<snowplow_tracker.self_describing_json.SelfDescribingJson object at 0x00000212C7FB72F0>]}
[0m18:40:25.641697 [debug] [MainThread]: Wrote artifact WritableManifest to C:\Users\kashv\dbt_workspace\dbt_pg_tutorial\target\manifest.json
[0m18:40:25.840362 [debug] [MainThread]: Wrote artifact SemanticManifest to C:\Users\kashv\dbt_workspace\dbt_pg_tutorial\target\semantic_manifest.json
[0m18:40:26.270316 [debug] [MainThread]: Sending event: {'category': 'dbt', 'action': 'resource_counts', 'label': 'bd592abb-7610-4a37-a684-6f6e9a5c9e7d', 'context': [<snowplow_tracker.self_describing_json.SelfDescribingJson object at 0x00000212C94ABB00>]}
[0m18:40:26.303732 [info ] [MainThread]: Found 6 models, 2 data tests, 3 sources, 434 macros
[0m18:40:26.314595 [debug] [MainThread]: Sending event: {'category': 'dbt', 'action': 'runnable_timing', 'label': 'bd592abb-7610-4a37-a684-6f6e9a5c9e7d', 'context': [<snowplow_tracker.self_describing_json.SelfDescribingJson object at 0x00000212C90A8A10>]}
[0m18:40:26.333585 [info ] [MainThread]: 
[0m18:40:26.344256 [info ] [MainThread]: Concurrency: 4 threads (target='dev')
[0m18:40:26.353236 [info ] [MainThread]: 
[0m18:40:26.363235 [debug] [MainThread]: Acquiring new postgres connection 'master'
[0m18:40:26.384871 [debug] [ThreadPool]: Acquiring new postgres connection 'list_dbt_tutorial'
[0m18:40:28.182033 [debug] [ThreadPool]: Using postgres connection "list_dbt_tutorial"
[0m18:40:28.188013 [debug] [ThreadPool]: On list_dbt_tutorial: /* {"app": "dbt", "dbt_version": "1.9.0", "profile_name": "dbt_pg_tutorial", "target_name": "dev", "connection_name": "list_dbt_tutorial"} */

    select distinct nspname from pg_namespace
  
[0m18:40:28.195708 [debug] [ThreadPool]: Opening a new connection, currently in state init
[0m18:40:28.983172 [debug] [ThreadPool]: SQL status: SELECT 9 in 0.787 seconds
[0m18:40:28.997999 [debug] [ThreadPool]: On list_dbt_tutorial: Close
[0m18:40:29.046614 [debug] [ThreadPool]: Acquiring new postgres connection 'list_dbt_tutorial_analytics_staging'
[0m18:40:29.054555 [debug] [ThreadPool]: Acquiring new postgres connection 'list_dbt_tutorial_analytics'
[0m18:40:29.111546 [debug] [ThreadPool]: Using postgres connection "list_dbt_tutorial_analytics_staging"
[0m18:40:29.131462 [debug] [ThreadPool]: Using postgres connection "list_dbt_tutorial_analytics"
[0m18:40:29.139493 [debug] [ThreadPool]: On list_dbt_tutorial_analytics_staging: BEGIN
[0m18:40:29.147211 [debug] [ThreadPool]: On list_dbt_tutorial_analytics: BEGIN
[0m18:40:29.153217 [debug] [ThreadPool]: Opening a new connection, currently in state init
[0m18:40:29.159171 [debug] [ThreadPool]: Opening a new connection, currently in state init
[0m18:40:29.697218 [debug] [ThreadPool]: SQL status: BEGIN in 0.544 seconds
[0m18:40:29.704223 [debug] [ThreadPool]: Using postgres connection "list_dbt_tutorial_analytics_staging"
[0m18:40:29.711219 [debug] [ThreadPool]: On list_dbt_tutorial_analytics_staging: /* {"app": "dbt", "dbt_version": "1.9.0", "profile_name": "dbt_pg_tutorial", "target_name": "dev", "connection_name": "list_dbt_tutorial_analytics_staging"} */
select
      'dbt_tutorial' as database,
      tablename as name,
      schemaname as schema,
      'table' as type
    from pg_tables
    where schemaname ilike 'analytics_staging'
    union all
    select
      'dbt_tutorial' as database,
      viewname as name,
      schemaname as schema,
      'view' as type
    from pg_views
    where schemaname ilike 'analytics_staging'
    union all
    select
      'dbt_tutorial' as database,
      matviewname as name,
      schemaname as schema,
      'materialized_view' as type
    from pg_matviews
    where schemaname ilike 'analytics_staging'
  
[0m18:40:29.745082 [debug] [ThreadPool]: SQL status: SELECT 3 in 0.027 seconds
[0m18:40:29.761174 [debug] [ThreadPool]: On list_dbt_tutorial_analytics_staging: ROLLBACK
[0m18:40:29.770228 [debug] [ThreadPool]: On list_dbt_tutorial_analytics_staging: Close
[0m18:40:29.812753 [debug] [ThreadPool]: SQL status: BEGIN in 0.654 seconds
[0m18:40:29.820731 [debug] [ThreadPool]: Using postgres connection "list_dbt_tutorial_analytics"
[0m18:40:29.827794 [debug] [ThreadPool]: On list_dbt_tutorial_analytics: /* {"app": "dbt", "dbt_version": "1.9.0", "profile_name": "dbt_pg_tutorial", "target_name": "dev", "connection_name": "list_dbt_tutorial_analytics"} */
select
      'dbt_tutorial' as database,
      tablename as name,
      schemaname as schema,
      'table' as type
    from pg_tables
    where schemaname ilike 'analytics'
    union all
    select
      'dbt_tutorial' as database,
      viewname as name,
      schemaname as schema,
      'view' as type
    from pg_views
    where schemaname ilike 'analytics'
    union all
    select
      'dbt_tutorial' as database,
      matviewname as name,
      schemaname as schema,
      'materialized_view' as type
    from pg_matviews
    where schemaname ilike 'analytics'
  
[0m18:40:29.860821 [debug] [ThreadPool]: SQL status: SELECT 1 in 0.027 seconds
[0m18:40:29.878804 [debug] [ThreadPool]: On list_dbt_tutorial_analytics: ROLLBACK
[0m18:40:29.888753 [debug] [ThreadPool]: On list_dbt_tutorial_analytics: Close
[0m18:40:29.943073 [debug] [MainThread]: Using postgres connection "master"
[0m18:40:29.950077 [debug] [MainThread]: On master: BEGIN
[0m18:40:29.957107 [debug] [MainThread]: Opening a new connection, currently in state init
[0m18:40:30.776702 [debug] [MainThread]: SQL status: BEGIN in 0.819 seconds
[0m18:40:30.783643 [debug] [MainThread]: Using postgres connection "master"
[0m18:40:30.791695 [debug] [MainThread]: On master: /* {"app": "dbt", "dbt_version": "1.9.0", "profile_name": "dbt_pg_tutorial", "target_name": "dev", "connection_name": "master"} */
select distinct
        dependent_namespace.nspname as dependent_schema,
        dependent_class.relname as dependent_name,
        referenced_namespace.nspname as referenced_schema,
        referenced_class.relname as referenced_name

    -- Query for views: views are entries in pg_class with an entry in pg_rewrite, but we avoid
    -- a seq scan on pg_rewrite by leveraging the fact there is an "internal" row in pg_depend for
    -- the view...
    from pg_class as dependent_class
    join pg_namespace as dependent_namespace on dependent_namespace.oid = dependent_class.relnamespace
    join pg_depend as dependent_depend on dependent_depend.refobjid = dependent_class.oid
        and dependent_depend.classid = 'pg_rewrite'::regclass
        and dependent_depend.refclassid = 'pg_class'::regclass
        and dependent_depend.deptype = 'i'

    -- ... and via pg_depend (that has a row per column, hence the need for "distinct" above, and
    -- making sure to exclude the internal row to avoid a view appearing to depend on itself)...
    join pg_depend as joining_depend on joining_depend.objid = dependent_depend.objid
        and joining_depend.classid = 'pg_rewrite'::regclass
        and joining_depend.refclassid = 'pg_class'::regclass
        and joining_depend.refobjid != dependent_depend.refobjid

    -- ... we can find the tables they query from in pg_class, but excluding system tables. Note we
    -- don't need need to exclude _dependent_ system tables, because they only query from other
    -- system tables, and so are automatically excluded by excluding _referenced_ system tables
    join pg_class as referenced_class on referenced_class.oid = joining_depend.refobjid
    join pg_namespace as referenced_namespace on referenced_namespace.oid = referenced_class.relnamespace
        and referenced_namespace.nspname != 'information_schema'
        and referenced_namespace.nspname not like 'pg\_%'

    order by
        dependent_schema, dependent_name, referenced_schema, referenced_name;
[0m18:40:30.844286 [debug] [MainThread]: SQL status: SELECT 5 in 0.044 seconds
[0m18:40:30.863307 [debug] [MainThread]: Sending event: {'category': 'dbt', 'action': 'runnable_timing', 'label': 'bd592abb-7610-4a37-a684-6f6e9a5c9e7d', 'context': [<snowplow_tracker.self_describing_json.SelfDescribingJson object at 0x00000212C5116570>]}
[0m18:40:30.871309 [debug] [MainThread]: On master: ROLLBACK
[0m18:40:30.880912 [debug] [MainThread]: Using postgres connection "master"
[0m18:40:30.888491 [debug] [MainThread]: On master: BEGIN
[0m18:40:30.900045 [debug] [MainThread]: SQL status: BEGIN in 0.003 seconds
[0m18:40:30.907043 [debug] [MainThread]: On master: COMMIT
[0m18:40:30.913046 [debug] [MainThread]: Using postgres connection "master"
[0m18:40:30.920045 [debug] [MainThread]: On master: COMMIT
[0m18:40:30.928044 [debug] [MainThread]: SQL status: COMMIT in 0.002 seconds
[0m18:40:30.935045 [debug] [MainThread]: On master: Close
[0m18:40:30.963078 [debug] [Thread-1 (]: Began running node model.dbt_pg_tutorial.int_order_payments
[0m18:40:30.972072 [info ] [Thread-1 (]: 1 of 1 START sql view model analytics.int_order_payments ....................... [RUN]
[0m18:40:30.983322 [debug] [Thread-1 (]: Acquiring new postgres connection 'model.dbt_pg_tutorial.int_order_payments'
[0m18:40:30.992352 [debug] [Thread-1 (]: Began compiling node model.dbt_pg_tutorial.int_order_payments
[0m18:40:31.069568 [debug] [Thread-1 (]: Writing injected SQL for node "model.dbt_pg_tutorial.int_order_payments"
[0m18:40:31.128514 [debug] [Thread-1 (]: Began executing node model.dbt_pg_tutorial.int_order_payments
[0m18:40:31.478946 [debug] [Thread-1 (]: Writing runtime sql for node "model.dbt_pg_tutorial.int_order_payments"
[0m18:40:31.538245 [debug] [Thread-1 (]: Using postgres connection "model.dbt_pg_tutorial.int_order_payments"
[0m18:40:31.547240 [debug] [Thread-1 (]: On model.dbt_pg_tutorial.int_order_payments: BEGIN
[0m18:40:31.556239 [debug] [Thread-1 (]: Opening a new connection, currently in state init
[0m18:40:32.176431 [debug] [Thread-1 (]: SQL status: BEGIN in 0.620 seconds
[0m18:40:32.184304 [debug] [Thread-1 (]: Using postgres connection "model.dbt_pg_tutorial.int_order_payments"
[0m18:40:32.193392 [debug] [Thread-1 (]: On model.dbt_pg_tutorial.int_order_payments: /* {"app": "dbt", "dbt_version": "1.9.0", "profile_name": "dbt_pg_tutorial", "target_name": "dev", "node_id": "model.dbt_pg_tutorial.int_order_payments"} */

  create view "dbt_tutorial"."analytics"."int_order_payments__dbt_tmp"
    
    
  as (
    

with payments as (
    select
        order_id,
        sum(amount) as total_paid,
        count(*)    as payment_count
    from "dbt_tutorial"."analytics_staging"."stg_payments"
    group by 1
)

select
    o.order_id,
    o.customer_id,
    o.order_timestamp,
    o.status,
    o.total_amount,
    coalesce(p.total_paid, 0)   as total_paid,
    coalesce(p.payment_count, 0) as payment_count,
    (o.total_amount - coalesce(p.total_paid, 0)) as outstanding_amount
from "dbt_tutorial"."analytics_staging"."stg_orders" o
left join payments p on o.order_id = p.order_id
  );
[0m18:40:32.236026 [debug] [Thread-1 (]: SQL status: CREATE VIEW in 0.032 seconds
[0m18:40:32.306620 [debug] [Thread-1 (]: Using postgres connection "model.dbt_pg_tutorial.int_order_payments"
[0m18:40:32.314614 [debug] [Thread-1 (]: On model.dbt_pg_tutorial.int_order_payments: /* {"app": "dbt", "dbt_version": "1.9.0", "profile_name": "dbt_pg_tutorial", "target_name": "dev", "node_id": "model.dbt_pg_tutorial.int_order_payments"} */
alter table "dbt_tutorial"."analytics"."int_order_payments" rename to "int_order_payments__dbt_backup"
[0m18:40:32.327619 [debug] [Thread-1 (]: SQL status: ALTER TABLE in 0.004 seconds
[0m18:40:32.359739 [debug] [Thread-1 (]: Using postgres connection "model.dbt_pg_tutorial.int_order_payments"
[0m18:40:32.367741 [debug] [Thread-1 (]: On model.dbt_pg_tutorial.int_order_payments: /* {"app": "dbt", "dbt_version": "1.9.0", "profile_name": "dbt_pg_tutorial", "target_name": "dev", "node_id": "model.dbt_pg_tutorial.int_order_payments"} */
alter table "dbt_tutorial"."analytics"."int_order_payments__dbt_tmp" rename to "int_order_payments"
[0m18:40:32.380744 [debug] [Thread-1 (]: SQL status: ALTER TABLE in 0.003 seconds
[0m18:40:32.557792 [debug] [Thread-1 (]: On model.dbt_pg_tutorial.int_order_payments: COMMIT
[0m18:40:32.565794 [debug] [Thread-1 (]: Using postgres connection "model.dbt_pg_tutorial.int_order_payments"
[0m18:40:32.574791 [debug] [Thread-1 (]: On model.dbt_pg_tutorial.int_order_payments: COMMIT
[0m18:40:32.595866 [debug] [Thread-1 (]: SQL status: COMMIT in 0.008 seconds
[0m18:40:32.684652 [debug] [Thread-1 (]: Applying DROP to: "dbt_tutorial"."analytics"."int_order_payments__dbt_backup"
[0m18:40:32.746385 [debug] [Thread-1 (]: Using postgres connection "model.dbt_pg_tutorial.int_order_payments"
[0m18:40:32.754384 [debug] [Thread-1 (]: On model.dbt_pg_tutorial.int_order_payments: /* {"app": "dbt", "dbt_version": "1.9.0", "profile_name": "dbt_pg_tutorial", "target_name": "dev", "node_id": "model.dbt_pg_tutorial.int_order_payments"} */
drop view if exists "dbt_tutorial"."analytics"."int_order_payments__dbt_backup" cascade
[0m18:40:32.773592 [debug] [Thread-1 (]: SQL status: DROP VIEW in 0.011 seconds
[0m18:40:32.800438 [debug] [Thread-1 (]: On model.dbt_pg_tutorial.int_order_payments: Close
[0m18:40:32.826554 [debug] [Thread-1 (]: Sending event: {'category': 'dbt', 'action': 'run_model', 'label': 'bd592abb-7610-4a37-a684-6f6e9a5c9e7d', 'context': [<snowplow_tracker.self_describing_json.SelfDescribingJson object at 0x00000212C9A7ABA0>]}
[0m18:40:32.837553 [info ] [Thread-1 (]: 1 of 1 OK created sql view model analytics.int_order_payments .................. [[32mCREATE VIEW[0m in 1.83s]
[0m18:40:32.850551 [debug] [Thread-1 (]: Finished running node model.dbt_pg_tutorial.int_order_payments
[0m18:40:32.868119 [debug] [MainThread]: Using postgres connection "master"
[0m18:40:32.875480 [debug] [MainThread]: On master: BEGIN
[0m18:40:32.883159 [debug] [MainThread]: Opening a new connection, currently in state closed
[0m18:40:33.489395 [debug] [MainThread]: SQL status: BEGIN in 0.606 seconds
[0m18:40:33.495956 [debug] [MainThread]: On master: COMMIT
[0m18:40:33.503955 [debug] [MainThread]: Using postgres connection "master"
[0m18:40:33.511118 [debug] [MainThread]: On master: COMMIT
[0m18:40:33.520244 [debug] [MainThread]: SQL status: COMMIT in 0.002 seconds
[0m18:40:33.527238 [debug] [MainThread]: On master: Close
[0m18:40:33.534797 [debug] [MainThread]: Connection 'master' was properly closed.
[0m18:40:33.541794 [debug] [MainThread]: Connection 'list_dbt_tutorial' was properly closed.
[0m18:40:33.548795 [debug] [MainThread]: Connection 'list_dbt_tutorial_analytics_staging' was properly closed.
[0m18:40:33.555794 [debug] [MainThread]: Connection 'list_dbt_tutorial_analytics' was properly closed.
[0m18:40:33.562795 [debug] [MainThread]: Connection 'model.dbt_pg_tutorial.int_order_payments' was properly closed.
[0m18:40:33.569823 [info ] [MainThread]: 
[0m18:40:33.577827 [info ] [MainThread]: Finished running 1 view model in 0 hours 0 minutes and 7.21 seconds (7.21s).
[0m18:40:33.591058 [debug] [MainThread]: Command end result
[0m18:40:33.920100 [debug] [MainThread]: Wrote artifact WritableManifest to C:\Users\kashv\dbt_workspace\dbt_pg_tutorial\target\manifest.json
[0m18:40:33.967524 [debug] [MainThread]: Wrote artifact SemanticManifest to C:\Users\kashv\dbt_workspace\dbt_pg_tutorial\target\semantic_manifest.json
[0m18:40:34.046393 [debug] [MainThread]: Wrote artifact RunExecutionResult to C:\Users\kashv\dbt_workspace\dbt_pg_tutorial\target\run_results.json
[0m18:40:34.054169 [info ] [MainThread]: 
[0m18:40:34.064170 [info ] [MainThread]: [32mCompleted successfully[0m
[0m18:40:34.073170 [info ] [MainThread]: 
[0m18:40:34.082717 [info ] [MainThread]: Done. PASS=1 WARN=0 ERROR=0 SKIP=0 TOTAL=1
[0m18:40:34.098756 [debug] [MainThread]: Command `dbt run` succeeded at 18:40:34.097756 after 24.20 seconds
[0m18:40:34.107287 [debug] [MainThread]: Sending event: {'category': 'dbt', 'action': 'invocation', 'label': 'end', 'context': [<snowplow_tracker.self_describing_json.SelfDescribingJson object at 0x00000212C5992FC0>, <snowplow_tracker.self_describing_json.SelfDescribingJson object at 0x00000212C7C11970>, <snowplow_tracker.self_describing_json.SelfDescribingJson object at 0x00000212C93DBBF0>]}
[0m18:40:34.115322 [debug] [MainThread]: Flushing usage events
[0m18:40:34.146456 [debug] [MainThread]: An error was encountered while trying to flush usage events
[0m18:41:26.665556 [debug] [MainThread]: Sending event: {'category': 'dbt', 'action': 'invocation', 'label': 'start', 'context': [<snowplow_tracker.self_describing_json.SelfDescribingJson object at 0x000001CCD3098B30>, <snowplow_tracker.self_describing_json.SelfDescribingJson object at 0x000001CCD34D2330>, <snowplow_tracker.self_describing_json.SelfDescribingJson object at 0x000001CCD34D08F0>]}


============================== 18:41:26.697354 | 41ad27a8-a6a7-4474-8393-711e5667f78e ==============================
[0m18:41:26.697354 [info ] [MainThread]: Running with dbt=1.9.0
[0m18:41:26.705493 [debug] [MainThread]: running dbt with arguments {'printer_width': '80', 'indirect_selection': 'eager', 'log_cache_events': 'False', 'write_json': 'True', 'partial_parse': 'True', 'cache_selected_only': 'False', 'profiles_dir': 'C:\\Users\\kashv\\.dbt', 'debug': 'False', 'fail_fast': 'False', 'log_path': 'C:\\Users\\kashv\\dbt_workspace\\dbt_pg_tutorial\\logs', 'warn_error': 'None', 'version_check': 'True', 'use_colors': 'True', 'use_experimental_parser': 'False', 'no_print': 'None', 'quiet': 'False', 'empty': 'False', 'log_format': 'default', 'invocation_command': 'dbt run -m marts', 'warn_error_options': 'WarnErrorOptions(include=[], exclude=[])', 'static_parser': 'True', 'target_path': 'None', 'introspect': 'True', 'send_anonymous_usage_stats': 'True'}
[0m18:41:28.210208 [debug] [MainThread]: Sending event: {'category': 'dbt', 'action': 'project_id', 'label': '41ad27a8-a6a7-4474-8393-711e5667f78e', 'context': [<snowplow_tracker.self_describing_json.SelfDescribingJson object at 0x000001CCD3E40AA0>]}
[0m18:41:28.660870 [debug] [MainThread]: Sending event: {'category': 'dbt', 'action': 'adapter_info', 'label': '41ad27a8-a6a7-4474-8393-711e5667f78e', 'context': [<snowplow_tracker.self_describing_json.SelfDescribingJson object at 0x000001CCD3F4AEA0>]}
[0m18:41:28.671819 [info ] [MainThread]: Registered adapter: postgres=1.9.1
[0m18:41:31.462622 [debug] [MainThread]: checksum: c99e828bba267739642b5a3ce85f17518764ea526e0e6c4fdc649171c1a66bff, vars: {}, profile: , target: , version: 1.9.0
[0m18:41:33.034556 [debug] [MainThread]: Partial parsing enabled: 0 files deleted, 0 files added, 0 files changed.
[0m18:41:33.039777 [debug] [MainThread]: Partial parsing enabled, no changes found, skipping parsing
[0m18:41:33.353916 [debug] [MainThread]: Sending event: {'category': 'dbt', 'action': 'load_project', 'label': '41ad27a8-a6a7-4474-8393-711e5667f78e', 'context': [<snowplow_tracker.self_describing_json.SelfDescribingJson object at 0x000001CCD3F2A8A0>]}
[0m18:41:34.021995 [debug] [MainThread]: Wrote artifact WritableManifest to C:\Users\kashv\dbt_workspace\dbt_pg_tutorial\target\manifest.json
[0m18:41:34.162151 [debug] [MainThread]: Wrote artifact SemanticManifest to C:\Users\kashv\dbt_workspace\dbt_pg_tutorial\target\semantic_manifest.json
[0m18:41:34.474408 [debug] [MainThread]: Sending event: {'category': 'dbt', 'action': 'resource_counts', 'label': '41ad27a8-a6a7-4474-8393-711e5667f78e', 'context': [<snowplow_tracker.self_describing_json.SelfDescribingJson object at 0x000001CCD3F99190>]}
[0m18:41:34.479525 [info ] [MainThread]: Found 6 models, 2 data tests, 3 sources, 434 macros
[0m18:41:34.486552 [debug] [MainThread]: Sending event: {'category': 'dbt', 'action': 'runnable_timing', 'label': '41ad27a8-a6a7-4474-8393-711e5667f78e', 'context': [<snowplow_tracker.self_describing_json.SelfDescribingJson object at 0x000001CCD4188530>]}
[0m18:41:34.500386 [info ] [MainThread]: 
[0m18:41:34.509020 [info ] [MainThread]: Concurrency: 4 threads (target='dev')
[0m18:41:34.516495 [info ] [MainThread]: 
[0m18:41:34.523636 [debug] [MainThread]: Acquiring new postgres connection 'master'
[0m18:41:34.563174 [debug] [ThreadPool]: Acquiring new postgres connection 'list_dbt_tutorial'
[0m18:41:35.543846 [debug] [ThreadPool]: Using postgres connection "list_dbt_tutorial"
[0m18:41:35.548412 [debug] [ThreadPool]: On list_dbt_tutorial: /* {"app": "dbt", "dbt_version": "1.9.0", "profile_name": "dbt_pg_tutorial", "target_name": "dev", "connection_name": "list_dbt_tutorial"} */

    select distinct nspname from pg_namespace
  
[0m18:41:35.553440 [debug] [ThreadPool]: Opening a new connection, currently in state init
[0m18:41:36.111574 [debug] [ThreadPool]: SQL status: SELECT 9 in 0.558 seconds
[0m18:41:36.122572 [debug] [ThreadPool]: On list_dbt_tutorial: Close
[0m18:41:36.137624 [debug] [ThreadPool]: Acquiring new postgres connection 'list_dbt_tutorial_analytics'
[0m18:41:36.143622 [debug] [ThreadPool]: Acquiring new postgres connection 'list_dbt_tutorial_analytics_staging'
[0m18:41:36.190185 [debug] [ThreadPool]: Using postgres connection "list_dbt_tutorial_analytics"
[0m18:41:36.202877 [debug] [ThreadPool]: Using postgres connection "list_dbt_tutorial_analytics_staging"
[0m18:41:36.207943 [debug] [ThreadPool]: On list_dbt_tutorial_analytics: BEGIN
[0m18:41:36.213019 [debug] [ThreadPool]: On list_dbt_tutorial_analytics_staging: BEGIN
[0m18:41:36.217044 [debug] [ThreadPool]: Opening a new connection, currently in state init
[0m18:41:36.220968 [debug] [ThreadPool]: Opening a new connection, currently in state init
[0m18:41:36.699854 [debug] [ThreadPool]: SQL status: BEGIN in 0.483 seconds
[0m18:41:36.704947 [debug] [ThreadPool]: Using postgres connection "list_dbt_tutorial_analytics"
[0m18:41:36.709856 [debug] [ThreadPool]: On list_dbt_tutorial_analytics: /* {"app": "dbt", "dbt_version": "1.9.0", "profile_name": "dbt_pg_tutorial", "target_name": "dev", "connection_name": "list_dbt_tutorial_analytics"} */
select
      'dbt_tutorial' as database,
      tablename as name,
      schemaname as schema,
      'table' as type
    from pg_tables
    where schemaname ilike 'analytics'
    union all
    select
      'dbt_tutorial' as database,
      viewname as name,
      schemaname as schema,
      'view' as type
    from pg_views
    where schemaname ilike 'analytics'
    union all
    select
      'dbt_tutorial' as database,
      matviewname as name,
      schemaname as schema,
      'materialized_view' as type
    from pg_matviews
    where schemaname ilike 'analytics'
  
[0m18:41:36.738276 [debug] [ThreadPool]: SQL status: SELECT 1 in 0.025 seconds
[0m18:41:36.750046 [debug] [ThreadPool]: On list_dbt_tutorial_analytics: ROLLBACK
[0m18:41:36.755036 [debug] [ThreadPool]: On list_dbt_tutorial_analytics: Close
[0m18:41:36.758021 [debug] [ThreadPool]: SQL status: BEGIN in 0.537 seconds
[0m18:41:36.767015 [debug] [ThreadPool]: Using postgres connection "list_dbt_tutorial_analytics_staging"
[0m18:41:36.771025 [debug] [ThreadPool]: On list_dbt_tutorial_analytics_staging: /* {"app": "dbt", "dbt_version": "1.9.0", "profile_name": "dbt_pg_tutorial", "target_name": "dev", "connection_name": "list_dbt_tutorial_analytics_staging"} */
select
      'dbt_tutorial' as database,
      tablename as name,
      schemaname as schema,
      'table' as type
    from pg_tables
    where schemaname ilike 'analytics_staging'
    union all
    select
      'dbt_tutorial' as database,
      viewname as name,
      schemaname as schema,
      'view' as type
    from pg_views
    where schemaname ilike 'analytics_staging'
    union all
    select
      'dbt_tutorial' as database,
      matviewname as name,
      schemaname as schema,
      'materialized_view' as type
    from pg_matviews
    where schemaname ilike 'analytics_staging'
  
[0m18:41:36.802267 [debug] [ThreadPool]: SQL status: SELECT 3 in 0.027 seconds
[0m18:41:36.814294 [debug] [ThreadPool]: On list_dbt_tutorial_analytics_staging: ROLLBACK
[0m18:41:36.821642 [debug] [ThreadPool]: On list_dbt_tutorial_analytics_staging: Close
[0m18:41:36.857321 [debug] [MainThread]: Using postgres connection "master"
[0m18:41:36.862426 [debug] [MainThread]: On master: BEGIN
[0m18:41:36.866244 [debug] [MainThread]: Opening a new connection, currently in state init
[0m18:41:37.369686 [debug] [MainThread]: SQL status: BEGIN in 0.503 seconds
[0m18:41:37.374802 [debug] [MainThread]: Using postgres connection "master"
[0m18:41:37.379698 [debug] [MainThread]: On master: /* {"app": "dbt", "dbt_version": "1.9.0", "profile_name": "dbt_pg_tutorial", "target_name": "dev", "connection_name": "master"} */
select distinct
        dependent_namespace.nspname as dependent_schema,
        dependent_class.relname as dependent_name,
        referenced_namespace.nspname as referenced_schema,
        referenced_class.relname as referenced_name

    -- Query for views: views are entries in pg_class with an entry in pg_rewrite, but we avoid
    -- a seq scan on pg_rewrite by leveraging the fact there is an "internal" row in pg_depend for
    -- the view...
    from pg_class as dependent_class
    join pg_namespace as dependent_namespace on dependent_namespace.oid = dependent_class.relnamespace
    join pg_depend as dependent_depend on dependent_depend.refobjid = dependent_class.oid
        and dependent_depend.classid = 'pg_rewrite'::regclass
        and dependent_depend.refclassid = 'pg_class'::regclass
        and dependent_depend.deptype = 'i'

    -- ... and via pg_depend (that has a row per column, hence the need for "distinct" above, and
    -- making sure to exclude the internal row to avoid a view appearing to depend on itself)...
    join pg_depend as joining_depend on joining_depend.objid = dependent_depend.objid
        and joining_depend.classid = 'pg_rewrite'::regclass
        and joining_depend.refclassid = 'pg_class'::regclass
        and joining_depend.refobjid != dependent_depend.refobjid

    -- ... we can find the tables they query from in pg_class, but excluding system tables. Note we
    -- don't need need to exclude _dependent_ system tables, because they only query from other
    -- system tables, and so are automatically excluded by excluding _referenced_ system tables
    join pg_class as referenced_class on referenced_class.oid = joining_depend.refobjid
    join pg_namespace as referenced_namespace on referenced_namespace.oid = referenced_class.relnamespace
        and referenced_namespace.nspname != 'information_schema'
        and referenced_namespace.nspname not like 'pg\_%'

    order by
        dependent_schema, dependent_name, referenced_schema, referenced_name;
[0m18:41:37.412717 [debug] [MainThread]: SQL status: SELECT 5 in 0.029 seconds
[0m18:41:37.426990 [debug] [MainThread]: Sending event: {'category': 'dbt', 'action': 'runnable_timing', 'label': '41ad27a8-a6a7-4474-8393-711e5667f78e', 'context': [<snowplow_tracker.self_describing_json.SelfDescribingJson object at 0x000001CCD40D77A0>]}
[0m18:41:37.432742 [debug] [MainThread]: On master: ROLLBACK
[0m18:41:37.438020 [debug] [MainThread]: Using postgres connection "master"
[0m18:41:37.443168 [debug] [MainThread]: On master: BEGIN
[0m18:41:37.448842 [debug] [MainThread]: SQL status: BEGIN in 0.002 seconds
[0m18:41:37.452658 [debug] [MainThread]: On master: COMMIT
[0m18:41:37.457630 [debug] [MainThread]: Using postgres connection "master"
[0m18:41:37.461652 [debug] [MainThread]: On master: COMMIT
[0m18:41:37.466565 [debug] [MainThread]: SQL status: COMMIT in 0.001 seconds
[0m18:41:37.470668 [debug] [MainThread]: On master: Close
[0m18:41:37.489562 [debug] [Thread-1 (]: Began running node model.dbt_pg_tutorial.dim_customers
[0m18:41:37.494573 [debug] [Thread-2 (]: Began running node model.dbt_pg_tutorial.fct_orders
[0m18:41:37.500895 [info ] [Thread-1 (]: 1 of 2 START sql table model analytics.dim_customers ........................... [RUN]
[0m18:41:37.508152 [info ] [Thread-2 (]: 2 of 2 START sql table model analytics.fct_orders .............................. [RUN]
[0m18:41:37.514777 [debug] [Thread-1 (]: Acquiring new postgres connection 'model.dbt_pg_tutorial.dim_customers'
[0m18:41:37.520631 [debug] [Thread-2 (]: Acquiring new postgres connection 'model.dbt_pg_tutorial.fct_orders'
[0m18:41:37.526199 [debug] [Thread-1 (]: Began compiling node model.dbt_pg_tutorial.dim_customers
[0m18:41:37.531437 [debug] [Thread-2 (]: Began compiling node model.dbt_pg_tutorial.fct_orders
[0m18:41:37.587706 [debug] [Thread-1 (]: Writing injected SQL for node "model.dbt_pg_tutorial.dim_customers"
[0m18:41:37.607903 [debug] [Thread-2 (]: Writing injected SQL for node "model.dbt_pg_tutorial.fct_orders"
[0m18:41:37.674057 [debug] [Thread-1 (]: Began executing node model.dbt_pg_tutorial.dim_customers
[0m18:41:37.678206 [debug] [Thread-2 (]: Began executing node model.dbt_pg_tutorial.fct_orders
[0m18:41:38.185188 [debug] [Thread-2 (]: Writing runtime sql for node "model.dbt_pg_tutorial.fct_orders"
[0m18:41:38.190190 [debug] [Thread-1 (]: Writing runtime sql for node "model.dbt_pg_tutorial.dim_customers"
[0m18:41:38.252807 [debug] [Thread-2 (]: Using postgres connection "model.dbt_pg_tutorial.fct_orders"
[0m18:41:38.257592 [debug] [Thread-1 (]: Using postgres connection "model.dbt_pg_tutorial.dim_customers"
[0m18:41:38.262713 [debug] [Thread-2 (]: On model.dbt_pg_tutorial.fct_orders: BEGIN
[0m18:41:38.267591 [debug] [Thread-1 (]: On model.dbt_pg_tutorial.dim_customers: BEGIN
[0m18:41:38.273715 [debug] [Thread-2 (]: Opening a new connection, currently in state init
[0m18:41:38.278590 [debug] [Thread-1 (]: Opening a new connection, currently in state init
[0m18:41:38.764546 [debug] [Thread-2 (]: SQL status: BEGIN in 0.490 seconds
[0m18:41:38.768545 [debug] [Thread-2 (]: Using postgres connection "model.dbt_pg_tutorial.fct_orders"
[0m18:41:38.774092 [debug] [Thread-2 (]: On model.dbt_pg_tutorial.fct_orders: /* {"app": "dbt", "dbt_version": "1.9.0", "profile_name": "dbt_pg_tutorial", "target_name": "dev", "node_id": "model.dbt_pg_tutorial.fct_orders"} */

  
    

  create  table "dbt_tutorial"."analytics"."fct_orders__dbt_tmp"
  
  
    as
  
  (
    

select
    i.order_id,
    i.customer_id,
    i.order_timestamp,
    i.status,
    i.total_amount,
    i.total_paid,
    i.payment_count,
    i.outstanding_amount,
    case
        when i.outstanding_amount = 0 and i.total_amount > 0 then true
        else false
    end as is_fully_paid
from "dbt_tutorial"."analytics"."int_order_payments" i
  );
  
[0m18:41:38.809665 [debug] [Thread-1 (]: SQL status: BEGIN in 0.531 seconds
[0m18:41:38.814667 [debug] [Thread-1 (]: Using postgres connection "model.dbt_pg_tutorial.dim_customers"
[0m18:41:38.818670 [debug] [Thread-1 (]: On model.dbt_pg_tutorial.dim_customers: /* {"app": "dbt", "dbt_version": "1.9.0", "profile_name": "dbt_pg_tutorial", "target_name": "dev", "node_id": "model.dbt_pg_tutorial.dim_customers"} */

  
    

  create  table "dbt_tutorial"."analytics"."dim_customers__dbt_tmp"
  
  
    as
  
  (
    

select
    c.customer_id,
    initcap(c.first_name) as first_name,
    initcap(c.last_name)  as last_name,
    c.email,
    c.created_at
from "dbt_tutorial"."analytics_staging"."stg_customers" c
  );
  
[0m18:41:38.825229 [debug] [Thread-2 (]: SQL status: SELECT 5 in 0.045 seconds
[0m18:41:38.885914 [debug] [Thread-1 (]: SQL status: SELECT 5 in 0.062 seconds
[0m18:41:38.899482 [debug] [Thread-2 (]: Using postgres connection "model.dbt_pg_tutorial.fct_orders"
[0m18:41:38.923073 [debug] [Thread-1 (]: Using postgres connection "model.dbt_pg_tutorial.dim_customers"
[0m18:41:38.927601 [debug] [Thread-2 (]: On model.dbt_pg_tutorial.fct_orders: /* {"app": "dbt", "dbt_version": "1.9.0", "profile_name": "dbt_pg_tutorial", "target_name": "dev", "node_id": "model.dbt_pg_tutorial.fct_orders"} */
alter table "dbt_tutorial"."analytics"."fct_orders__dbt_tmp" rename to "fct_orders"
[0m18:41:38.933249 [debug] [Thread-1 (]: On model.dbt_pg_tutorial.dim_customers: /* {"app": "dbt", "dbt_version": "1.9.0", "profile_name": "dbt_pg_tutorial", "target_name": "dev", "node_id": "model.dbt_pg_tutorial.dim_customers"} */
alter table "dbt_tutorial"."analytics"."dim_customers__dbt_tmp" rename to "dim_customers"
[0m18:41:38.941251 [debug] [Thread-2 (]: SQL status: ALTER TABLE in 0.004 seconds
[0m18:41:38.943801 [debug] [Thread-1 (]: SQL status: ALTER TABLE in 0.004 seconds
[0m18:41:39.085817 [debug] [Thread-2 (]: On model.dbt_pg_tutorial.fct_orders: COMMIT
[0m18:41:39.095819 [debug] [Thread-1 (]: On model.dbt_pg_tutorial.dim_customers: COMMIT
[0m18:41:39.100821 [debug] [Thread-2 (]: Using postgres connection "model.dbt_pg_tutorial.fct_orders"
[0m18:41:39.105820 [debug] [Thread-1 (]: Using postgres connection "model.dbt_pg_tutorial.dim_customers"
[0m18:41:39.110821 [debug] [Thread-2 (]: On model.dbt_pg_tutorial.fct_orders: COMMIT
[0m18:41:39.116820 [debug] [Thread-1 (]: On model.dbt_pg_tutorial.dim_customers: COMMIT
[0m18:41:39.125821 [debug] [Thread-2 (]: SQL status: COMMIT in 0.004 seconds
[0m18:41:39.128818 [debug] [Thread-1 (]: SQL status: COMMIT in 0.004 seconds
[0m18:41:39.177245 [debug] [Thread-2 (]: Applying DROP to: "dbt_tutorial"."analytics"."fct_orders__dbt_backup"
[0m18:41:39.193794 [debug] [Thread-1 (]: Applying DROP to: "dbt_tutorial"."analytics"."dim_customers__dbt_backup"
[0m18:41:39.234134 [debug] [Thread-2 (]: Using postgres connection "model.dbt_pg_tutorial.fct_orders"
[0m18:41:39.240130 [debug] [Thread-1 (]: Using postgres connection "model.dbt_pg_tutorial.dim_customers"
[0m18:41:39.247187 [debug] [Thread-2 (]: On model.dbt_pg_tutorial.fct_orders: /* {"app": "dbt", "dbt_version": "1.9.0", "profile_name": "dbt_pg_tutorial", "target_name": "dev", "node_id": "model.dbt_pg_tutorial.fct_orders"} */
drop table if exists "dbt_tutorial"."analytics"."fct_orders__dbt_backup" cascade
[0m18:41:39.252216 [debug] [Thread-1 (]: On model.dbt_pg_tutorial.dim_customers: /* {"app": "dbt", "dbt_version": "1.9.0", "profile_name": "dbt_pg_tutorial", "target_name": "dev", "node_id": "model.dbt_pg_tutorial.dim_customers"} */
drop table if exists "dbt_tutorial"."analytics"."dim_customers__dbt_backup" cascade
[0m18:41:39.259793 [debug] [Thread-2 (]: SQL status: DROP TABLE in 0.003 seconds
[0m18:41:39.263817 [debug] [Thread-1 (]: SQL status: DROP TABLE in 0.004 seconds
[0m18:41:39.283439 [debug] [Thread-2 (]: On model.dbt_pg_tutorial.fct_orders: Close
[0m18:41:39.295273 [debug] [Thread-1 (]: On model.dbt_pg_tutorial.dim_customers: Close
[0m18:41:39.314820 [debug] [Thread-2 (]: Sending event: {'category': 'dbt', 'action': 'run_model', 'label': '41ad27a8-a6a7-4474-8393-711e5667f78e', 'context': [<snowplow_tracker.self_describing_json.SelfDescribingJson object at 0x000001CCD5BABB30>]}
[0m18:41:39.319352 [debug] [Thread-1 (]: Sending event: {'category': 'dbt', 'action': 'run_model', 'label': '41ad27a8-a6a7-4474-8393-711e5667f78e', 'context': [<snowplow_tracker.self_describing_json.SelfDescribingJson object at 0x000001CCD3A8F170>]}
[0m18:41:39.326992 [info ] [Thread-2 (]: 2 of 2 OK created sql table model analytics.fct_orders ......................... [[32mSELECT 5[0m in 1.78s]
[0m18:41:39.337550 [info ] [Thread-1 (]: 1 of 2 OK created sql table model analytics.dim_customers ...................... [[32mSELECT 5[0m in 1.80s]
[0m18:41:39.347581 [debug] [Thread-2 (]: Finished running node model.dbt_pg_tutorial.fct_orders
[0m18:41:39.354580 [debug] [Thread-1 (]: Finished running node model.dbt_pg_tutorial.dim_customers
[0m18:41:39.372133 [debug] [MainThread]: Using postgres connection "master"
[0m18:41:39.377134 [debug] [MainThread]: On master: BEGIN
[0m18:41:39.382136 [debug] [MainThread]: Opening a new connection, currently in state closed
[0m18:41:39.847260 [debug] [MainThread]: SQL status: BEGIN in 0.470 seconds
[0m18:41:39.847260 [debug] [MainThread]: On master: COMMIT
[0m18:41:39.859563 [debug] [MainThread]: Using postgres connection "master"
[0m18:41:39.862717 [debug] [MainThread]: On master: COMMIT
[0m18:41:39.862717 [debug] [MainThread]: SQL status: COMMIT in 0.001 seconds
[0m18:41:39.862717 [debug] [MainThread]: On master: Close
[0m18:41:39.878778 [debug] [MainThread]: Connection 'master' was properly closed.
[0m18:41:39.878778 [debug] [MainThread]: Connection 'list_dbt_tutorial' was properly closed.
[0m18:41:39.878778 [debug] [MainThread]: Connection 'list_dbt_tutorial_analytics' was properly closed.
[0m18:41:39.896770 [debug] [MainThread]: Connection 'list_dbt_tutorial_analytics_staging' was properly closed.
[0m18:41:39.898818 [debug] [MainThread]: Connection 'model.dbt_pg_tutorial.dim_customers' was properly closed.
[0m18:41:39.904166 [debug] [MainThread]: Connection 'model.dbt_pg_tutorial.fct_orders' was properly closed.
[0m18:41:39.904166 [info ] [MainThread]: 
[0m18:41:39.914705 [info ] [MainThread]: Finished running 2 table models in 0 hours 0 minutes and 5.38 seconds (5.38s).
[0m18:41:39.926683 [debug] [MainThread]: Command end result
[0m18:41:40.182763 [debug] [MainThread]: Wrote artifact WritableManifest to C:\Users\kashv\dbt_workspace\dbt_pg_tutorial\target\manifest.json
[0m18:41:40.216907 [debug] [MainThread]: Wrote artifact SemanticManifest to C:\Users\kashv\dbt_workspace\dbt_pg_tutorial\target\semantic_manifest.json
[0m18:41:40.283352 [debug] [MainThread]: Wrote artifact RunExecutionResult to C:\Users\kashv\dbt_workspace\dbt_pg_tutorial\target\run_results.json
[0m18:41:40.290193 [info ] [MainThread]: 
[0m18:41:40.295577 [info ] [MainThread]: [32mCompleted successfully[0m
[0m18:41:40.295577 [info ] [MainThread]: 
[0m18:41:40.311494 [info ] [MainThread]: Done. PASS=2 WARN=0 ERROR=0 SKIP=0 TOTAL=2
[0m18:41:40.311494 [debug] [MainThread]: Command `dbt run` succeeded at 18:41:40.311494 after 14.73 seconds
[0m18:41:40.326393 [debug] [MainThread]: Sending event: {'category': 'dbt', 'action': 'invocation', 'label': 'end', 'context': [<snowplow_tracker.self_describing_json.SelfDescribingJson object at 0x000001CCD3BC03E0>, <snowplow_tracker.self_describing_json.SelfDescribingJson object at 0x000001CCD2F37680>, <snowplow_tracker.self_describing_json.SelfDescribingJson object at 0x000001CCD40D7050>]}
[0m18:41:40.332189 [debug] [MainThread]: Flushing usage events
[0m18:41:40.344306 [debug] [MainThread]: An error was encountered while trying to flush usage events
[0m18:43:50.079968 [debug] [MainThread]: Sending event: {'category': 'dbt', 'action': 'invocation', 'label': 'start', 'context': [<snowplow_tracker.self_describing_json.SelfDescribingJson object at 0x0000024F0D7E9640>, <snowplow_tracker.self_describing_json.SelfDescribingJson object at 0x0000024F0D7E96D0>, <snowplow_tracker.self_describing_json.SelfDescribingJson object at 0x0000024F0D7E9580>]}


============================== 18:43:50.111432 | 7c9d59fe-8ef2-4b0d-b121-46cd4b0805e1 ==============================
[0m18:43:50.111432 [info ] [MainThread]: Running with dbt=1.9.0
[0m18:43:50.119869 [debug] [MainThread]: running dbt with arguments {'printer_width': '80', 'indirect_selection': 'eager', 'log_cache_events': 'False', 'write_json': 'True', 'partial_parse': 'True', 'cache_selected_only': 'False', 'profiles_dir': 'C:\\Users\\kashv\\.dbt', 'version_check': 'True', 'fail_fast': 'False', 'log_path': 'C:\\Users\\kashv\\dbt_workspace\\dbt_pg_tutorial\\logs', 'debug': 'False', 'warn_error': 'None', 'use_colors': 'True', 'use_experimental_parser': 'False', 'no_print': 'None', 'quiet': 'False', 'empty': 'False', 'warn_error_options': 'WarnErrorOptions(include=[], exclude=[])', 'invocation_command': 'dbt run -m intermediate', 'log_format': 'default', 'static_parser': 'True', 'target_path': 'None', 'introspect': 'True', 'send_anonymous_usage_stats': 'True'}
[0m18:43:51.685643 [debug] [MainThread]: Sending event: {'category': 'dbt', 'action': 'project_id', 'label': '7c9d59fe-8ef2-4b0d-b121-46cd4b0805e1', 'context': [<snowplow_tracker.self_describing_json.SelfDescribingJson object at 0x0000024F0D7E9A90>]}
[0m18:43:52.122626 [debug] [MainThread]: Sending event: {'category': 'dbt', 'action': 'adapter_info', 'label': '7c9d59fe-8ef2-4b0d-b121-46cd4b0805e1', 'context': [<snowplow_tracker.self_describing_json.SelfDescribingJson object at 0x0000024F0D3BDBB0>]}
[0m18:43:52.136676 [info ] [MainThread]: Registered adapter: postgres=1.9.1
[0m18:43:54.938064 [debug] [MainThread]: checksum: c99e828bba267739642b5a3ce85f17518764ea526e0e6c4fdc649171c1a66bff, vars: {}, profile: , target: , version: 1.9.0
[0m18:43:56.556243 [debug] [MainThread]: Partial parsing enabled: 0 files deleted, 0 files added, 0 files changed.
[0m18:43:56.562244 [debug] [MainThread]: Partial parsing enabled, no changes found, skipping parsing
[0m18:43:56.872091 [debug] [MainThread]: Sending event: {'category': 'dbt', 'action': 'load_project', 'label': '7c9d59fe-8ef2-4b0d-b121-46cd4b0805e1', 'context': [<snowplow_tracker.self_describing_json.SelfDescribingJson object at 0x0000024F0D9B72F0>]}
[0m18:43:57.552291 [debug] [MainThread]: Wrote artifact WritableManifest to C:\Users\kashv\dbt_workspace\dbt_pg_tutorial\target\manifest.json
[0m18:43:57.695262 [debug] [MainThread]: Wrote artifact SemanticManifest to C:\Users\kashv\dbt_workspace\dbt_pg_tutorial\target\semantic_manifest.json
[0m18:43:58.000105 [debug] [MainThread]: Sending event: {'category': 'dbt', 'action': 'resource_counts', 'label': '7c9d59fe-8ef2-4b0d-b121-46cd4b0805e1', 'context': [<snowplow_tracker.self_describing_json.SelfDescribingJson object at 0x0000024F0EC5ADB0>]}
[0m18:43:58.005143 [info ] [MainThread]: Found 6 models, 2 data tests, 3 sources, 434 macros
[0m18:43:58.011484 [debug] [MainThread]: Sending event: {'category': 'dbt', 'action': 'runnable_timing', 'label': '7c9d59fe-8ef2-4b0d-b121-46cd4b0805e1', 'context': [<snowplow_tracker.self_describing_json.SelfDescribingJson object at 0x0000024F0ED78C50>]}
[0m18:43:58.025305 [info ] [MainThread]: 
[0m18:43:58.032446 [info ] [MainThread]: Concurrency: 4 threads (target='dev')
[0m18:43:58.040592 [info ] [MainThread]: 
[0m18:43:58.048658 [debug] [MainThread]: Acquiring new postgres connection 'master'
[0m18:43:58.066007 [debug] [ThreadPool]: Acquiring new postgres connection 'list_dbt_tutorial'
[0m18:43:59.025116 [debug] [ThreadPool]: Using postgres connection "list_dbt_tutorial"
[0m18:43:59.029112 [debug] [ThreadPool]: On list_dbt_tutorial: /* {"app": "dbt", "dbt_version": "1.9.0", "profile_name": "dbt_pg_tutorial", "target_name": "dev", "connection_name": "list_dbt_tutorial"} */

    select distinct nspname from pg_namespace
  
[0m18:43:59.033855 [debug] [ThreadPool]: Opening a new connection, currently in state init
[0m18:43:59.578404 [debug] [ThreadPool]: SQL status: SELECT 9 in 0.544 seconds
[0m18:43:59.589462 [debug] [ThreadPool]: On list_dbt_tutorial: Close
[0m18:43:59.625478 [debug] [ThreadPool]: Acquiring new postgres connection 'list_dbt_tutorial_analytics'
[0m18:43:59.631329 [debug] [ThreadPool]: Acquiring new postgres connection 'list_dbt_tutorial_analytics_staging'
[0m18:43:59.672034 [debug] [ThreadPool]: Using postgres connection "list_dbt_tutorial_analytics"
[0m18:43:59.685029 [debug] [ThreadPool]: Using postgres connection "list_dbt_tutorial_analytics_staging"
[0m18:43:59.690035 [debug] [ThreadPool]: On list_dbt_tutorial_analytics: BEGIN
[0m18:43:59.694926 [debug] [ThreadPool]: On list_dbt_tutorial_analytics_staging: BEGIN
[0m18:43:59.698872 [debug] [ThreadPool]: Opening a new connection, currently in state init
[0m18:43:59.703869 [debug] [ThreadPool]: Opening a new connection, currently in state init
[0m18:44:00.199776 [debug] [ThreadPool]: SQL status: BEGIN in 0.500 seconds
[0m18:44:00.203763 [debug] [ThreadPool]: Using postgres connection "list_dbt_tutorial_analytics"
[0m18:44:00.209772 [debug] [ThreadPool]: On list_dbt_tutorial_analytics: /* {"app": "dbt", "dbt_version": "1.9.0", "profile_name": "dbt_pg_tutorial", "target_name": "dev", "connection_name": "list_dbt_tutorial_analytics"} */
select
      'dbt_tutorial' as database,
      tablename as name,
      schemaname as schema,
      'table' as type
    from pg_tables
    where schemaname ilike 'analytics'
    union all
    select
      'dbt_tutorial' as database,
      viewname as name,
      schemaname as schema,
      'view' as type
    from pg_views
    where schemaname ilike 'analytics'
    union all
    select
      'dbt_tutorial' as database,
      matviewname as name,
      schemaname as schema,
      'materialized_view' as type
    from pg_matviews
    where schemaname ilike 'analytics'
  
[0m18:44:00.224626 [debug] [ThreadPool]: SQL status: BEGIN in 0.521 seconds
[0m18:44:00.229632 [debug] [ThreadPool]: Using postgres connection "list_dbt_tutorial_analytics_staging"
[0m18:44:00.234724 [debug] [ThreadPool]: On list_dbt_tutorial_analytics_staging: /* {"app": "dbt", "dbt_version": "1.9.0", "profile_name": "dbt_pg_tutorial", "target_name": "dev", "connection_name": "list_dbt_tutorial_analytics_staging"} */
select
      'dbt_tutorial' as database,
      tablename as name,
      schemaname as schema,
      'table' as type
    from pg_tables
    where schemaname ilike 'analytics_staging'
    union all
    select
      'dbt_tutorial' as database,
      viewname as name,
      schemaname as schema,
      'view' as type
    from pg_views
    where schemaname ilike 'analytics_staging'
    union all
    select
      'dbt_tutorial' as database,
      matviewname as name,
      schemaname as schema,
      'materialized_view' as type
    from pg_matviews
    where schemaname ilike 'analytics_staging'
  
[0m18:44:00.238638 [debug] [ThreadPool]: SQL status: SELECT 3 in 0.025 seconds
[0m18:44:00.249780 [debug] [ThreadPool]: On list_dbt_tutorial_analytics: ROLLBACK
[0m18:44:00.255822 [debug] [ThreadPool]: On list_dbt_tutorial_analytics: Close
[0m18:44:00.265968 [debug] [ThreadPool]: SQL status: SELECT 3 in 0.028 seconds
[0m18:44:00.277227 [debug] [ThreadPool]: On list_dbt_tutorial_analytics_staging: ROLLBACK
[0m18:44:00.283081 [debug] [ThreadPool]: On list_dbt_tutorial_analytics_staging: Close
[0m18:44:00.325785 [debug] [MainThread]: Using postgres connection "master"
[0m18:44:00.330786 [debug] [MainThread]: On master: BEGIN
[0m18:44:00.335678 [debug] [MainThread]: Opening a new connection, currently in state init
[0m18:44:00.803041 [debug] [MainThread]: SQL status: BEGIN in 0.467 seconds
[0m18:44:00.807192 [debug] [MainThread]: Using postgres connection "master"
[0m18:44:00.813329 [debug] [MainThread]: On master: /* {"app": "dbt", "dbt_version": "1.9.0", "profile_name": "dbt_pg_tutorial", "target_name": "dev", "connection_name": "master"} */
select distinct
        dependent_namespace.nspname as dependent_schema,
        dependent_class.relname as dependent_name,
        referenced_namespace.nspname as referenced_schema,
        referenced_class.relname as referenced_name

    -- Query for views: views are entries in pg_class with an entry in pg_rewrite, but we avoid
    -- a seq scan on pg_rewrite by leveraging the fact there is an "internal" row in pg_depend for
    -- the view...
    from pg_class as dependent_class
    join pg_namespace as dependent_namespace on dependent_namespace.oid = dependent_class.relnamespace
    join pg_depend as dependent_depend on dependent_depend.refobjid = dependent_class.oid
        and dependent_depend.classid = 'pg_rewrite'::regclass
        and dependent_depend.refclassid = 'pg_class'::regclass
        and dependent_depend.deptype = 'i'

    -- ... and via pg_depend (that has a row per column, hence the need for "distinct" above, and
    -- making sure to exclude the internal row to avoid a view appearing to depend on itself)...
    join pg_depend as joining_depend on joining_depend.objid = dependent_depend.objid
        and joining_depend.classid = 'pg_rewrite'::regclass
        and joining_depend.refclassid = 'pg_class'::regclass
        and joining_depend.refobjid != dependent_depend.refobjid

    -- ... we can find the tables they query from in pg_class, but excluding system tables. Note we
    -- don't need need to exclude _dependent_ system tables, because they only query from other
    -- system tables, and so are automatically excluded by excluding _referenced_ system tables
    join pg_class as referenced_class on referenced_class.oid = joining_depend.refobjid
    join pg_namespace as referenced_namespace on referenced_namespace.oid = referenced_class.relnamespace
        and referenced_namespace.nspname != 'information_schema'
        and referenced_namespace.nspname not like 'pg\_%'

    order by
        dependent_schema, dependent_name, referenced_schema, referenced_name;
[0m18:44:00.847949 [debug] [MainThread]: SQL status: SELECT 5 in 0.030 seconds
[0m18:44:00.862855 [debug] [MainThread]: Sending event: {'category': 'dbt', 'action': 'runnable_timing', 'label': '7c9d59fe-8ef2-4b0d-b121-46cd4b0805e1', 'context': [<snowplow_tracker.self_describing_json.SelfDescribingJson object at 0x0000024F0A9D2420>]}
[0m18:44:00.868563 [debug] [MainThread]: On master: ROLLBACK
[0m18:44:00.874470 [debug] [MainThread]: Using postgres connection "master"
[0m18:44:00.879096 [debug] [MainThread]: On master: BEGIN
[0m18:44:00.886243 [debug] [MainThread]: SQL status: BEGIN in 0.002 seconds
[0m18:44:00.890296 [debug] [MainThread]: On master: COMMIT
[0m18:44:00.895730 [debug] [MainThread]: Using postgres connection "master"
[0m18:44:00.898932 [debug] [MainThread]: On master: COMMIT
[0m18:44:00.905153 [debug] [MainThread]: SQL status: COMMIT in 0.001 seconds
[0m18:44:00.909356 [debug] [MainThread]: On master: Close
[0m18:44:00.930292 [debug] [Thread-1 (]: Began running node model.dbt_pg_tutorial.int_order_payments
[0m18:44:00.937278 [info ] [Thread-1 (]: 1 of 1 START sql view model analytics.int_order_payments ....................... [RUN]
[0m18:44:00.945336 [debug] [Thread-1 (]: Acquiring new postgres connection 'model.dbt_pg_tutorial.int_order_payments'
[0m18:44:00.950355 [debug] [Thread-1 (]: Began compiling node model.dbt_pg_tutorial.int_order_payments
[0m18:44:01.006758 [debug] [Thread-1 (]: Writing injected SQL for node "model.dbt_pg_tutorial.int_order_payments"
[0m18:44:01.053285 [debug] [Thread-1 (]: Began executing node model.dbt_pg_tutorial.int_order_payments
[0m18:44:01.308645 [debug] [Thread-1 (]: Writing runtime sql for node "model.dbt_pg_tutorial.int_order_payments"
[0m18:44:01.356974 [debug] [Thread-1 (]: Using postgres connection "model.dbt_pg_tutorial.int_order_payments"
[0m18:44:01.361991 [debug] [Thread-1 (]: On model.dbt_pg_tutorial.int_order_payments: BEGIN
[0m18:44:01.366890 [debug] [Thread-1 (]: Opening a new connection, currently in state init
[0m18:44:01.837400 [debug] [Thread-1 (]: SQL status: BEGIN in 0.471 seconds
[0m18:44:01.842351 [debug] [Thread-1 (]: Using postgres connection "model.dbt_pg_tutorial.int_order_payments"
[0m18:44:01.847409 [debug] [Thread-1 (]: On model.dbt_pg_tutorial.int_order_payments: /* {"app": "dbt", "dbt_version": "1.9.0", "profile_name": "dbt_pg_tutorial", "target_name": "dev", "node_id": "model.dbt_pg_tutorial.int_order_payments"} */

  create view "dbt_tutorial"."analytics"."int_order_payments__dbt_tmp"
    
    
  as (
    

with payments as (
    select
        order_id,
        sum(amount) as total_paid,
        count(*)    as payment_count
    from "dbt_tutorial"."analytics_staging"."stg_payments"
    group by 1
)

select
    o.order_id,
    o.customer_id,
    o.order_timestamp,
    o.status,
    o.total_amount,
    coalesce(p.total_paid, 0)   as total_paid,
    coalesce(p.payment_count, 0) as payment_count,
    (o.total_amount - coalesce(p.total_paid, 0)) as outstanding_amount
from "dbt_tutorial"."analytics_staging"."stg_orders" o
left join payments p on o.order_id = p.order_id
  );
[0m18:44:01.876169 [debug] [Thread-1 (]: SQL status: CREATE VIEW in 0.023 seconds
[0m18:44:01.923163 [debug] [Thread-1 (]: Using postgres connection "model.dbt_pg_tutorial.int_order_payments"
[0m18:44:01.927174 [debug] [Thread-1 (]: On model.dbt_pg_tutorial.int_order_payments: /* {"app": "dbt", "dbt_version": "1.9.0", "profile_name": "dbt_pg_tutorial", "target_name": "dev", "node_id": "model.dbt_pg_tutorial.int_order_payments"} */
alter table "dbt_tutorial"."analytics"."int_order_payments" rename to "int_order_payments__dbt_backup"
[0m18:44:01.939011 [debug] [Thread-1 (]: SQL status: ALTER TABLE in 0.003 seconds
[0m18:44:01.960899 [debug] [Thread-1 (]: Using postgres connection "model.dbt_pg_tutorial.int_order_payments"
[0m18:44:01.965801 [debug] [Thread-1 (]: On model.dbt_pg_tutorial.int_order_payments: /* {"app": "dbt", "dbt_version": "1.9.0", "profile_name": "dbt_pg_tutorial", "target_name": "dev", "node_id": "model.dbt_pg_tutorial.int_order_payments"} */
alter table "dbt_tutorial"."analytics"."int_order_payments__dbt_tmp" rename to "int_order_payments"
[0m18:44:01.973903 [debug] [Thread-1 (]: SQL status: ALTER TABLE in 0.003 seconds
[0m18:44:02.096478 [debug] [Thread-1 (]: On model.dbt_pg_tutorial.int_order_payments: COMMIT
[0m18:44:02.101477 [debug] [Thread-1 (]: Using postgres connection "model.dbt_pg_tutorial.int_order_payments"
[0m18:44:02.107325 [debug] [Thread-1 (]: On model.dbt_pg_tutorial.int_order_payments: COMMIT
[0m18:44:02.115563 [debug] [Thread-1 (]: SQL status: COMMIT in 0.004 seconds
[0m18:44:02.162504 [debug] [Thread-1 (]: Applying DROP to: "dbt_tutorial"."analytics"."int_order_payments__dbt_backup"
[0m18:44:02.201968 [debug] [Thread-1 (]: Using postgres connection "model.dbt_pg_tutorial.int_order_payments"
[0m18:44:02.206874 [debug] [Thread-1 (]: On model.dbt_pg_tutorial.int_order_payments: /* {"app": "dbt", "dbt_version": "1.9.0", "profile_name": "dbt_pg_tutorial", "target_name": "dev", "node_id": "model.dbt_pg_tutorial.int_order_payments"} */
drop view if exists "dbt_tutorial"."analytics"."int_order_payments__dbt_backup" cascade
[0m18:44:02.221013 [debug] [Thread-1 (]: SQL status: DROP VIEW in 0.009 seconds
[0m18:44:02.238964 [debug] [Thread-1 (]: On model.dbt_pg_tutorial.int_order_payments: Close
[0m18:44:02.256934 [debug] [Thread-1 (]: Sending event: {'category': 'dbt', 'action': 'run_model', 'label': '7c9d59fe-8ef2-4b0d-b121-46cd4b0805e1', 'context': [<snowplow_tracker.self_describing_json.SelfDescribingJson object at 0x0000024F0F353B90>]}
[0m18:44:02.267930 [info ] [Thread-1 (]: 1 of 1 OK created sql view model analytics.int_order_payments .................. [[32mCREATE VIEW[0m in 1.30s]
[0m18:44:02.279860 [debug] [Thread-1 (]: Finished running node model.dbt_pg_tutorial.int_order_payments
[0m18:44:02.296767 [debug] [MainThread]: Using postgres connection "master"
[0m18:44:02.302863 [debug] [MainThread]: On master: BEGIN
[0m18:44:02.308866 [debug] [MainThread]: Opening a new connection, currently in state closed
[0m18:44:02.818058 [debug] [MainThread]: SQL status: BEGIN in 0.509 seconds
[0m18:44:02.822057 [debug] [MainThread]: On master: COMMIT
[0m18:44:02.827076 [debug] [MainThread]: Using postgres connection "master"
[0m18:44:02.832125 [debug] [MainThread]: On master: COMMIT
[0m18:44:02.837124 [debug] [MainThread]: SQL status: COMMIT in 0.001 seconds
[0m18:44:02.842117 [debug] [MainThread]: On master: Close
[0m18:44:02.848038 [debug] [MainThread]: Connection 'master' was properly closed.
[0m18:44:02.852094 [debug] [MainThread]: Connection 'list_dbt_tutorial' was properly closed.
[0m18:44:02.856641 [debug] [MainThread]: Connection 'list_dbt_tutorial_analytics' was properly closed.
[0m18:44:02.861179 [debug] [MainThread]: Connection 'list_dbt_tutorial_analytics_staging' was properly closed.
[0m18:44:02.868158 [debug] [MainThread]: Connection 'model.dbt_pg_tutorial.int_order_payments' was properly closed.
[0m18:44:02.875159 [info ] [MainThread]: 
[0m18:44:02.881141 [info ] [MainThread]: Finished running 1 view model in 0 hours 0 minutes and 4.83 seconds (4.83s).
[0m18:44:02.894158 [debug] [MainThread]: Command end result
[0m18:44:03.161188 [debug] [MainThread]: Wrote artifact WritableManifest to C:\Users\kashv\dbt_workspace\dbt_pg_tutorial\target\manifest.json
[0m18:44:03.196385 [debug] [MainThread]: Wrote artifact SemanticManifest to C:\Users\kashv\dbt_workspace\dbt_pg_tutorial\target\semantic_manifest.json
[0m18:44:03.257546 [debug] [MainThread]: Wrote artifact RunExecutionResult to C:\Users\kashv\dbt_workspace\dbt_pg_tutorial\target\run_results.json
[0m18:44:03.262638 [info ] [MainThread]: 
[0m18:44:03.268537 [info ] [MainThread]: [32mCompleted successfully[0m
[0m18:44:03.276459 [info ] [MainThread]: 
[0m18:44:03.283295 [info ] [MainThread]: Done. PASS=1 WARN=0 ERROR=0 SKIP=0 TOTAL=1
[0m18:44:03.294813 [debug] [MainThread]: Command `dbt run` succeeded at 18:44:03.293829 after 14.33 seconds
[0m18:44:03.300821 [debug] [MainThread]: Sending event: {'category': 'dbt', 'action': 'invocation', 'label': 'end', 'context': [<snowplow_tracker.self_describing_json.SelfDescribingJson object at 0x0000024F0D4BA750>, <snowplow_tracker.self_describing_json.SelfDescribingJson object at 0x0000024F0D921F40>, <snowplow_tracker.self_describing_json.SelfDescribingJson object at 0x0000024F0D591DF0>]}
[0m18:44:03.307186 [debug] [MainThread]: Flushing usage events
[0m18:44:03.323361 [debug] [MainThread]: An error was encountered while trying to flush usage events
[0m18:45:36.085174 [debug] [MainThread]: Sending event: {'category': 'dbt', 'action': 'invocation', 'label': 'start', 'context': [<snowplow_tracker.self_describing_json.SelfDescribingJson object at 0x0000016FA2960B60>, <snowplow_tracker.self_describing_json.SelfDescribingJson object at 0x0000016FA49EF140>, <snowplow_tracker.self_describing_json.SelfDescribingJson object at 0x0000016FA49EC6B0>]}


============================== 18:45:36.116809 | 96f9d2fb-83a0-4fb5-9c6b-6da096df36ed ==============================
[0m18:45:36.116809 [info ] [MainThread]: Running with dbt=1.9.0
[0m18:45:36.124730 [debug] [MainThread]: running dbt with arguments {'printer_width': '80', 'indirect_selection': 'eager', 'write_json': 'True', 'log_cache_events': 'False', 'partial_parse': 'True', 'cache_selected_only': 'False', 'profiles_dir': 'C:\\Users\\kashv\\.dbt', 'debug': 'False', 'fail_fast': 'False', 'log_path': 'C:\\Users\\kashv\\dbt_workspace\\dbt_pg_tutorial\\logs', 'warn_error': 'None', 'version_check': 'True', 'use_colors': 'True', 'use_experimental_parser': 'False', 'empty': 'False', 'quiet': 'False', 'no_print': 'None', 'log_format': 'default', 'static_parser': 'True', 'invocation_command': 'dbt run -m marts', 'warn_error_options': 'WarnErrorOptions(include=[], exclude=[])', 'target_path': 'None', 'introspect': 'True', 'send_anonymous_usage_stats': 'True'}
[0m18:45:37.648772 [debug] [MainThread]: Sending event: {'category': 'dbt', 'action': 'project_id', 'label': '96f9d2fb-83a0-4fb5-9c6b-6da096df36ed', 'context': [<snowplow_tracker.self_describing_json.SelfDescribingJson object at 0x0000016FA4E6EB40>]}
[0m18:45:38.094043 [debug] [MainThread]: Sending event: {'category': 'dbt', 'action': 'adapter_info', 'label': '96f9d2fb-83a0-4fb5-9c6b-6da096df36ed', 'context': [<snowplow_tracker.self_describing_json.SelfDescribingJson object at 0x0000016FA3E96720>]}
[0m18:45:38.105723 [info ] [MainThread]: Registered adapter: postgres=1.9.1
[0m18:45:40.894638 [debug] [MainThread]: checksum: c99e828bba267739642b5a3ce85f17518764ea526e0e6c4fdc649171c1a66bff, vars: {}, profile: , target: , version: 1.9.0
[0m18:45:42.460286 [debug] [MainThread]: Partial parsing enabled: 0 files deleted, 0 files added, 0 files changed.
[0m18:45:42.460286 [debug] [MainThread]: Partial parsing enabled, no changes found, skipping parsing
[0m18:45:42.793124 [debug] [MainThread]: Sending event: {'category': 'dbt', 'action': 'load_project', 'label': '96f9d2fb-83a0-4fb5-9c6b-6da096df36ed', 'context': [<snowplow_tracker.self_describing_json.SelfDescribingJson object at 0x0000016FA612B440>]}
[0m18:45:43.483240 [debug] [MainThread]: Wrote artifact WritableManifest to C:\Users\kashv\dbt_workspace\dbt_pg_tutorial\target\manifest.json
[0m18:45:43.617907 [debug] [MainThread]: Wrote artifact SemanticManifest to C:\Users\kashv\dbt_workspace\dbt_pg_tutorial\target\semantic_manifest.json
[0m18:45:43.936229 [debug] [MainThread]: Sending event: {'category': 'dbt', 'action': 'resource_counts', 'label': '96f9d2fb-83a0-4fb5-9c6b-6da096df36ed', 'context': [<snowplow_tracker.self_describing_json.SelfDescribingJson object at 0x0000016FA61299D0>]}
[0m18:45:43.936229 [info ] [MainThread]: Found 6 models, 2 data tests, 3 sources, 434 macros
[0m18:45:43.950427 [debug] [MainThread]: Sending event: {'category': 'dbt', 'action': 'runnable_timing', 'label': '96f9d2fb-83a0-4fb5-9c6b-6da096df36ed', 'context': [<snowplow_tracker.self_describing_json.SelfDescribingJson object at 0x0000016FA63489B0>]}
[0m18:45:43.963224 [info ] [MainThread]: 
[0m18:45:43.969015 [info ] [MainThread]: Concurrency: 4 threads (target='dev')
[0m18:45:43.978872 [info ] [MainThread]: 
[0m18:45:43.986077 [debug] [MainThread]: Acquiring new postgres connection 'master'
[0m18:45:44.018506 [debug] [ThreadPool]: Acquiring new postgres connection 'list_dbt_tutorial'
[0m18:45:44.994049 [debug] [ThreadPool]: Using postgres connection "list_dbt_tutorial"
[0m18:45:44.998936 [debug] [ThreadPool]: On list_dbt_tutorial: /* {"app": "dbt", "dbt_version": "1.9.0", "profile_name": "dbt_pg_tutorial", "target_name": "dev", "connection_name": "list_dbt_tutorial"} */

    select distinct nspname from pg_namespace
  
[0m18:45:45.004065 [debug] [ThreadPool]: Opening a new connection, currently in state init
[0m18:45:45.577252 [debug] [ThreadPool]: SQL status: SELECT 9 in 0.573 seconds
[0m18:45:45.588792 [debug] [ThreadPool]: On list_dbt_tutorial: Close
[0m18:45:45.604796 [debug] [ThreadPool]: Acquiring new postgres connection 'list_dbt_tutorial_analytics'
[0m18:45:45.611794 [debug] [ThreadPool]: Acquiring new postgres connection 'list_dbt_tutorial_analytics_staging'
[0m18:45:45.657398 [debug] [ThreadPool]: Using postgres connection "list_dbt_tutorial_analytics"
[0m18:45:45.670402 [debug] [ThreadPool]: Using postgres connection "list_dbt_tutorial_analytics_staging"
[0m18:45:45.674463 [debug] [ThreadPool]: On list_dbt_tutorial_analytics: BEGIN
[0m18:45:45.679401 [debug] [ThreadPool]: On list_dbt_tutorial_analytics_staging: BEGIN
[0m18:45:45.684446 [debug] [ThreadPool]: Opening a new connection, currently in state init
[0m18:45:45.689423 [debug] [ThreadPool]: Opening a new connection, currently in state init
[0m18:45:46.171938 [debug] [ThreadPool]: SQL status: BEGIN in 0.487 seconds
[0m18:45:46.176941 [debug] [ThreadPool]: Using postgres connection "list_dbt_tutorial_analytics"
[0m18:45:46.181938 [debug] [ThreadPool]: On list_dbt_tutorial_analytics: /* {"app": "dbt", "dbt_version": "1.9.0", "profile_name": "dbt_pg_tutorial", "target_name": "dev", "connection_name": "list_dbt_tutorial_analytics"} */
select
      'dbt_tutorial' as database,
      tablename as name,
      schemaname as schema,
      'table' as type
    from pg_tables
    where schemaname ilike 'analytics'
    union all
    select
      'dbt_tutorial' as database,
      viewname as name,
      schemaname as schema,
      'view' as type
    from pg_views
    where schemaname ilike 'analytics'
    union all
    select
      'dbt_tutorial' as database,
      matviewname as name,
      schemaname as schema,
      'materialized_view' as type
    from pg_matviews
    where schemaname ilike 'analytics'
  
[0m18:45:46.212642 [debug] [ThreadPool]: SQL status: SELECT 3 in 0.026 seconds
[0m18:45:46.224632 [debug] [ThreadPool]: On list_dbt_tutorial_analytics: ROLLBACK
[0m18:45:46.231664 [debug] [ThreadPool]: On list_dbt_tutorial_analytics: Close
[0m18:45:46.261806 [debug] [ThreadPool]: SQL status: BEGIN in 0.572 seconds
[0m18:45:46.266439 [debug] [ThreadPool]: Using postgres connection "list_dbt_tutorial_analytics_staging"
[0m18:45:46.271441 [debug] [ThreadPool]: On list_dbt_tutorial_analytics_staging: /* {"app": "dbt", "dbt_version": "1.9.0", "profile_name": "dbt_pg_tutorial", "target_name": "dev", "connection_name": "list_dbt_tutorial_analytics_staging"} */
select
      'dbt_tutorial' as database,
      tablename as name,
      schemaname as schema,
      'table' as type
    from pg_tables
    where schemaname ilike 'analytics_staging'
    union all
    select
      'dbt_tutorial' as database,
      viewname as name,
      schemaname as schema,
      'view' as type
    from pg_views
    where schemaname ilike 'analytics_staging'
    union all
    select
      'dbt_tutorial' as database,
      matviewname as name,
      schemaname as schema,
      'materialized_view' as type
    from pg_matviews
    where schemaname ilike 'analytics_staging'
  
[0m18:45:46.302664 [debug] [ThreadPool]: SQL status: SELECT 3 in 0.026 seconds
[0m18:45:46.313218 [debug] [ThreadPool]: On list_dbt_tutorial_analytics_staging: ROLLBACK
[0m18:45:46.318218 [debug] [ThreadPool]: On list_dbt_tutorial_analytics_staging: Close
[0m18:45:46.355799 [debug] [MainThread]: Using postgres connection "master"
[0m18:45:46.360797 [debug] [MainThread]: On master: BEGIN
[0m18:45:46.366830 [debug] [MainThread]: Opening a new connection, currently in state init
[0m18:45:46.840863 [debug] [MainThread]: SQL status: BEGIN in 0.474 seconds
[0m18:45:46.846600 [debug] [MainThread]: Using postgres connection "master"
[0m18:45:46.852624 [debug] [MainThread]: On master: /* {"app": "dbt", "dbt_version": "1.9.0", "profile_name": "dbt_pg_tutorial", "target_name": "dev", "connection_name": "master"} */
select distinct
        dependent_namespace.nspname as dependent_schema,
        dependent_class.relname as dependent_name,
        referenced_namespace.nspname as referenced_schema,
        referenced_class.relname as referenced_name

    -- Query for views: views are entries in pg_class with an entry in pg_rewrite, but we avoid
    -- a seq scan on pg_rewrite by leveraging the fact there is an "internal" row in pg_depend for
    -- the view...
    from pg_class as dependent_class
    join pg_namespace as dependent_namespace on dependent_namespace.oid = dependent_class.relnamespace
    join pg_depend as dependent_depend on dependent_depend.refobjid = dependent_class.oid
        and dependent_depend.classid = 'pg_rewrite'::regclass
        and dependent_depend.refclassid = 'pg_class'::regclass
        and dependent_depend.deptype = 'i'

    -- ... and via pg_depend (that has a row per column, hence the need for "distinct" above, and
    -- making sure to exclude the internal row to avoid a view appearing to depend on itself)...
    join pg_depend as joining_depend on joining_depend.objid = dependent_depend.objid
        and joining_depend.classid = 'pg_rewrite'::regclass
        and joining_depend.refclassid = 'pg_class'::regclass
        and joining_depend.refobjid != dependent_depend.refobjid

    -- ... we can find the tables they query from in pg_class, but excluding system tables. Note we
    -- don't need need to exclude _dependent_ system tables, because they only query from other
    -- system tables, and so are automatically excluded by excluding _referenced_ system tables
    join pg_class as referenced_class on referenced_class.oid = joining_depend.refobjid
    join pg_namespace as referenced_namespace on referenced_namespace.oid = referenced_class.relnamespace
        and referenced_namespace.nspname != 'information_schema'
        and referenced_namespace.nspname not like 'pg\_%'

    order by
        dependent_schema, dependent_name, referenced_schema, referenced_name;
[0m18:45:46.889312 [debug] [MainThread]: SQL status: SELECT 5 in 0.030 seconds
[0m18:45:46.903304 [debug] [MainThread]: Sending event: {'category': 'dbt', 'action': 'runnable_timing', 'label': '96f9d2fb-83a0-4fb5-9c6b-6da096df36ed', 'context': [<snowplow_tracker.self_describing_json.SelfDescribingJson object at 0x0000016FA20E2150>]}
[0m18:45:46.908231 [debug] [MainThread]: On master: ROLLBACK
[0m18:45:46.914202 [debug] [MainThread]: Using postgres connection "master"
[0m18:45:46.918228 [debug] [MainThread]: On master: BEGIN
[0m18:45:46.924203 [debug] [MainThread]: SQL status: BEGIN in 0.002 seconds
[0m18:45:46.929460 [debug] [MainThread]: On master: COMMIT
[0m18:45:46.933456 [debug] [MainThread]: Using postgres connection "master"
[0m18:45:46.937359 [debug] [MainThread]: On master: COMMIT
[0m18:45:46.942957 [debug] [MainThread]: SQL status: COMMIT in 0.001 seconds
[0m18:45:46.947119 [debug] [MainThread]: On master: Close
[0m18:45:46.970618 [debug] [Thread-1 (]: Began running node model.dbt_pg_tutorial.dim_customers
[0m18:45:46.974622 [debug] [Thread-2 (]: Began running node model.dbt_pg_tutorial.fct_orders
[0m18:45:46.979620 [info ] [Thread-1 (]: 1 of 2 START sql table model analytics.dim_customers ........................... [RUN]
[0m18:45:46.986662 [info ] [Thread-2 (]: 2 of 2 START sql table model analytics.fct_orders .............................. [RUN]
[0m18:45:46.994666 [debug] [Thread-1 (]: Acquiring new postgres connection 'model.dbt_pg_tutorial.dim_customers'
[0m18:45:47.001423 [debug] [Thread-2 (]: Acquiring new postgres connection 'model.dbt_pg_tutorial.fct_orders'
[0m18:45:47.007319 [debug] [Thread-1 (]: Began compiling node model.dbt_pg_tutorial.dim_customers
[0m18:45:47.015438 [debug] [Thread-2 (]: Began compiling node model.dbt_pg_tutorial.fct_orders
[0m18:45:47.072125 [debug] [Thread-1 (]: Writing injected SQL for node "model.dbt_pg_tutorial.dim_customers"
[0m18:45:47.091777 [debug] [Thread-2 (]: Writing injected SQL for node "model.dbt_pg_tutorial.fct_orders"
[0m18:45:47.200257 [debug] [Thread-1 (]: Began executing node model.dbt_pg_tutorial.dim_customers
[0m18:45:47.203225 [debug] [Thread-2 (]: Began executing node model.dbt_pg_tutorial.fct_orders
[0m18:45:47.704603 [debug] [Thread-1 (]: Writing runtime sql for node "model.dbt_pg_tutorial.dim_customers"
[0m18:45:47.709309 [debug] [Thread-2 (]: Writing runtime sql for node "model.dbt_pg_tutorial.fct_orders"
[0m18:45:47.778283 [debug] [Thread-1 (]: Using postgres connection "model.dbt_pg_tutorial.dim_customers"
[0m18:45:47.782274 [debug] [Thread-2 (]: Using postgres connection "model.dbt_pg_tutorial.fct_orders"
[0m18:45:47.786303 [debug] [Thread-1 (]: On model.dbt_pg_tutorial.dim_customers: BEGIN
[0m18:45:47.792283 [debug] [Thread-2 (]: On model.dbt_pg_tutorial.fct_orders: BEGIN
[0m18:45:47.797305 [debug] [Thread-1 (]: Opening a new connection, currently in state init
[0m18:45:47.801297 [debug] [Thread-2 (]: Opening a new connection, currently in state init
[0m18:45:48.318212 [debug] [Thread-1 (]: SQL status: BEGIN in 0.520 seconds
[0m18:45:48.322820 [debug] [Thread-1 (]: Using postgres connection "model.dbt_pg_tutorial.dim_customers"
[0m18:45:48.329125 [debug] [Thread-1 (]: On model.dbt_pg_tutorial.dim_customers: /* {"app": "dbt", "dbt_version": "1.9.0", "profile_name": "dbt_pg_tutorial", "target_name": "dev", "node_id": "model.dbt_pg_tutorial.dim_customers"} */

  
    

  create  table "dbt_tutorial"."analytics"."dim_customers__dbt_tmp"
  
  
    as
  
  (
    

select
    c.customer_id,
    initcap(c.first_name) as first_name,
    initcap(c.last_name)  as last_name,
    c.email,
    c.created_at
from "dbt_tutorial"."analytics_staging"."stg_customers" c
  );
  
[0m18:45:48.368902 [debug] [Thread-2 (]: SQL status: BEGIN in 0.567 seconds
[0m18:45:48.374231 [debug] [Thread-2 (]: Using postgres connection "model.dbt_pg_tutorial.fct_orders"
[0m18:45:48.377287 [debug] [Thread-1 (]: SQL status: SELECT 5 in 0.040 seconds
[0m18:45:48.382166 [debug] [Thread-2 (]: On model.dbt_pg_tutorial.fct_orders: /* {"app": "dbt", "dbt_version": "1.9.0", "profile_name": "dbt_pg_tutorial", "target_name": "dev", "node_id": "model.dbt_pg_tutorial.fct_orders"} */

  
    

  create  table "dbt_tutorial"."analytics"."fct_orders__dbt_tmp"
  
  
    as
  
  (
    

select
    i.order_id,
    i.customer_id,
    i.order_timestamp,
    i.status,
    i.total_amount,
    i.total_paid,
    i.payment_count,
    i.outstanding_amount,
    case
        when i.outstanding_amount = 0 and i.total_amount > 0 then true
        else false
    end as is_fully_paid
from "dbt_tutorial"."analytics"."int_order_payments" i
  );
  
[0m18:45:48.452201 [debug] [Thread-1 (]: Using postgres connection "model.dbt_pg_tutorial.dim_customers"
[0m18:45:48.459198 [debug] [Thread-1 (]: On model.dbt_pg_tutorial.dim_customers: /* {"app": "dbt", "dbt_version": "1.9.0", "profile_name": "dbt_pg_tutorial", "target_name": "dev", "node_id": "model.dbt_pg_tutorial.dim_customers"} */
alter table "dbt_tutorial"."analytics"."dim_customers" rename to "dim_customers__dbt_backup"
[0m18:45:48.466197 [debug] [Thread-1 (]: SQL status: ALTER TABLE in 0.003 seconds
[0m18:45:48.491181 [debug] [Thread-1 (]: Using postgres connection "model.dbt_pg_tutorial.dim_customers"
[0m18:45:48.496192 [debug] [Thread-1 (]: On model.dbt_pg_tutorial.dim_customers: /* {"app": "dbt", "dbt_version": "1.9.0", "profile_name": "dbt_pg_tutorial", "target_name": "dev", "node_id": "model.dbt_pg_tutorial.dim_customers"} */
alter table "dbt_tutorial"."analytics"."dim_customers__dbt_tmp" rename to "dim_customers"
[0m18:45:48.506205 [debug] [Thread-1 (]: SQL status: ALTER TABLE in 0.004 seconds
[0m18:45:48.509200 [debug] [Thread-2 (]: SQL status: SELECT 5 in 0.054 seconds
[0m18:45:48.647182 [debug] [Thread-2 (]: Using postgres connection "model.dbt_pg_tutorial.fct_orders"
[0m18:45:48.655230 [debug] [Thread-1 (]: On model.dbt_pg_tutorial.dim_customers: COMMIT
[0m18:45:48.659343 [debug] [Thread-2 (]: On model.dbt_pg_tutorial.fct_orders: /* {"app": "dbt", "dbt_version": "1.9.0", "profile_name": "dbt_pg_tutorial", "target_name": "dev", "node_id": "model.dbt_pg_tutorial.fct_orders"} */
alter table "dbt_tutorial"."analytics"."fct_orders" rename to "fct_orders__dbt_backup"
[0m18:45:48.664343 [debug] [Thread-1 (]: Using postgres connection "model.dbt_pg_tutorial.dim_customers"
[0m18:45:48.671266 [debug] [Thread-2 (]: SQL status: ALTER TABLE in 0.003 seconds
[0m18:45:48.674239 [debug] [Thread-1 (]: On model.dbt_pg_tutorial.dim_customers: COMMIT
[0m18:45:48.699232 [debug] [Thread-2 (]: Using postgres connection "model.dbt_pg_tutorial.fct_orders"
[0m18:45:48.707511 [debug] [Thread-2 (]: On model.dbt_pg_tutorial.fct_orders: /* {"app": "dbt", "dbt_version": "1.9.0", "profile_name": "dbt_pg_tutorial", "target_name": "dev", "node_id": "model.dbt_pg_tutorial.fct_orders"} */
alter table "dbt_tutorial"."analytics"."fct_orders__dbt_tmp" rename to "fct_orders"
[0m18:45:48.710445 [debug] [Thread-1 (]: SQL status: COMMIT in 0.007 seconds
[0m18:45:48.736633 [debug] [Thread-2 (]: SQL status: ALTER TABLE in 0.021 seconds
[0m18:45:48.765021 [debug] [Thread-1 (]: Applying DROP to: "dbt_tutorial"."analytics"."dim_customers__dbt_backup"
[0m18:45:48.779264 [debug] [Thread-2 (]: On model.dbt_pg_tutorial.fct_orders: COMMIT
[0m18:45:48.820698 [debug] [Thread-1 (]: Using postgres connection "model.dbt_pg_tutorial.dim_customers"
[0m18:45:48.825754 [debug] [Thread-2 (]: Using postgres connection "model.dbt_pg_tutorial.fct_orders"
[0m18:45:48.830816 [debug] [Thread-1 (]: On model.dbt_pg_tutorial.dim_customers: /* {"app": "dbt", "dbt_version": "1.9.0", "profile_name": "dbt_pg_tutorial", "target_name": "dev", "node_id": "model.dbt_pg_tutorial.dim_customers"} */
drop table if exists "dbt_tutorial"."analytics"."dim_customers__dbt_backup" cascade
[0m18:45:48.835846 [debug] [Thread-2 (]: On model.dbt_pg_tutorial.fct_orders: COMMIT
[0m18:45:48.848454 [debug] [Thread-2 (]: SQL status: COMMIT in 0.005 seconds
[0m18:45:48.871476 [debug] [Thread-2 (]: Applying DROP to: "dbt_tutorial"."analytics"."fct_orders__dbt_backup"
[0m18:45:48.875454 [debug] [Thread-1 (]: SQL status: DROP TABLE in 0.034 seconds
[0m18:45:48.882446 [debug] [Thread-2 (]: Using postgres connection "model.dbt_pg_tutorial.fct_orders"
[0m18:45:48.902430 [debug] [Thread-1 (]: On model.dbt_pg_tutorial.dim_customers: Close
[0m18:45:48.907432 [debug] [Thread-2 (]: On model.dbt_pg_tutorial.fct_orders: /* {"app": "dbt", "dbt_version": "1.9.0", "profile_name": "dbt_pg_tutorial", "target_name": "dev", "node_id": "model.dbt_pg_tutorial.fct_orders"} */
drop table if exists "dbt_tutorial"."analytics"."fct_orders__dbt_backup" cascade
[0m18:45:48.926452 [debug] [Thread-1 (]: Sending event: {'category': 'dbt', 'action': 'run_model', 'label': '96f9d2fb-83a0-4fb5-9c6b-6da096df36ed', 'context': [<snowplow_tracker.self_describing_json.SelfDescribingJson object at 0x0000016FA20135C0>]}
[0m18:45:48.934486 [info ] [Thread-1 (]: 1 of 2 OK created sql table model analytics.dim_customers ...................... [[32mSELECT 5[0m in 1.92s]
[0m18:45:48.945489 [debug] [Thread-1 (]: Finished running node model.dbt_pg_tutorial.dim_customers
[0m18:45:48.949092 [debug] [Thread-2 (]: SQL status: DROP TABLE in 0.025 seconds
[0m18:45:48.964143 [debug] [Thread-2 (]: On model.dbt_pg_tutorial.fct_orders: Close
[0m18:45:48.971887 [debug] [Thread-2 (]: Sending event: {'category': 'dbt', 'action': 'run_model', 'label': '96f9d2fb-83a0-4fb5-9c6b-6da096df36ed', 'context': [<snowplow_tracker.self_describing_json.SelfDescribingJson object at 0x0000016FA653C770>]}
[0m18:45:48.979505 [info ] [Thread-2 (]: 2 of 2 OK created sql table model analytics.fct_orders ......................... [[32mSELECT 5[0m in 1.97s]
[0m18:45:48.989303 [debug] [Thread-2 (]: Finished running node model.dbt_pg_tutorial.fct_orders
[0m18:45:49.005308 [debug] [MainThread]: Using postgres connection "master"
[0m18:45:49.010315 [debug] [MainThread]: On master: BEGIN
[0m18:45:49.014314 [debug] [MainThread]: Opening a new connection, currently in state closed
[0m18:45:49.520309 [debug] [MainThread]: SQL status: BEGIN in 0.505 seconds
[0m18:45:49.524305 [debug] [MainThread]: On master: COMMIT
[0m18:45:49.529305 [debug] [MainThread]: Using postgres connection "master"
[0m18:45:49.533305 [debug] [MainThread]: On master: COMMIT
[0m18:45:49.538348 [debug] [MainThread]: SQL status: COMMIT in 0.001 seconds
[0m18:45:49.544339 [debug] [MainThread]: On master: Close
[0m18:45:49.549916 [debug] [MainThread]: Connection 'master' was properly closed.
[0m18:45:49.555928 [debug] [MainThread]: Connection 'list_dbt_tutorial' was properly closed.
[0m18:45:49.559927 [debug] [MainThread]: Connection 'list_dbt_tutorial_analytics' was properly closed.
[0m18:45:49.565929 [debug] [MainThread]: Connection 'list_dbt_tutorial_analytics_staging' was properly closed.
[0m18:45:49.569921 [debug] [MainThread]: Connection 'model.dbt_pg_tutorial.dim_customers' was properly closed.
[0m18:45:49.575916 [debug] [MainThread]: Connection 'model.dbt_pg_tutorial.fct_orders' was properly closed.
[0m18:45:49.581921 [info ] [MainThread]: 
[0m18:45:49.589927 [info ] [MainThread]: Finished running 2 table models in 0 hours 0 minutes and 5.60 seconds (5.60s).
[0m18:45:49.602020 [debug] [MainThread]: Command end result
[0m18:45:49.865141 [debug] [MainThread]: Wrote artifact WritableManifest to C:\Users\kashv\dbt_workspace\dbt_pg_tutorial\target\manifest.json
[0m18:45:49.903242 [debug] [MainThread]: Wrote artifact SemanticManifest to C:\Users\kashv\dbt_workspace\dbt_pg_tutorial\target\semantic_manifest.json
[0m18:45:49.970561 [debug] [MainThread]: Wrote artifact RunExecutionResult to C:\Users\kashv\dbt_workspace\dbt_pg_tutorial\target\run_results.json
[0m18:45:49.974526 [info ] [MainThread]: 
[0m18:45:49.981542 [info ] [MainThread]: [32mCompleted successfully[0m
[0m18:45:49.989183 [info ] [MainThread]: 
[0m18:45:49.996963 [info ] [MainThread]: Done. PASS=2 WARN=0 ERROR=0 SKIP=0 TOTAL=2
[0m18:45:50.010510 [debug] [MainThread]: Command `dbt run` succeeded at 18:45:50.008517 after 15.03 seconds
[0m18:45:50.017509 [debug] [MainThread]: Sending event: {'category': 'dbt', 'action': 'invocation', 'label': 'end', 'context': [<snowplow_tracker.self_describing_json.SelfDescribingJson object at 0x0000016FA4D6FFB0>, <snowplow_tracker.self_describing_json.SelfDescribingJson object at 0x0000016FA40BDAF0>, <snowplow_tracker.self_describing_json.SelfDescribingJson object at 0x0000016FA43AEA50>]}
[0m18:45:50.024150 [debug] [MainThread]: Flushing usage events
[0m18:45:50.045195 [debug] [MainThread]: An error was encountered while trying to flush usage events
[0m18:48:11.158691 [debug] [MainThread]: Sending event: {'category': 'dbt', 'action': 'invocation', 'label': 'start', 'context': [<snowplow_tracker.self_describing_json.SelfDescribingJson object at 0x00000127F345A870>, <snowplow_tracker.self_describing_json.SelfDescribingJson object at 0x00000127F0F003B0>, <snowplow_tracker.self_describing_json.SelfDescribingJson object at 0x00000127F3B6B1D0>]}


============================== 18:48:11.188858 | d1493398-3400-4cc5-bf4b-446e6b382a11 ==============================
[0m18:48:11.188858 [info ] [MainThread]: Running with dbt=1.9.0
[0m18:48:11.204867 [debug] [MainThread]: running dbt with arguments {'printer_width': '80', 'indirect_selection': 'eager', 'write_json': 'True', 'log_cache_events': 'False', 'partial_parse': 'True', 'cache_selected_only': 'False', 'warn_error': 'None', 'fail_fast': 'False', 'version_check': 'True', 'log_path': 'C:\\Users\\kashv\\dbt_workspace\\dbt_pg_tutorial\\logs', 'debug': 'False', 'profiles_dir': 'C:\\Users\\kashv\\.dbt', 'use_colors': 'True', 'use_experimental_parser': 'False', 'empty': 'False', 'quiet': 'False', 'no_print': 'None', 'log_format': 'default', 'static_parser': 'True', 'warn_error_options': 'WarnErrorOptions(include=[], exclude=[])', 'introspect': 'True', 'target_path': 'None', 'invocation_command': 'dbt run -m intermediate', 'send_anonymous_usage_stats': 'True'}
[0m18:48:12.768694 [debug] [MainThread]: Sending event: {'category': 'dbt', 'action': 'project_id', 'label': 'd1493398-3400-4cc5-bf4b-446e6b382a11', 'context': [<snowplow_tracker.self_describing_json.SelfDescribingJson object at 0x00000127F3EAFFE0>]}
[0m18:48:13.223319 [debug] [MainThread]: Sending event: {'category': 'dbt', 'action': 'adapter_info', 'label': 'd1493398-3400-4cc5-bf4b-446e6b382a11', 'context': [<snowplow_tracker.self_describing_json.SelfDescribingJson object at 0x00000127F34849E0>]}
[0m18:48:13.235273 [info ] [MainThread]: Registered adapter: postgres=1.9.1
[0m18:48:15.996282 [debug] [MainThread]: checksum: c99e828bba267739642b5a3ce85f17518764ea526e0e6c4fdc649171c1a66bff, vars: {}, profile: , target: , version: 1.9.0
[0m18:48:16.684573 [info ] [MainThread]: Unable to do partial parsing because a project config has changed
[0m18:48:16.684573 [debug] [MainThread]: Sending event: {'category': 'dbt', 'action': 'partial_parser', 'label': 'd1493398-3400-4cc5-bf4b-446e6b382a11', 'context': [<snowplow_tracker.self_describing_json.SelfDescribingJson object at 0x00000127F5484EF0>]}
[0m18:48:25.930330 [debug] [MainThread]: Sending event: {'category': 'dbt', 'action': 'load_project', 'label': 'd1493398-3400-4cc5-bf4b-446e6b382a11', 'context': [<snowplow_tracker.self_describing_json.SelfDescribingJson object at 0x00000127F5642BA0>]}
[0m18:48:26.608400 [debug] [MainThread]: Wrote artifact WritableManifest to C:\Users\kashv\dbt_workspace\dbt_pg_tutorial\target\manifest.json
[0m18:48:26.734342 [debug] [MainThread]: Wrote artifact SemanticManifest to C:\Users\kashv\dbt_workspace\dbt_pg_tutorial\target\semantic_manifest.json
[0m18:48:27.041444 [debug] [MainThread]: Sending event: {'category': 'dbt', 'action': 'resource_counts', 'label': 'd1493398-3400-4cc5-bf4b-446e6b382a11', 'context': [<snowplow_tracker.self_describing_json.SelfDescribingJson object at 0x00000127F41004A0>]}
[0m18:48:27.046360 [info ] [MainThread]: Found 6 models, 2 data tests, 3 sources, 434 macros
[0m18:48:27.052362 [debug] [MainThread]: Sending event: {'category': 'dbt', 'action': 'runnable_timing', 'label': 'd1493398-3400-4cc5-bf4b-446e6b382a11', 'context': [<snowplow_tracker.self_describing_json.SelfDescribingJson object at 0x00000127F4011280>]}
[0m18:48:27.066969 [info ] [MainThread]: 
[0m18:48:27.075050 [info ] [MainThread]: Concurrency: 4 threads (target='dev')
[0m18:48:27.081962 [info ] [MainThread]: 
[0m18:48:27.090110 [debug] [MainThread]: Acquiring new postgres connection 'master'
[0m18:48:27.105984 [debug] [ThreadPool]: Acquiring new postgres connection 'list_dbt_tutorial'
[0m18:48:28.045488 [debug] [ThreadPool]: Using postgres connection "list_dbt_tutorial"
[0m18:48:28.050207 [debug] [ThreadPool]: On list_dbt_tutorial: /* {"app": "dbt", "dbt_version": "1.9.0", "profile_name": "dbt_pg_tutorial", "target_name": "dev", "connection_name": "list_dbt_tutorial"} */

    select distinct nspname from pg_namespace
  
[0m18:48:28.055555 [debug] [ThreadPool]: Opening a new connection, currently in state init
[0m18:48:28.786719 [debug] [ThreadPool]: SQL status: SELECT 9 in 0.733 seconds
[0m18:48:28.800024 [debug] [ThreadPool]: On list_dbt_tutorial: Close
[0m18:48:28.844341 [debug] [ThreadPool]: Acquiring new postgres connection 'list_dbt_tutorial_analytics_marts'
[0m18:48:28.850499 [debug] [ThreadPool]: Acquiring new postgres connection 'list_dbt_tutorial_analytics_staging'
[0m18:48:28.854130 [debug] [ThreadPool]: Acquiring new postgres connection 'list_dbt_tutorial_analytics_intermediate'
[0m18:48:28.915941 [debug] [ThreadPool]: Using postgres connection "list_dbt_tutorial_analytics_marts"
[0m18:48:28.917750 [debug] [ThreadPool]: Using postgres connection "list_dbt_tutorial_analytics_staging"
[0m18:48:28.933471 [debug] [ThreadPool]: Using postgres connection "list_dbt_tutorial_analytics_intermediate"
[0m18:48:28.953978 [debug] [ThreadPool]: On list_dbt_tutorial_analytics_marts: BEGIN
[0m18:48:28.960666 [debug] [ThreadPool]: On list_dbt_tutorial_analytics_staging: BEGIN
[0m18:48:28.965021 [debug] [ThreadPool]: On list_dbt_tutorial_analytics_intermediate: BEGIN
[0m18:48:28.965021 [debug] [ThreadPool]: Opening a new connection, currently in state init
[0m18:48:28.980728 [debug] [ThreadPool]: Opening a new connection, currently in state init
[0m18:48:28.980728 [debug] [ThreadPool]: Opening a new connection, currently in state init
[0m18:48:29.639526 [debug] [ThreadPool]: SQL status: BEGIN in 0.665 seconds
[0m18:48:29.645547 [debug] [ThreadPool]: Using postgres connection "list_dbt_tutorial_analytics_marts"
[0m18:48:29.652765 [debug] [ThreadPool]: On list_dbt_tutorial_analytics_marts: /* {"app": "dbt", "dbt_version": "1.9.0", "profile_name": "dbt_pg_tutorial", "target_name": "dev", "connection_name": "list_dbt_tutorial_analytics_marts"} */
select
      'dbt_tutorial' as database,
      tablename as name,
      schemaname as schema,
      'table' as type
    from pg_tables
    where schemaname ilike 'analytics_marts'
    union all
    select
      'dbt_tutorial' as database,
      viewname as name,
      schemaname as schema,
      'view' as type
    from pg_views
    where schemaname ilike 'analytics_marts'
    union all
    select
      'dbt_tutorial' as database,
      matviewname as name,
      schemaname as schema,
      'materialized_view' as type
    from pg_matviews
    where schemaname ilike 'analytics_marts'
  
[0m18:48:29.693669 [debug] [ThreadPool]: SQL status: SELECT 0 in 0.036 seconds
[0m18:48:29.705677 [debug] [ThreadPool]: On list_dbt_tutorial_analytics_marts: ROLLBACK
[0m18:48:29.712669 [debug] [ThreadPool]: On list_dbt_tutorial_analytics_marts: Close
[0m18:48:29.739163 [debug] [ThreadPool]: SQL status: BEGIN in 0.758 seconds
[0m18:48:29.745772 [debug] [ThreadPool]: Using postgres connection "list_dbt_tutorial_analytics_staging"
[0m18:48:29.753066 [debug] [ThreadPool]: On list_dbt_tutorial_analytics_staging: /* {"app": "dbt", "dbt_version": "1.9.0", "profile_name": "dbt_pg_tutorial", "target_name": "dev", "connection_name": "list_dbt_tutorial_analytics_staging"} */
select
      'dbt_tutorial' as database,
      tablename as name,
      schemaname as schema,
      'table' as type
    from pg_tables
    where schemaname ilike 'analytics_staging'
    union all
    select
      'dbt_tutorial' as database,
      viewname as name,
      schemaname as schema,
      'view' as type
    from pg_views
    where schemaname ilike 'analytics_staging'
    union all
    select
      'dbt_tutorial' as database,
      matviewname as name,
      schemaname as schema,
      'materialized_view' as type
    from pg_matviews
    where schemaname ilike 'analytics_staging'
  
[0m18:48:29.787868 [debug] [ThreadPool]: SQL status: SELECT 3 in 0.029 seconds
[0m18:48:29.798487 [debug] [ThreadPool]: On list_dbt_tutorial_analytics_staging: ROLLBACK
[0m18:48:29.805496 [debug] [ThreadPool]: On list_dbt_tutorial_analytics_staging: Close
[0m18:48:29.826525 [debug] [ThreadPool]: SQL status: BEGIN in 0.839 seconds
[0m18:48:29.834505 [debug] [ThreadPool]: Using postgres connection "list_dbt_tutorial_analytics_intermediate"
[0m18:48:29.840493 [debug] [ThreadPool]: On list_dbt_tutorial_analytics_intermediate: /* {"app": "dbt", "dbt_version": "1.9.0", "profile_name": "dbt_pg_tutorial", "target_name": "dev", "connection_name": "list_dbt_tutorial_analytics_intermediate"} */
select
      'dbt_tutorial' as database,
      tablename as name,
      schemaname as schema,
      'table' as type
    from pg_tables
    where schemaname ilike 'analytics_intermediate'
    union all
    select
      'dbt_tutorial' as database,
      viewname as name,
      schemaname as schema,
      'view' as type
    from pg_views
    where schemaname ilike 'analytics_intermediate'
    union all
    select
      'dbt_tutorial' as database,
      matviewname as name,
      schemaname as schema,
      'materialized_view' as type
    from pg_matviews
    where schemaname ilike 'analytics_intermediate'
  
[0m18:48:29.883350 [debug] [ThreadPool]: SQL status: SELECT 0 in 0.037 seconds
[0m18:48:29.894344 [debug] [ThreadPool]: On list_dbt_tutorial_analytics_intermediate: ROLLBACK
[0m18:48:29.900351 [debug] [ThreadPool]: On list_dbt_tutorial_analytics_intermediate: Close
[0m18:48:29.936549 [debug] [MainThread]: Using postgres connection "master"
[0m18:48:29.942548 [debug] [MainThread]: On master: BEGIN
[0m18:48:29.945555 [debug] [MainThread]: Opening a new connection, currently in state init
[0m18:48:30.475003 [debug] [MainThread]: SQL status: BEGIN in 0.529 seconds
[0m18:48:30.479999 [debug] [MainThread]: Using postgres connection "master"
[0m18:48:30.539832 [debug] [MainThread]: On master: /* {"app": "dbt", "dbt_version": "1.9.0", "profile_name": "dbt_pg_tutorial", "target_name": "dev", "connection_name": "master"} */
select distinct
        dependent_namespace.nspname as dependent_schema,
        dependent_class.relname as dependent_name,
        referenced_namespace.nspname as referenced_schema,
        referenced_class.relname as referenced_name

    -- Query for views: views are entries in pg_class with an entry in pg_rewrite, but we avoid
    -- a seq scan on pg_rewrite by leveraging the fact there is an "internal" row in pg_depend for
    -- the view...
    from pg_class as dependent_class
    join pg_namespace as dependent_namespace on dependent_namespace.oid = dependent_class.relnamespace
    join pg_depend as dependent_depend on dependent_depend.refobjid = dependent_class.oid
        and dependent_depend.classid = 'pg_rewrite'::regclass
        and dependent_depend.refclassid = 'pg_class'::regclass
        and dependent_depend.deptype = 'i'

    -- ... and via pg_depend (that has a row per column, hence the need for "distinct" above, and
    -- making sure to exclude the internal row to avoid a view appearing to depend on itself)...
    join pg_depend as joining_depend on joining_depend.objid = dependent_depend.objid
        and joining_depend.classid = 'pg_rewrite'::regclass
        and joining_depend.refclassid = 'pg_class'::regclass
        and joining_depend.refobjid != dependent_depend.refobjid

    -- ... we can find the tables they query from in pg_class, but excluding system tables. Note we
    -- don't need need to exclude _dependent_ system tables, because they only query from other
    -- system tables, and so are automatically excluded by excluding _referenced_ system tables
    join pg_class as referenced_class on referenced_class.oid = joining_depend.refobjid
    join pg_namespace as referenced_namespace on referenced_namespace.oid = referenced_class.relnamespace
        and referenced_namespace.nspname != 'information_schema'
        and referenced_namespace.nspname not like 'pg\_%'

    order by
        dependent_schema, dependent_name, referenced_schema, referenced_name;
[0m18:48:30.578800 [debug] [MainThread]: SQL status: SELECT 5 in 0.032 seconds
[0m18:48:30.594796 [debug] [MainThread]: Sending event: {'category': 'dbt', 'action': 'runnable_timing', 'label': 'd1493398-3400-4cc5-bf4b-446e6b382a11', 'context': [<snowplow_tracker.self_describing_json.SelfDescribingJson object at 0x00000127F561C530>]}
[0m18:48:30.599762 [debug] [MainThread]: On master: ROLLBACK
[0m18:48:30.605811 [debug] [MainThread]: Using postgres connection "master"
[0m18:48:30.610936 [debug] [MainThread]: On master: BEGIN
[0m18:48:30.617948 [debug] [MainThread]: SQL status: BEGIN in 0.003 seconds
[0m18:48:30.622848 [debug] [MainThread]: On master: COMMIT
[0m18:48:30.627618 [debug] [MainThread]: Using postgres connection "master"
[0m18:48:30.633814 [debug] [MainThread]: On master: COMMIT
[0m18:48:30.640708 [debug] [MainThread]: SQL status: COMMIT in 0.001 seconds
[0m18:48:30.645845 [debug] [MainThread]: On master: Close
[0m18:48:30.674711 [debug] [Thread-1 (]: Began running node model.dbt_pg_tutorial.int_order_payments
[0m18:48:30.684849 [info ] [Thread-1 (]: 1 of 1 START sql view model analytics_intermediate.int_order_payments .......... [RUN]
[0m18:48:30.695873 [debug] [Thread-1 (]: Acquiring new postgres connection 'model.dbt_pg_tutorial.int_order_payments'
[0m18:48:30.703216 [debug] [Thread-1 (]: Began compiling node model.dbt_pg_tutorial.int_order_payments
[0m18:48:30.767782 [debug] [Thread-1 (]: Writing injected SQL for node "model.dbt_pg_tutorial.int_order_payments"
[0m18:48:30.817069 [debug] [Thread-1 (]: Began executing node model.dbt_pg_tutorial.int_order_payments
[0m18:48:31.080650 [debug] [Thread-1 (]: Writing runtime sql for node "model.dbt_pg_tutorial.int_order_payments"
[0m18:48:31.126603 [debug] [Thread-1 (]: Using postgres connection "model.dbt_pg_tutorial.int_order_payments"
[0m18:48:31.132578 [debug] [Thread-1 (]: On model.dbt_pg_tutorial.int_order_payments: BEGIN
[0m18:48:31.137561 [debug] [Thread-1 (]: Opening a new connection, currently in state init
[0m18:48:31.703772 [debug] [Thread-1 (]: SQL status: BEGIN in 0.567 seconds
[0m18:48:31.708762 [debug] [Thread-1 (]: Using postgres connection "model.dbt_pg_tutorial.int_order_payments"
[0m18:48:31.713771 [debug] [Thread-1 (]: On model.dbt_pg_tutorial.int_order_payments: /* {"app": "dbt", "dbt_version": "1.9.0", "profile_name": "dbt_pg_tutorial", "target_name": "dev", "node_id": "model.dbt_pg_tutorial.int_order_payments"} */

  create view "dbt_tutorial"."analytics_intermediate"."int_order_payments__dbt_tmp"
    
    
  as (
    

with payments as (
    select
        order_id,
        sum(amount) as total_paid,
        count(*)    as payment_count
    from "dbt_tutorial"."analytics_staging"."stg_payments"
    group by 1
)

select
    o.order_id,
    o.customer_id,
    o.order_timestamp,
    o.status,
    o.total_amount,
    coalesce(p.total_paid, 0)   as total_paid,
    coalesce(p.payment_count, 0) as payment_count,
    (o.total_amount - coalesce(p.total_paid, 0)) as outstanding_amount
from "dbt_tutorial"."analytics_staging"."stg_orders" o
left join payments p on o.order_id = p.order_id
  );
[0m18:48:31.742910 [debug] [Thread-1 (]: SQL status: CREATE VIEW in 0.023 seconds
[0m18:48:31.789124 [debug] [Thread-1 (]: Using postgres connection "model.dbt_pg_tutorial.int_order_payments"
[0m18:48:31.794539 [debug] [Thread-1 (]: On model.dbt_pg_tutorial.int_order_payments: /* {"app": "dbt", "dbt_version": "1.9.0", "profile_name": "dbt_pg_tutorial", "target_name": "dev", "node_id": "model.dbt_pg_tutorial.int_order_payments"} */
alter table "dbt_tutorial"."analytics_intermediate"."int_order_payments__dbt_tmp" rename to "int_order_payments"
[0m18:48:31.803677 [debug] [Thread-1 (]: SQL status: ALTER TABLE in 0.003 seconds
[0m18:48:31.907086 [debug] [Thread-1 (]: On model.dbt_pg_tutorial.int_order_payments: COMMIT
[0m18:48:31.913092 [debug] [Thread-1 (]: Using postgres connection "model.dbt_pg_tutorial.int_order_payments"
[0m18:48:31.917984 [debug] [Thread-1 (]: On model.dbt_pg_tutorial.int_order_payments: COMMIT
[0m18:48:31.929146 [debug] [Thread-1 (]: SQL status: COMMIT in 0.007 seconds
[0m18:48:31.977023 [debug] [Thread-1 (]: Applying DROP to: "dbt_tutorial"."analytics_intermediate"."int_order_payments__dbt_backup"
[0m18:48:32.015457 [debug] [Thread-1 (]: Using postgres connection "model.dbt_pg_tutorial.int_order_payments"
[0m18:48:32.020459 [debug] [Thread-1 (]: On model.dbt_pg_tutorial.int_order_payments: /* {"app": "dbt", "dbt_version": "1.9.0", "profile_name": "dbt_pg_tutorial", "target_name": "dev", "node_id": "model.dbt_pg_tutorial.int_order_payments"} */
drop view if exists "dbt_tutorial"."analytics_intermediate"."int_order_payments__dbt_backup" cascade
[0m18:48:32.028789 [debug] [Thread-1 (]: SQL status: DROP VIEW in 0.002 seconds
[0m18:48:32.046827 [debug] [Thread-1 (]: On model.dbt_pg_tutorial.int_order_payments: Close
[0m18:48:32.067440 [debug] [Thread-1 (]: Sending event: {'category': 'dbt', 'action': 'run_model', 'label': 'd1493398-3400-4cc5-bf4b-446e6b382a11', 'context': [<snowplow_tracker.self_describing_json.SelfDescribingJson object at 0x00000127F10DF9B0>]}
[0m18:48:32.075619 [info ] [Thread-1 (]: 1 of 1 OK created sql view model analytics_intermediate.int_order_payments ..... [[32mCREATE VIEW[0m in 1.36s]
[0m18:48:32.085147 [debug] [Thread-1 (]: Finished running node model.dbt_pg_tutorial.int_order_payments
[0m18:48:32.101143 [debug] [MainThread]: Using postgres connection "master"
[0m18:48:32.106143 [debug] [MainThread]: On master: BEGIN
[0m18:48:32.112146 [debug] [MainThread]: Opening a new connection, currently in state closed
[0m18:48:32.601359 [debug] [MainThread]: SQL status: BEGIN in 0.490 seconds
[0m18:48:32.606352 [debug] [MainThread]: On master: COMMIT
[0m18:48:32.610275 [debug] [MainThread]: Using postgres connection "master"
[0m18:48:32.614376 [debug] [MainThread]: On master: COMMIT
[0m18:48:32.620382 [debug] [MainThread]: SQL status: COMMIT in 0.001 seconds
[0m18:48:32.625362 [debug] [MainThread]: On master: Close
[0m18:48:32.632266 [debug] [MainThread]: Connection 'master' was properly closed.
[0m18:48:32.636351 [debug] [MainThread]: Connection 'list_dbt_tutorial' was properly closed.
[0m18:48:32.641258 [debug] [MainThread]: Connection 'list_dbt_tutorial_analytics_marts' was properly closed.
[0m18:48:32.646270 [debug] [MainThread]: Connection 'list_dbt_tutorial_analytics_staging' was properly closed.
[0m18:48:32.651307 [debug] [MainThread]: Connection 'list_dbt_tutorial_analytics_intermediate' was properly closed.
[0m18:48:32.659418 [debug] [MainThread]: Connection 'model.dbt_pg_tutorial.int_order_payments' was properly closed.
[0m18:48:32.665317 [info ] [MainThread]: 
[0m18:48:32.672023 [info ] [MainThread]: Finished running 1 view model in 0 hours 0 minutes and 5.58 seconds (5.58s).
[0m18:48:32.680012 [debug] [MainThread]: Command end result
[0m18:48:32.928866 [debug] [MainThread]: Wrote artifact WritableManifest to C:\Users\kashv\dbt_workspace\dbt_pg_tutorial\target\manifest.json
[0m18:48:32.969493 [debug] [MainThread]: Wrote artifact SemanticManifest to C:\Users\kashv\dbt_workspace\dbt_pg_tutorial\target\semantic_manifest.json
[0m18:48:33.030113 [debug] [MainThread]: Wrote artifact RunExecutionResult to C:\Users\kashv\dbt_workspace\dbt_pg_tutorial\target\run_results.json
[0m18:48:33.035240 [info ] [MainThread]: 
[0m18:48:33.042113 [info ] [MainThread]: [32mCompleted successfully[0m
[0m18:48:33.047712 [info ] [MainThread]: 
[0m18:48:33.055783 [info ] [MainThread]: Done. PASS=1 WARN=0 ERROR=0 SKIP=0 TOTAL=1
[0m18:48:33.065921 [debug] [MainThread]: Command `dbt run` succeeded at 18:48:33.064922 after 23.09 seconds
[0m18:48:33.071392 [debug] [MainThread]: Sending event: {'category': 'dbt', 'action': 'invocation', 'label': 'end', 'context': [<snowplow_tracker.self_describing_json.SelfDescribingJson object at 0x00000127F345A870>, <snowplow_tracker.self_describing_json.SelfDescribingJson object at 0x00000127F3EE16D0>, <snowplow_tracker.self_describing_json.SelfDescribingJson object at 0x00000127F55D8C20>]}
[0m18:48:33.077464 [debug] [MainThread]: Flushing usage events
[0m18:48:33.097549 [debug] [MainThread]: An error was encountered while trying to flush usage events
[0m18:49:40.893565 [debug] [MainThread]: Sending event: {'category': 'dbt', 'action': 'invocation', 'label': 'start', 'context': [<snowplow_tracker.self_describing_json.SelfDescribingJson object at 0x0000017E10AF5A30>, <snowplow_tracker.self_describing_json.SelfDescribingJson object at 0x0000017E0E4E3CE0>, <snowplow_tracker.self_describing_json.SelfDescribingJson object at 0x0000017E1101D940>]}


============================== 18:49:40.931670 | 16e03b3c-1a10-4b75-9f76-1ecb54016384 ==============================
[0m18:49:40.931670 [info ] [MainThread]: Running with dbt=1.9.0
[0m18:49:40.939223 [debug] [MainThread]: running dbt with arguments {'printer_width': '80', 'indirect_selection': 'eager', 'write_json': 'True', 'log_cache_events': 'False', 'partial_parse': 'True', 'cache_selected_only': 'False', 'profiles_dir': 'C:\\Users\\kashv\\.dbt', 'fail_fast': 'False', 'debug': 'False', 'log_path': 'C:\\Users\\kashv\\dbt_workspace\\dbt_pg_tutorial\\logs', 'warn_error': 'None', 'version_check': 'True', 'use_colors': 'True', 'use_experimental_parser': 'False', 'no_print': 'None', 'quiet': 'False', 'empty': 'False', 'log_format': 'default', 'static_parser': 'True', 'introspect': 'True', 'invocation_command': 'dbt run -m marts', 'target_path': 'None', 'warn_error_options': 'WarnErrorOptions(include=[], exclude=[])', 'send_anonymous_usage_stats': 'True'}
[0m18:49:42.484240 [debug] [MainThread]: Sending event: {'category': 'dbt', 'action': 'project_id', 'label': '16e03b3c-1a10-4b75-9f76-1ecb54016384', 'context': [<snowplow_tracker.self_describing_json.SelfDescribingJson object at 0x0000017E115DB500>]}
[0m18:49:42.931375 [debug] [MainThread]: Sending event: {'category': 'dbt', 'action': 'adapter_info', 'label': '16e03b3c-1a10-4b75-9f76-1ecb54016384', 'context': [<snowplow_tracker.self_describing_json.SelfDescribingJson object at 0x0000017E110E67E0>]}
[0m18:49:42.942438 [info ] [MainThread]: Registered adapter: postgres=1.9.1
[0m18:49:45.701204 [debug] [MainThread]: checksum: c99e828bba267739642b5a3ce85f17518764ea526e0e6c4fdc649171c1a66bff, vars: {}, profile: , target: , version: 1.9.0
[0m18:49:47.242034 [debug] [MainThread]: Partial parsing enabled: 0 files deleted, 0 files added, 0 files changed.
[0m18:49:47.247180 [debug] [MainThread]: Partial parsing enabled, no changes found, skipping parsing
[0m18:49:47.548862 [debug] [MainThread]: Sending event: {'category': 'dbt', 'action': 'load_project', 'label': '16e03b3c-1a10-4b75-9f76-1ecb54016384', 'context': [<snowplow_tracker.self_describing_json.SelfDescribingJson object at 0x0000017E12A203B0>]}
[0m18:49:48.224013 [debug] [MainThread]: Wrote artifact WritableManifest to C:\Users\kashv\dbt_workspace\dbt_pg_tutorial\target\manifest.json
[0m18:49:48.356417 [debug] [MainThread]: Wrote artifact SemanticManifest to C:\Users\kashv\dbt_workspace\dbt_pg_tutorial\target\semantic_manifest.json
[0m18:49:48.671510 [debug] [MainThread]: Sending event: {'category': 'dbt', 'action': 'resource_counts', 'label': '16e03b3c-1a10-4b75-9f76-1ecb54016384', 'context': [<snowplow_tracker.self_describing_json.SelfDescribingJson object at 0x0000017E12A20EC0>]}
[0m18:49:48.676599 [info ] [MainThread]: Found 6 models, 2 data tests, 3 sources, 434 macros
[0m18:49:48.683595 [debug] [MainThread]: Sending event: {'category': 'dbt', 'action': 'runnable_timing', 'label': '16e03b3c-1a10-4b75-9f76-1ecb54016384', 'context': [<snowplow_tracker.self_describing_json.SelfDescribingJson object at 0x0000017E12C19520>]}
[0m18:49:48.698596 [info ] [MainThread]: 
[0m18:49:48.705605 [info ] [MainThread]: Concurrency: 4 threads (target='dev')
[0m18:49:48.715592 [info ] [MainThread]: 
[0m18:49:48.724595 [debug] [MainThread]: Acquiring new postgres connection 'master'
[0m18:49:48.764566 [debug] [ThreadPool]: Acquiring new postgres connection 'list_dbt_tutorial'
[0m18:49:49.712696 [debug] [ThreadPool]: Using postgres connection "list_dbt_tutorial"
[0m18:49:49.712696 [debug] [ThreadPool]: On list_dbt_tutorial: /* {"app": "dbt", "dbt_version": "1.9.0", "profile_name": "dbt_pg_tutorial", "target_name": "dev", "connection_name": "list_dbt_tutorial"} */

    select distinct nspname from pg_namespace
  
[0m18:49:49.727905 [debug] [ThreadPool]: Opening a new connection, currently in state init
[0m18:49:50.280790 [debug] [ThreadPool]: SQL status: SELECT 9 in 0.551 seconds
[0m18:49:50.291792 [debug] [ThreadPool]: On list_dbt_tutorial: Close
[0m18:49:50.307789 [debug] [ThreadPool]: Acquiring new postgres connection 'list_dbt_tutorial_analytics_intermediate'
[0m18:49:50.313801 [debug] [ThreadPool]: Acquiring new postgres connection 'list_dbt_tutorial_analytics_staging'
[0m18:49:50.329829 [debug] [ThreadPool]: Acquiring new postgres connection 'list_dbt_tutorial_analytics_marts'
[0m18:49:50.364748 [debug] [ThreadPool]: Using postgres connection "list_dbt_tutorial_analytics_intermediate"
[0m18:49:50.378803 [debug] [ThreadPool]: Using postgres connection "list_dbt_tutorial_analytics_staging"
[0m18:49:50.393213 [debug] [ThreadPool]: Using postgres connection "list_dbt_tutorial_analytics_marts"
[0m18:49:50.397212 [debug] [ThreadPool]: On list_dbt_tutorial_analytics_intermediate: BEGIN
[0m18:49:50.402217 [debug] [ThreadPool]: On list_dbt_tutorial_analytics_staging: BEGIN
[0m18:49:50.406133 [debug] [ThreadPool]: On list_dbt_tutorial_analytics_marts: BEGIN
[0m18:49:50.410281 [debug] [ThreadPool]: Opening a new connection, currently in state init
[0m18:49:50.414280 [debug] [ThreadPool]: Opening a new connection, currently in state init
[0m18:49:50.418283 [debug] [ThreadPool]: Opening a new connection, currently in state init
[0m18:49:50.921408 [debug] [ThreadPool]: SQL status: BEGIN in 0.511 seconds
[0m18:49:50.927277 [debug] [ThreadPool]: Using postgres connection "list_dbt_tutorial_analytics_intermediate"
[0m18:49:50.932222 [debug] [ThreadPool]: On list_dbt_tutorial_analytics_intermediate: /* {"app": "dbt", "dbt_version": "1.9.0", "profile_name": "dbt_pg_tutorial", "target_name": "dev", "connection_name": "list_dbt_tutorial_analytics_intermediate"} */
select
      'dbt_tutorial' as database,
      tablename as name,
      schemaname as schema,
      'table' as type
    from pg_tables
    where schemaname ilike 'analytics_intermediate'
    union all
    select
      'dbt_tutorial' as database,
      viewname as name,
      schemaname as schema,
      'view' as type
    from pg_views
    where schemaname ilike 'analytics_intermediate'
    union all
    select
      'dbt_tutorial' as database,
      matviewname as name,
      schemaname as schema,
      'materialized_view' as type
    from pg_matviews
    where schemaname ilike 'analytics_intermediate'
  
[0m18:49:50.963414 [debug] [ThreadPool]: SQL status: SELECT 1 in 0.027 seconds
[0m18:49:50.977337 [debug] [ThreadPool]: On list_dbt_tutorial_analytics_intermediate: ROLLBACK
[0m18:49:50.983289 [debug] [ThreadPool]: On list_dbt_tutorial_analytics_intermediate: Close
[0m18:49:51.000281 [debug] [ThreadPool]: SQL status: BEGIN in 0.585 seconds
[0m18:49:51.006419 [debug] [ThreadPool]: Using postgres connection "list_dbt_tutorial_analytics_staging"
[0m18:49:51.012420 [debug] [ThreadPool]: On list_dbt_tutorial_analytics_staging: /* {"app": "dbt", "dbt_version": "1.9.0", "profile_name": "dbt_pg_tutorial", "target_name": "dev", "connection_name": "list_dbt_tutorial_analytics_staging"} */
select
      'dbt_tutorial' as database,
      tablename as name,
      schemaname as schema,
      'table' as type
    from pg_tables
    where schemaname ilike 'analytics_staging'
    union all
    select
      'dbt_tutorial' as database,
      viewname as name,
      schemaname as schema,
      'view' as type
    from pg_views
    where schemaname ilike 'analytics_staging'
    union all
    select
      'dbt_tutorial' as database,
      matviewname as name,
      schemaname as schema,
      'materialized_view' as type
    from pg_matviews
    where schemaname ilike 'analytics_staging'
  
[0m18:49:51.054183 [debug] [ThreadPool]: SQL status: SELECT 3 in 0.034 seconds
[0m18:49:51.058232 [debug] [ThreadPool]: SQL status: BEGIN in 0.639 seconds
[0m18:49:51.068088 [debug] [ThreadPool]: On list_dbt_tutorial_analytics_staging: ROLLBACK
[0m18:49:51.073068 [debug] [ThreadPool]: Using postgres connection "list_dbt_tutorial_analytics_marts"
[0m18:49:51.079848 [debug] [ThreadPool]: On list_dbt_tutorial_analytics_staging: Close
[0m18:49:51.082909 [debug] [ThreadPool]: On list_dbt_tutorial_analytics_marts: /* {"app": "dbt", "dbt_version": "1.9.0", "profile_name": "dbt_pg_tutorial", "target_name": "dev", "connection_name": "list_dbt_tutorial_analytics_marts"} */
select
      'dbt_tutorial' as database,
      tablename as name,
      schemaname as schema,
      'table' as type
    from pg_tables
    where schemaname ilike 'analytics_marts'
    union all
    select
      'dbt_tutorial' as database,
      viewname as name,
      schemaname as schema,
      'view' as type
    from pg_views
    where schemaname ilike 'analytics_marts'
    union all
    select
      'dbt_tutorial' as database,
      matviewname as name,
      schemaname as schema,
      'materialized_view' as type
    from pg_matviews
    where schemaname ilike 'analytics_marts'
  
[0m18:49:51.122847 [debug] [ThreadPool]: SQL status: SELECT 0 in 0.030 seconds
[0m18:49:51.132850 [debug] [ThreadPool]: On list_dbt_tutorial_analytics_marts: ROLLBACK
[0m18:49:51.138853 [debug] [ThreadPool]: On list_dbt_tutorial_analytics_marts: Close
[0m18:49:51.172900 [debug] [MainThread]: Using postgres connection "master"
[0m18:49:51.178992 [debug] [MainThread]: On master: BEGIN
[0m18:49:51.182972 [debug] [MainThread]: Opening a new connection, currently in state init
[0m18:49:51.719011 [debug] [MainThread]: SQL status: BEGIN in 0.536 seconds
[0m18:49:51.723994 [debug] [MainThread]: Using postgres connection "master"
[0m18:49:51.729208 [debug] [MainThread]: On master: /* {"app": "dbt", "dbt_version": "1.9.0", "profile_name": "dbt_pg_tutorial", "target_name": "dev", "connection_name": "master"} */
select distinct
        dependent_namespace.nspname as dependent_schema,
        dependent_class.relname as dependent_name,
        referenced_namespace.nspname as referenced_schema,
        referenced_class.relname as referenced_name

    -- Query for views: views are entries in pg_class with an entry in pg_rewrite, but we avoid
    -- a seq scan on pg_rewrite by leveraging the fact there is an "internal" row in pg_depend for
    -- the view...
    from pg_class as dependent_class
    join pg_namespace as dependent_namespace on dependent_namespace.oid = dependent_class.relnamespace
    join pg_depend as dependent_depend on dependent_depend.refobjid = dependent_class.oid
        and dependent_depend.classid = 'pg_rewrite'::regclass
        and dependent_depend.refclassid = 'pg_class'::regclass
        and dependent_depend.deptype = 'i'

    -- ... and via pg_depend (that has a row per column, hence the need for "distinct" above, and
    -- making sure to exclude the internal row to avoid a view appearing to depend on itself)...
    join pg_depend as joining_depend on joining_depend.objid = dependent_depend.objid
        and joining_depend.classid = 'pg_rewrite'::regclass
        and joining_depend.refclassid = 'pg_class'::regclass
        and joining_depend.refobjid != dependent_depend.refobjid

    -- ... we can find the tables they query from in pg_class, but excluding system tables. Note we
    -- don't need need to exclude _dependent_ system tables, because they only query from other
    -- system tables, and so are automatically excluded by excluding _referenced_ system tables
    join pg_class as referenced_class on referenced_class.oid = joining_depend.refobjid
    join pg_namespace as referenced_namespace on referenced_namespace.oid = referenced_class.relnamespace
        and referenced_namespace.nspname != 'information_schema'
        and referenced_namespace.nspname not like 'pg\_%'

    order by
        dependent_schema, dependent_name, referenced_schema, referenced_name;
[0m18:49:51.763299 [debug] [MainThread]: SQL status: SELECT 7 in 0.029 seconds
[0m18:49:51.780402 [debug] [MainThread]: Sending event: {'category': 'dbt', 'action': 'runnable_timing', 'label': '16e03b3c-1a10-4b75-9f76-1ecb54016384', 'context': [<snowplow_tracker.self_describing_json.SelfDescribingJson object at 0x0000017E128DFAA0>]}
[0m18:49:51.785355 [debug] [MainThread]: On master: ROLLBACK
[0m18:49:51.791377 [debug] [MainThread]: Using postgres connection "master"
[0m18:49:51.795348 [debug] [MainThread]: On master: BEGIN
[0m18:49:51.803364 [debug] [MainThread]: SQL status: BEGIN in 0.003 seconds
[0m18:49:51.809353 [debug] [MainThread]: On master: COMMIT
[0m18:49:51.813353 [debug] [MainThread]: Using postgres connection "master"
[0m18:49:51.817350 [debug] [MainThread]: On master: COMMIT
[0m18:49:51.822358 [debug] [MainThread]: SQL status: COMMIT in 0.001 seconds
[0m18:49:51.827511 [debug] [MainThread]: On master: Close
[0m18:49:51.851123 [debug] [Thread-1 (]: Began running node model.dbt_pg_tutorial.dim_customers
[0m18:49:51.855113 [debug] [Thread-2 (]: Began running node model.dbt_pg_tutorial.fct_orders
[0m18:49:51.860158 [info ] [Thread-1 (]: 1 of 2 START sql table model analytics_marts.dim_customers ..................... [RUN]
[0m18:49:51.867297 [info ] [Thread-2 (]: 2 of 2 START sql table model analytics_marts.fct_orders ........................ [RUN]
[0m18:49:51.875298 [debug] [Thread-1 (]: Acquiring new postgres connection 'model.dbt_pg_tutorial.dim_customers'
[0m18:49:51.881932 [debug] [Thread-2 (]: Acquiring new postgres connection 'model.dbt_pg_tutorial.fct_orders'
[0m18:49:51.887933 [debug] [Thread-1 (]: Began compiling node model.dbt_pg_tutorial.dim_customers
[0m18:49:51.893388 [debug] [Thread-2 (]: Began compiling node model.dbt_pg_tutorial.fct_orders
[0m18:49:51.949527 [debug] [Thread-1 (]: Writing injected SQL for node "model.dbt_pg_tutorial.dim_customers"
[0m18:49:51.969776 [debug] [Thread-2 (]: Writing injected SQL for node "model.dbt_pg_tutorial.fct_orders"
[0m18:49:52.039533 [debug] [Thread-1 (]: Began executing node model.dbt_pg_tutorial.dim_customers
[0m18:49:52.043554 [debug] [Thread-2 (]: Began executing node model.dbt_pg_tutorial.fct_orders
[0m18:49:52.530335 [debug] [Thread-1 (]: Writing runtime sql for node "model.dbt_pg_tutorial.dim_customers"
[0m18:49:52.534258 [debug] [Thread-2 (]: Writing runtime sql for node "model.dbt_pg_tutorial.fct_orders"
[0m18:49:52.600862 [debug] [Thread-1 (]: Using postgres connection "model.dbt_pg_tutorial.dim_customers"
[0m18:49:52.603932 [debug] [Thread-2 (]: Using postgres connection "model.dbt_pg_tutorial.fct_orders"
[0m18:49:52.608920 [debug] [Thread-1 (]: On model.dbt_pg_tutorial.dim_customers: BEGIN
[0m18:49:52.613661 [debug] [Thread-2 (]: On model.dbt_pg_tutorial.fct_orders: BEGIN
[0m18:49:52.617524 [debug] [Thread-1 (]: Opening a new connection, currently in state init
[0m18:49:52.622473 [debug] [Thread-2 (]: Opening a new connection, currently in state init
[0m18:49:53.097351 [debug] [Thread-1 (]: SQL status: BEGIN in 0.479 seconds
[0m18:49:53.103488 [debug] [Thread-1 (]: Using postgres connection "model.dbt_pg_tutorial.dim_customers"
[0m18:49:53.107441 [debug] [Thread-1 (]: On model.dbt_pg_tutorial.dim_customers: /* {"app": "dbt", "dbt_version": "1.9.0", "profile_name": "dbt_pg_tutorial", "target_name": "dev", "node_id": "model.dbt_pg_tutorial.dim_customers"} */

  
    

  create  table "dbt_tutorial"."analytics_marts"."dim_customers__dbt_tmp"
  
  
    as
  
  (
    

select
    c.customer_id,
    initcap(c.first_name) as first_name,
    initcap(c.last_name)  as last_name,
    c.email,
    c.created_at
from "dbt_tutorial"."analytics_staging"."stg_customers" c
  );
  
[0m18:49:53.137490 [debug] [Thread-2 (]: SQL status: BEGIN in 0.515 seconds
[0m18:49:53.142438 [debug] [Thread-2 (]: Using postgres connection "model.dbt_pg_tutorial.fct_orders"
[0m18:49:53.146811 [debug] [Thread-2 (]: On model.dbt_pg_tutorial.fct_orders: /* {"app": "dbt", "dbt_version": "1.9.0", "profile_name": "dbt_pg_tutorial", "target_name": "dev", "node_id": "model.dbt_pg_tutorial.fct_orders"} */

  
    

  create  table "dbt_tutorial"."analytics_marts"."fct_orders__dbt_tmp"
  
  
    as
  
  (
    

select
    i.order_id,
    i.customer_id,
    i.order_timestamp,
    i.status,
    i.total_amount,
    i.total_paid,
    i.payment_count,
    i.outstanding_amount,
    case
        when i.outstanding_amount = 0 and i.total_amount > 0 then true
        else false
    end as is_fully_paid
from "dbt_tutorial"."analytics_intermediate"."int_order_payments" i
  );
  
[0m18:49:53.149964 [debug] [Thread-1 (]: SQL status: SELECT 5 in 0.038 seconds
[0m18:49:53.222621 [debug] [Thread-2 (]: SQL status: SELECT 5 in 0.068 seconds
[0m18:49:53.226680 [debug] [Thread-1 (]: Using postgres connection "model.dbt_pg_tutorial.dim_customers"
[0m18:49:53.248678 [debug] [Thread-2 (]: Using postgres connection "model.dbt_pg_tutorial.fct_orders"
[0m18:49:53.253628 [debug] [Thread-1 (]: On model.dbt_pg_tutorial.dim_customers: /* {"app": "dbt", "dbt_version": "1.9.0", "profile_name": "dbt_pg_tutorial", "target_name": "dev", "node_id": "model.dbt_pg_tutorial.dim_customers"} */
alter table "dbt_tutorial"."analytics_marts"."dim_customers__dbt_tmp" rename to "dim_customers"
[0m18:49:53.258680 [debug] [Thread-2 (]: On model.dbt_pg_tutorial.fct_orders: /* {"app": "dbt", "dbt_version": "1.9.0", "profile_name": "dbt_pg_tutorial", "target_name": "dev", "node_id": "model.dbt_pg_tutorial.fct_orders"} */
alter table "dbt_tutorial"."analytics_marts"."fct_orders__dbt_tmp" rename to "fct_orders"
[0m18:49:53.267691 [debug] [Thread-1 (]: SQL status: ALTER TABLE in 0.004 seconds
[0m18:49:53.270951 [debug] [Thread-2 (]: SQL status: ALTER TABLE in 0.005 seconds
[0m18:49:53.417782 [debug] [Thread-2 (]: On model.dbt_pg_tutorial.fct_orders: COMMIT
[0m18:49:53.419782 [debug] [Thread-1 (]: On model.dbt_pg_tutorial.dim_customers: COMMIT
[0m18:49:53.425143 [debug] [Thread-2 (]: Using postgres connection "model.dbt_pg_tutorial.fct_orders"
[0m18:49:53.429674 [debug] [Thread-1 (]: Using postgres connection "model.dbt_pg_tutorial.dim_customers"
[0m18:49:53.434667 [debug] [Thread-2 (]: On model.dbt_pg_tutorial.fct_orders: COMMIT
[0m18:49:53.439611 [debug] [Thread-1 (]: On model.dbt_pg_tutorial.dim_customers: COMMIT
[0m18:49:53.448619 [debug] [Thread-2 (]: SQL status: COMMIT in 0.004 seconds
[0m18:49:53.452607 [debug] [Thread-1 (]: SQL status: COMMIT in 0.004 seconds
[0m18:49:53.498013 [debug] [Thread-2 (]: Applying DROP to: "dbt_tutorial"."analytics_marts"."fct_orders__dbt_backup"
[0m18:49:53.514726 [debug] [Thread-1 (]: Applying DROP to: "dbt_tutorial"."analytics_marts"."dim_customers__dbt_backup"
[0m18:49:53.555513 [debug] [Thread-2 (]: Using postgres connection "model.dbt_pg_tutorial.fct_orders"
[0m18:49:53.561516 [debug] [Thread-1 (]: Using postgres connection "model.dbt_pg_tutorial.dim_customers"
[0m18:49:53.567547 [debug] [Thread-2 (]: On model.dbt_pg_tutorial.fct_orders: /* {"app": "dbt", "dbt_version": "1.9.0", "profile_name": "dbt_pg_tutorial", "target_name": "dev", "node_id": "model.dbt_pg_tutorial.fct_orders"} */
drop table if exists "dbt_tutorial"."analytics_marts"."fct_orders__dbt_backup" cascade
[0m18:49:53.572864 [debug] [Thread-1 (]: On model.dbt_pg_tutorial.dim_customers: /* {"app": "dbt", "dbt_version": "1.9.0", "profile_name": "dbt_pg_tutorial", "target_name": "dev", "node_id": "model.dbt_pg_tutorial.dim_customers"} */
drop table if exists "dbt_tutorial"."analytics_marts"."dim_customers__dbt_backup" cascade
[0m18:49:53.580786 [debug] [Thread-2 (]: SQL status: DROP TABLE in 0.002 seconds
[0m18:49:53.586424 [debug] [Thread-1 (]: SQL status: DROP TABLE in 0.002 seconds
[0m18:49:53.603605 [debug] [Thread-2 (]: On model.dbt_pg_tutorial.fct_orders: Close
[0m18:49:53.616122 [debug] [Thread-1 (]: On model.dbt_pg_tutorial.dim_customers: Close
[0m18:49:53.638090 [debug] [Thread-2 (]: Sending event: {'category': 'dbt', 'action': 'run_model', 'label': '16e03b3c-1a10-4b75-9f76-1ecb54016384', 'context': [<snowplow_tracker.self_describing_json.SelfDescribingJson object at 0x0000017E0E6F3320>]}
[0m18:49:53.642081 [debug] [Thread-1 (]: Sending event: {'category': 'dbt', 'action': 'run_model', 'label': '16e03b3c-1a10-4b75-9f76-1ecb54016384', 'context': [<snowplow_tracker.self_describing_json.SelfDescribingJson object at 0x0000017E12827170>]}
[0m18:49:53.650710 [info ] [Thread-2 (]: 2 of 2 OK created sql table model analytics_marts.fct_orders ................... [[32mSELECT 5[0m in 1.74s]
[0m18:49:53.661110 [info ] [Thread-1 (]: 1 of 2 OK created sql table model analytics_marts.dim_customers ................ [[32mSELECT 5[0m in 1.76s]
[0m18:49:53.670102 [debug] [Thread-2 (]: Finished running node model.dbt_pg_tutorial.fct_orders
[0m18:49:53.679234 [debug] [Thread-1 (]: Finished running node model.dbt_pg_tutorial.dim_customers
[0m18:49:53.696079 [debug] [MainThread]: Using postgres connection "master"
[0m18:49:53.701084 [debug] [MainThread]: On master: BEGIN
[0m18:49:53.705725 [debug] [MainThread]: Opening a new connection, currently in state closed
[0m18:49:54.173752 [debug] [MainThread]: SQL status: BEGIN in 0.468 seconds
[0m18:49:54.178806 [debug] [MainThread]: On master: COMMIT
[0m18:49:54.183764 [debug] [MainThread]: Using postgres connection "master"
[0m18:49:54.187664 [debug] [MainThread]: On master: COMMIT
[0m18:49:54.193535 [debug] [MainThread]: SQL status: COMMIT in 0.001 seconds
[0m18:49:54.198462 [debug] [MainThread]: On master: Close
[0m18:49:54.203887 [debug] [MainThread]: Connection 'master' was properly closed.
[0m18:49:54.207976 [debug] [MainThread]: Connection 'list_dbt_tutorial' was properly closed.
[0m18:49:54.212004 [debug] [MainThread]: Connection 'list_dbt_tutorial_analytics_intermediate' was properly closed.
[0m18:49:54.215890 [debug] [MainThread]: Connection 'list_dbt_tutorial_analytics_staging' was properly closed.
[0m18:49:54.220892 [debug] [MainThread]: Connection 'list_dbt_tutorial_analytics_marts' was properly closed.
[0m18:49:54.224983 [debug] [MainThread]: Connection 'model.dbt_pg_tutorial.dim_customers' was properly closed.
[0m18:49:54.228990 [debug] [MainThread]: Connection 'model.dbt_pg_tutorial.fct_orders' was properly closed.
[0m18:49:54.232979 [info ] [MainThread]: 
[0m18:49:54.239971 [info ] [MainThread]: Finished running 2 table models in 0 hours 0 minutes and 5.51 seconds (5.51s).
[0m18:49:54.250028 [debug] [MainThread]: Command end result
[0m18:49:54.536351 [debug] [MainThread]: Wrote artifact WritableManifest to C:\Users\kashv\dbt_workspace\dbt_pg_tutorial\target\manifest.json
[0m18:49:54.593179 [debug] [MainThread]: Wrote artifact SemanticManifest to C:\Users\kashv\dbt_workspace\dbt_pg_tutorial\target\semantic_manifest.json
[0m18:49:54.671527 [debug] [MainThread]: Wrote artifact RunExecutionResult to C:\Users\kashv\dbt_workspace\dbt_pg_tutorial\target\run_results.json
[0m18:49:54.677690 [info ] [MainThread]: 
[0m18:49:54.686760 [info ] [MainThread]: [32mCompleted successfully[0m
[0m18:49:54.695354 [info ] [MainThread]: 
[0m18:49:54.703963 [info ] [MainThread]: Done. PASS=2 WARN=0 ERROR=0 SKIP=0 TOTAL=2
[0m18:49:54.715966 [debug] [MainThread]: Command `dbt run` succeeded at 18:49:54.715966 after 14.92 seconds
[0m18:49:54.722982 [debug] [MainThread]: Sending event: {'category': 'dbt', 'action': 'invocation', 'label': 'end', 'context': [<snowplow_tracker.self_describing_json.SelfDescribingJson object at 0x0000017E115BF140>, <snowplow_tracker.self_describing_json.SelfDescribingJson object at 0x0000017E10E8D550>, <snowplow_tracker.self_describing_json.SelfDescribingJson object at 0x0000017E114BFC50>]}
[0m18:49:54.730050 [debug] [MainThread]: Flushing usage events
[0m18:49:54.751110 [debug] [MainThread]: An error was encountered while trying to flush usage events
